type,country_code,series_code,description,country_name,series_name
Country-Series,AFG,BX.KLT.DINV.CD.DT,Data on Foreign Direct Investment are based on Balance of Payments reported by the International Monetary Fund. Unless otherwise specified in the specific years.,Afghanistan,"Foreign direct investment, net inflows in reporting economy (DRS, current US$)"
Country-Series,AFG,SP.POP.TOTL,Data source: United Nations World Population Prospects,Afghanistan,"Population, total"
Country-Series,AFG,DT.DOD.DECT.CD,"Long-term public and publicly guaranteed, long-term private nonguaranteed and short-term debt data for 2024 are World Bank staff estimates. Short-term debt before 2015 is based on data from the BIS. Data include the effects of Paris Club debt restructuring agreements signed in 2010 and HIPC and MDRI debt relief. DSSI eligible and participating in 2020 and 2021.",Afghanistan,"External debt stocks, total (DOD, current US$)"
Country-Series,AGO,DT.DOD.DECT.CD,"Long-term public and publicly guaranteed debt data for 2024 are based on reports provided by the country. Short-term debt and long-term private nonguaranteed debt data for 2024 are sourced from the National Bank of Angola. DSSI eligible and participating in 2020, 2021 and 2022.",Angola,"External debt stocks, total (DOD, current US$)"
Country-Series,AGO,SP.POP.TOTL,Data source: United Nations World Population Prospects,Angola,"Population, total"
Country-Series,AGO,BX.KLT.DINV.CD.DT,Data on Foreign Direct Investment are based on Balance of Payments reported by the International Monetary Fund. Unless otherwise specified in the specific years.,Angola,"Foreign direct investment, net inflows in reporting economy (DRS, current US$)"
Country-Series,ALB,BX.KLT.DINV.CD.DT,Data on Foreign Direct Investment are based on Balance of Payments reported by the International Monetary Fund. Unless otherwise specified in the specific years.,Albania,"Foreign direct investment, net inflows in reporting economy (DRS, current US$)"
Country-Series,ALB,SP.POP.TOTL,"Data source: Institute of Statistics, Eurostat",Albania,"Population, total"
Country-Series,ALB,DT.DOD.DECT.CD,Long-term public and publicly guaranteed and long-term private nonguaranteed debt data for 2024 are based on reports provided by the country. Short-term debt data for 2024 are sourced by the Quarterly External Debt Statistics database (http://datatopics.worldbank.org/debt/qeds).,Albania,"External debt stocks, total (DOD, current US$)"
Country-Series,ARG,DT.DOD.DECT.CD,Long-term public and publicly guaranteed and long-term private nonguaranteed debt data for 2024 are based on reports provided by the country. Long-term private nonguaranteed debt data before 2008 are World Bank staff estimates. Short-term debt data for 2023 are sourced by the Quarterly External Debt Statistics database (http://datatopics.worldbank.org/debt/qeds). Data include the effects of Paris Club debt restructuring agreement.,Argentina,"External debt stocks, total (DOD, current US$)"
Country-Series,ARG,SP.POP.TOTL,"Data source: National Institute of Statistics and Censuses, United Nations World Population Prospects",Argentina,"Population, total"
Country-Series,ARG,DT.DOD.DPNG.CD,Provincial debt for long-term private nonguaranteed debt data are World Bank staff estimates.,Argentina,"External debt stocks, private nonguaranteed (PNG) (DOD, current US$)"
Country-Series,ARG,BX.KLT.DINV.CD.DT,Data on Foreign Direct Investment are based on Balance of Payments reported by the International Monetary Fund. Unless otherwise specified in the specific years.,Argentina,"Foreign direct investment, net inflows in reporting economy (DRS, current US$)"
Country-Series,ARM,BX.KLT.DINV.CD.DT,Data on Foreign Direct Investment are based on Balance of Payments reported by the International Monetary Fund. Unless otherwise specified in the specific years.,Armenia,"Foreign direct investment, net inflows in reporting economy (DRS, current US$)"
Country-Series,ARM,DT.DOD.DECT.CD,Long-term public and publicly guaranteed and long-term private nonguaranteed debt data for 2024 are based on reports provided by the country. Short-term debt data for 2024 are sourced from the Central Bank of Armenia.,Armenia,"External debt stocks, total (DOD, current US$)"
Country-Series,ARM,SP.POP.TOTL,Data source: United Nations World Population Prospects,Armenia,"Population, total"
Country-Series,AZE,BX.KLT.DINV.CD.DT,Data on Foreign Direct Investment are based on Balance of Payments reported by the International Monetary Fund. Unless otherwise specified in the specific years.,Azerbaijan,"Foreign direct investment, net inflows in reporting economy (DRS, current US$)"
Country-Series,AZE,SP.POP.TOTL,"Data source: Eurostat, State Statistical Committee.",Azerbaijan,"Population, total"
Country-Series,AZE,DT.DOD.DECT.CD,Long-term public and publicly guaranteed debt data for 2024 are based on reports provided by the country. Long-term private nonguaranteed debt data are World Bank staff estimates based on the market data and country report. Short-term debt for 2024 is based on data from the BIS.,Azerbaijan,"External debt stocks, total (DOD, current US$)"
Country-Series,BDI,DT.DOD.DECT.CD,Long-term public and publicly guaranteed debt data for 2024 are based on reports provided by the country. Long-term private nonguaranteed debt data are not available. Data include the effects of Paris Club debt restructuring agreement and HIPC and MDRI debt relief. DSSI eligible and participating in 2020 and 2021.,Burundi,"External debt stocks, total (DOD, current US$)"
Country-Series,BDI,BX.KLT.DINV.CD.DT,Data on Foreign Direct Investment are based on Balance of Payments reported by the International Monetary Fund. Unless otherwise specified in the specific years.,Burundi,"Foreign direct investment, net inflows in reporting economy (DRS, current US$)"
Country-Series,BDI,SP.POP.TOTL,Data source: United Nations World Population Prospects,Burundi,"Population, total"
Country-Series,BEN,SP.POP.TOTL,Data source: United Nations World Population Prospects,Benin,"Population, total"
Country-Series,BEN,BX.KLT.DINV.CD.DT,Data on Foreign Direct Investment are based on Balance of Payments reported by the International Monetary Fund. Unless otherwise specified in the specific years.,Benin,"Foreign direct investment, net inflows in reporting economy (DRS, current US$)"
Country-Series,BEN,DT.DOD.DECT.CD,Long-term public and publicly guaranteed debt data for 2024 are based on reports provided by the country. Long-term private nonguaranteed debt data for 2024 are based on Central Bank IIP data. Short-term debt for 2024 is World Bank staff estimates using BIS data. Data include the effects of Paris Club debt restructuring agreement and HIPC and MDRI debt relief. DSSI eligible and not participating in 2020 and 2021.,Benin,"External debt stocks, total (DOD, current US$)"
Country-Series,BFA,DT.DOD.DECT.CD,Long-term public and publicly guaranteed debt data for 2024 are based on reports provided by the country. Long-term private nonguaranteed debt data for 2024 are World Bank staff estimates based on reports provided by the country. Short-term debt data for 2024 are sourced by the Quarterly External Debt Statistics database (http://datatopics.worldbank.org/debt/qeds). Data include HIPC and MDRI debt relief. DSSI eligible and participating in 2020 and 2021.,Burkina Faso,"External debt stocks, total (DOD, current US$)"
Country-Series,BFA,BX.KLT.DINV.CD.DT,Data on Foreign Direct Investment are based on Balance of Payments reported by the International Monetary Fund. Unless otherwise specified in the specific years.,Burkina Faso,"Foreign direct investment, net inflows in reporting economy (DRS, current US$)"
Country-Series,BFA,SP.POP.TOTL,Data source: United Nations World Population Prospects,Burkina Faso,"Population, total"
Country-Series,BGD,SP.POP.TOTL,Data source: United Nations World Population Prospects,Bangladesh,"Population, total"
Country-Series,BGD,BX.KLT.DINV.CD.DT,Data on Foreign Direct Investment are based on Balance of Payments reported by the International Monetary Fund. Unless otherwise specified in the specific years.,Bangladesh,"Foreign direct investment, net inflows in reporting economy (DRS, current US$)"
Country-Series,BGD,DT.DOD.DECT.CD,Long-term public and publicly guaranteed debt data and long-term private nonguaranteed debt for 2024 are based on reports provided by the country. Short-term debt data for 2024 are sourced by the Quarterly External Debt Statistics database (http://datatopics.worldbank.org/debt/qeds). DSSI eligible and not participating in 2020 and 2021.,Bangladesh,"External debt stocks, total (DOD, current US$)"
Country-Series,BIH,DT.DOD.DPPG.CD,Prior to 1999 data on long-term public and publicly guaranteed debt include only IBRD and IMF loans.,Bosnia and Herzegovina,"External debt stocks, public and publicly guaranteed (PPG) (DOD, current US$)"
Country-Series,BIH,BX.KLT.DINV.CD.DT,Data on Foreign Direct Investment are based on Balance of Payments reported by the International Monetary Fund. Unless otherwise specified in the specific years.,Bosnia and Herzegovina,"Foreign direct investment, net inflows in reporting economy (DRS, current US$)"
Country-Series,BIH,SP.POP.TOTL,Data source: United Nations World Population Prospects,Bosnia and Herzegovina,"Population, total"
Country-Series,BIH,DT.DOD.DECT.CD,"Long-term public and publicly guaranteed data for 2024 are based on reports provided by the country. Long-term private nonguaranteed debt data for 20182024 are World Bank staff estimates based on reports provided by the country; for 20052017, they are World Bank staff estimates. With the release of 2021 data, PNG data for the period 2018-2020 are revised based on reports provided by the country. Short-term debt figures are based on BIS data prior to 2018 and on the Quarterly External Debt Statistics database (http://datatopics.worldbank.org/debt/qeds) thereafter.",Bosnia and Herzegovina,"External debt stocks, total (DOD, current US$)"
Country-Series,BLR,SP.POP.TOTL,"Data source: National Statistical Committee of the Republic of Belarus, Eurostat",Belarus,"Population, total"
Country-Series,BLR,BX.KLT.DINV.CD.DT,Data on Foreign Direct Investment are based on Balance of Payments reported by the International Monetary Fund. Unless otherwise specified in the specific years.,Belarus,"Foreign direct investment, net inflows in reporting economy (DRS, current US$)"
Country-Series,BLR,DT.DOD.DECT.CD,Long-term public and publicly guaranteed debt data for 2024 are World Bank staff estimates based on the original terms of the loans. Long-term private nonguaranteed and short-term debt data for 2024 are sourced by the Quarterly External Debt Statistics database (http://datatopics.worldbank.org/debt/qeds).,Belarus,"External debt stocks, total (DOD, current US$)"
Country-Series,BLZ,DT.DOD.DECT.CD,Long-term public and publicly guaranteed for 2024 are based on reports provided by the country. Long-term private nonguaranteed debt data for 2024 are based on data from the Central Bank. Short-term debt data are not available.,Belize,"External debt stocks, total (DOD, current US$)"
Country-Series,BLZ,BX.KLT.DINV.CD.DT,Data on Foreign Direct Investment are based on Balance of Payments reported by the International Monetary Fund. Unless otherwise specified in the specific years.,Belize,"Foreign direct investment, net inflows in reporting economy (DRS, current US$)"
Country-Series,BLZ,SP.POP.TOTL,Data source: United Nations World Population Prospects,Belize,"Population, total"
Country-Series,BOL,SP.POP.TOTL,Data source: United Nations World Population Prospects,Bolivia,"Population, total"
Country-Series,BOL,BX.KLT.DINV.CD.DT,Data on Foreign Direct Investment are based on Balance of Payments reported by the International Monetary Fund. Unless otherwise specified in the specific years.,Bolivia,"Foreign direct investment, net inflows in reporting economy (DRS, current US$)"
Country-Series,BOL,DT.DOD.DECT.CD,Long-term public and publicly guaranteed debt data for 2024 are based on reports provided by the country. Long-term private nonguaranteed debt and short-term debt data for 2024 are sourced by the Quarterly External Debt Statistics database (http://datatopics.worldbank.org/debt/qeds). Data include the effects of HIPC and MDRI debt relief.,Bolivia,"External debt stocks, total (DOD, current US$)"
Country-Series,BRA,DT.DOD.DECT.CD,"Long-term public and publicly guaranteed, long-term private nonguaranteed and short-term debt data for 2024 are based on reports provided by the country.",Brazil,"External debt stocks, total (DOD, current US$)"
Country-Series,BRA,BX.KLT.DINV.CD.DT,Data on Foreign Direct Investment are based on Balance of Payments reported by the International Monetary Fund. Unless otherwise specified in the specific years.,Brazil,"Foreign direct investment, net inflows in reporting economy (DRS, current US$)"
Country-Series,BRA,SP.POP.TOTL,Data source: United Nations World Population Prospects,Brazil,"Population, total"
Country-Series,BTN,SP.POP.TOTL,Data source: United Nations World Population Prospects,Bhutan,"Population, total"
Country-Series,BTN,BX.KLT.DINV.CD.DT,Data on Foreign Direct Investment are based on Balance of Payments reported by the International Monetary Fund. Unless otherwise specified in the specific years.,Bhutan,"Foreign direct investment, net inflows in reporting economy (DRS, current US$)"
Country-Series,BTN,DT.DOD.DECT.CD,Long-term public and publicly guaranteed debt data for 2024 are based on reports provided by the country. Long-term private nonguaranteed debt data for 2024 are World Bank staff estimates. Short-term debt data for 2024 are based on data from the BIS. DSSI eligible and not participating in 2020 or 2021.,Bhutan,"External debt stocks, total (DOD, current US$)"
Country-Series,BWA,DT.DOD.DECT.CD,Long-term public and publicly guaranteed debt data for 2024 are based on reports provided by the country. Long-term private nonguaranteed debt data for 2024 are World Bank staff estimates based on the market data. Short-term debt for 2024 is based on data from the BIS.,Botswana,"External debt stocks, total (DOD, current US$)"
Country-Series,BWA,BX.KLT.DINV.CD.DT,Data on Foreign Direct Investment are based on Balance of Payments reported by the International Monetary Fund. Unless otherwise specified in the specific years.,Botswana,"Foreign direct investment, net inflows in reporting economy (DRS, current US$)"
Country-Series,BWA,SP.POP.TOTL,Data source: United Nations World Population Prospects,Botswana,"Population, total"
Country-Series,CAF,SP.POP.TOTL,Data source: United Nations World Population Prospects,Central African Republic,"Population, total"
Country-Series,CAF,BX.KLT.DINV.CD.DT,Data on Foreign Direct Investment are based on Balance of Payments reported by the International Monetary Fund. Unless otherwise specified in the specific years.,Central African Republic,"Foreign direct investment, net inflows in reporting economy (DRS, current US$)"
Country-Series,CAF,DT.DOD.DECT.CD,"Long-term public and publicly guaranteed debt data for 2024 are based on reports provided by the country. Long-term private nonguaranteed debt data are not available. Short-term debt for 2024 is based on data from the BIS. Data include the effects of HIPC and MDRI debt relief. DSSI eligible and did not participate in 2020, but participating in 2021.",Central African Republic,"External debt stocks, total (DOD, current US$)"
Country-Series,CHN,BX.KLT.DINV.CD.DT,Data on Foreign Direct Investment are based on Balance of Payments reported by the International Monetary Fund. Unless otherwise specified in the specific years.,China,"Foreign direct investment, net inflows in reporting economy (DRS, current US$)"
Country-Series,CHN,SP.POP.TOTL,Data source: National Bureau of Statistics,China,"Population, total"
Country-Series,CHN,DT.DOD.DECT.CD,Long-term public and publicly guaranteed and long-term private nonguaranteed debt data for 2024 are World Bank staff estimates based on country aggregate reports. Short-term debt data for 2024 are sourced by the Quarterly External Debt Statistics database (http://datatopics.worldbank.org/debt/qeds).,China,"External debt stocks, total (DOD, current US$)"
Country-Series,CIV,SP.POP.TOTL,Data source: United Nations World Population Prospects,Côte d'Ivoire,"Population, total"
Country-Series,CIV,BX.KLT.DINV.CD.DT,Data on Foreign Direct Investment are based on Balance of Payments reported by the International Monetary Fund. Unless otherwise specified in the specific years.,Côte d'Ivoire,"Foreign direct investment, net inflows in reporting economy (DRS, current US$)"
Country-Series,CIV,DT.DOD.DECT.CD,"Long-term public and publicly guaranteed debt data for 2024 are based on reports provided by the country. Long-term private nonguaranteed debt data for 2024 are World Bank staff estimates. Short-term debt for 2024 is based on data from the BIS. Data include the effects of Paris Club agreement signed in 2009, 2011, 2012 and 2020 and HIPC and MDRI debt relief. DSSI eligible and participating in 2020, 2021 and 2022.",Côte d'Ivoire,"External debt stocks, total (DOD, current US$)"
Country-Series,CMR,BX.KLT.DINV.CD.DT,Data on Foreign Direct Investment are based on Balance of Payments reported by the International Monetary Fund. Unless otherwise specified in the specific years.,Cameroon,"Foreign direct investment, net inflows in reporting economy (DRS, current US$)"
Country-Series,CMR,SP.POP.TOTL,Data source: United Nations World Population Prospects,Cameroon,"Population, total"
Country-Series,CMR,DT.DOD.DECT.CD,Long-term public and publicly guaranteed and long-term private nonguaranteed debt data for 2024 are based on reports provided by the country. Short-term debt for 2024 is based on data from the BIS. Data include the effects of HIPC and MDRI debt relief. DSSI eligible and participating in 2020 and 2021.,Cameroon,"External debt stocks, total (DOD, current US$)"
Country-Series,COD,SP.POP.TOTL,Data source: United Nations World Population Prospects,"Congo, Dem. Rep.","Population, total"
Country-Series,COD,BX.KLT.DINV.CD.DT,Data on Foreign Direct Investment are based on Balance of Payments reported by the International Monetary Fund. Unless otherwise specified in the specific years.,"Congo, Dem. Rep.","Foreign direct investment, net inflows in reporting economy (DRS, current US$)"
Country-Series,COD,DT.DOD.DECT.CD,Long-term public and publicly guaranteed debt data for 2024 are based on reports provided by the country. Long-term private nonguaranteed debt data are not available. Short-term debt data for 2024 is based on data from the BIS. Data include the effects of Paris Club debt restructuring agreement and HIPC and MDRI debt relief. DSSI eligible and participating in 2020 and 2021.,"Congo, Dem. Rep.","External debt stocks, total (DOD, current US$)"
Country-Series,COG,DT.DOD.DECT.CD,Long-term public and publicly guaranteed debt data for 2024 are based on reports provided by the country. Long-term private nonguaranteed debt data only cover European Investment Bank lending. Short-term debt for 2024 is based on data from the BIS. Data include the effects of Paris Club debt restructuring agreement and HIPC and MDRI debt relief. DSSI eligible and participating in 2020 and 2021.,"Congo, Rep.","External debt stocks, total (DOD, current US$)"
Country-Series,COG,BX.KLT.DINV.CD.DT,Data on Foreign Direct Investment are based on Balance of Payments reported by the International Monetary Fund. Unless otherwise specified in the specific years.,"Congo, Rep.","Foreign direct investment, net inflows in reporting economy (DRS, current US$)"
Country-Series,COG,SP.POP.TOTL,Data source: United Nations World Population Prospects,"Congo, Rep.","Population, total"
Country-Series,COL,SP.POP.TOTL,Data source: United Nations World Population Prospects,Colombia,"Population, total"
Country-Series,COL,DT.DOD.DECT.CD,Long-term public and publicly guaranteed and long-term private nonguaranteed debt data for 2024 are based on reports provided by the country. Short-term debt data for 2024 are sourced by the Quarterly External Debt Statistics database (http://datatopics.worldbank.org/debt/qeds).,Colombia,"External debt stocks, total (DOD, current US$)"
Country-Series,COL,BX.KLT.DINV.CD.DT,Data on Foreign Direct Investment are based on Balance of Payments reported by the International Monetary Fund. Unless otherwise specified in the specific years.,Colombia,"Foreign direct investment, net inflows in reporting economy (DRS, current US$)"
Country-Series,COM,BX.KLT.DINV.CD.DT,Data on Foreign Direct Investment are based on Balance of Payments reported by the International Monetary Fund. Unless otherwise specified in the specific years.,Comoros,"Foreign direct investment, net inflows in reporting economy (DRS, current US$)"
Country-Series,COM,DT.DOD.DECT.CD,Long-term public and publicly guaranteed debt data for 2024 are based on reports provided by the country. Long-term private nonguaranteed and short-term debt data are not available. Data include the effects of Paris Club debt restructuring agreements signed in 2010 and in 2013 and the HIPC debt relief. DSSI eligible and participating in 2020 and 2021.,Comoros,"External debt stocks, total (DOD, current US$)"
Country-Series,COM,SP.POP.TOTL,Data source: United Nations World Population Prospects,Comoros,"Population, total"
Country-Series,CPV,SP.POP.TOTL,Data source: United Nations World Population Prospects,Cabo Verde,"Population, total"
Country-Series,CPV,BX.KLT.DINV.CD.DT,Data on Foreign Direct Investment are based on Balance of Payments reported by the International Monetary Fund. Unless otherwise specified in the specific years.,Cabo Verde,"Foreign direct investment, net inflows in reporting economy (DRS, current US$)"
Country-Series,CPV,DT.DOD.DECT.CD,Long-term public and publicly guaranteed debt data for 2024 are based on reports provided by the country. Long-term private nonguaranteed debt date are not avaliable. Short-term debt data for 2024 are based on data from the Central Bank. DSSI eligible and participating in 2020 and 2021.,Cabo Verde,"External debt stocks, total (DOD, current US$)"
Country-Series,DJI,DT.DOD.DECT.CD,Long-term public and publicly guaranteed debt data for 2024 are based on reports provided by the country. Long-term private nonguaranteed debt and short-term debt data for 2024 are sourced by the Quarterly External Debt Statistics database (http://datatopics.worldbank.org/debt/qeds). Data include the effects of Paris Club debt restructuring agreement signed in 2008. DSSI eligible and participating in 2021 and 2022.,Djibouti,"External debt stocks, total (DOD, current US$)"
Country-Series,DJI,BX.KLT.DINV.CD.DT,Data on Foreign Direct Investment are based on Balance of Payments reported by the International Monetary Fund. Unless otherwise specified in the specific years.,Djibouti,"Foreign direct investment, net inflows in reporting economy (DRS, current US$)"
Country-Series,DJI,SP.POP.TOTL,Data source: United Nations World Population Prospects,Djibouti,"Population, total"
Country-Series,DMA,SP.POP.TOTL,Data source: United Nations World Population Prospects,Dominica,"Population, total"
Country-Series,DMA,BX.KLT.DINV.CD.DT,Data on Foreign Direct Investment are based on Balance of Payments reported by the International Monetary Fund. Unless otherwise specified in the specific years.,Dominica,"Foreign direct investment, net inflows in reporting economy (DRS, current US$)"
Country-Series,DMA,DT.DOD.DECT.CD,"Long-term public and publicly guaranteed debt data for 2024 are based on reports provided by the country. Long-term private nonguaranteed debt data for 2024 are based on Central Bank, IIP data. Short-term debt data prior to 2013 are sourced by the Quarterly External Debt Statistics database (http://datatopics.worldbank.org/debt/qeds) and thereafter are based on data from the Central Bank, IIP. DSSI eligible and participating in 2020 and 2021.",Dominica,"External debt stocks, total (DOD, current US$)"
Country-Series,DOM,BX.KLT.DINV.CD.DT,Data on Foreign Direct Investment are based on Balance of Payments reported by the International Monetary Fund. Unless otherwise specified in the specific years.,Dominican Republic,"Foreign direct investment, net inflows in reporting economy (DRS, current US$)"
Country-Series,DOM,SP.POP.TOTL,Data source: United Nations World Population Prospects,Dominican Republic,"Population, total"
Country-Series,DOM,DT.DOD.DECT.CD,Long-term public and publicly guaranteed and long-term private nonguaranteed debt data for 2024 are based on reports provided by the country. Short-term debt data for 2024 are based on data from the BIS. Data include the effects of Paris Club debt restructuring agreement signed in 2005.,Dominican Republic,"External debt stocks, total (DOD, current US$)"
Country-Series,DZA,SP.POP.TOTL,Data source: United Nations World Population Prospects,Algeria,"Population, total"
Country-Series,DZA,BX.KLT.DINV.CD.DT,Data on Foreign Direct Investment are based on Balance of Payments reported by the International Monetary Fund. Unless otherwise specified in the specific years.,Algeria,"Foreign direct investment, net inflows in reporting economy (DRS, current US$)"
Country-Series,DZA,DT.DOD.DECT.CD,"Long-term public and publicly guaranteed, long-term private nonguaranteed and short-term debt data for 2024 are based on reports provided by the country.",Algeria,"External debt stocks, total (DOD, current US$)"
Country-Series,EAP,BX.KLT.DINV.CD.DT,Data on Foreign Direct Investment are based on Balance of Payments reported by the International Monetary Fund. Unless otherwise specified in the specific years.,East Asia & Pacific (excluding high income),"Foreign direct investment, net inflows in reporting economy (DRS, current US$)"
Country-Series,ECA,BX.KLT.DINV.CD.DT,Data on Foreign Direct Investment are based on Balance of Payments reported by the International Monetary Fund. Unless otherwise specified in the specific years.,Europe & Central Asia (excluding high income),"Foreign direct investment, net inflows in reporting economy (DRS, current US$)"
Country-Series,ECU,BX.KLT.DINV.CD.DT,Data on Foreign Direct Investment are based on Balance of Payments reported by the International Monetary Fund. Unless otherwise specified in the specific years.,Ecuador,"Foreign direct investment, net inflows in reporting economy (DRS, current US$)"
Country-Series,ECU,DT.DOD.DECT.CD,Long-term public and publicly guaranteed and long-term private nonguaranteed debt data for 2024 are World Bank staff estimates based on reports provided by the country and data published by the national authorities. Short-term debt for 2024 is estimated based on Central Bank data.,Ecuador,"External debt stocks, total (DOD, current US$)"
Country-Series,ECU,SP.POP.TOTL,Data source: United Nations World Population Prospects,Ecuador,"Population, total"
Country-Series,EGY,SP.POP.TOTL,Data source: United Nations World Population Prospects,"Egypt, Arab Rep.","Population, total"
Country-Series,EGY,DT.DOD.DECT.CD,Long-term public and publicly guaranteed and long-term private nonguaranteed debt data for 2024 are based on reports provided by the country. Short-term debt data for 2024 are sourced by the Quarterly External Debt Statistics database (http://datatopics.worldbank.org/debt/qeds).,"Egypt, Arab Rep.","External debt stocks, total (DOD, current US$)"
Country-Series,EGY,BX.KLT.DINV.CD.DT,Data on Foreign Direct Investment are based on Balance of Payments reported by the International Monetary Fund. Unless otherwise specified in the specific years.,"Egypt, Arab Rep.","Foreign direct investment, net inflows in reporting economy (DRS, current US$)"
Country-Series,ERI,BX.KLT.DINV.CD.DT,Data on Foreign Direct Investment are based on Balance of Payments reported by the International Monetary Fund. Unless otherwise specified in the specific years.,Eritrea,"Foreign direct investment, net inflows in reporting economy (DRS, current US$)"
Country-Series,ERI,SP.POP.TOTL,Data source: United Nations World Population Prospects,Eritrea,"Population, total"
Country-Series,ERI,DT.DOD.DECT.CD,Long-term public and publicly guaranteed debt data from 2010 up to 2024 are World Bank staff estimates. Long-term private nonguaranteed debt data are not available. Short-term debt for 2024 is based on data from the BIS.,Eritrea,"External debt stocks, total (DOD, current US$)"
Country-Series,ETH,DT.DOD.DECT.CD,Long-term public and publicly guaranteed debt data for 2024 are based on reports provided by the country. Long-term private nonguaranteed debt data are not available. Short-term debt for 2024 is based on data from the BIS. Data include the effects of HIPC and MDRI debt relief. DSSI eligible and participating in 2020 and 2021.,Ethiopia,"External debt stocks, total (DOD, current US$)"
Country-Series,ETH,SP.POP.TOTL,Data source: United Nations World Population Prospects,Ethiopia,"Population, total"
Country-Series,ETH,BX.KLT.DINV.CD.DT,Data on Foreign Direct Investment are based on Balance of Payments reported by the International Monetary Fund. Unless otherwise specified in the specific years.,Ethiopia,"Foreign direct investment, net inflows in reporting economy (DRS, current US$)"
Country-Series,FJI,BX.KLT.DINV.CD.DT,Data on Foreign Direct Investment are based on Balance of Payments reported by the International Monetary Fund. Unless otherwise specified in the specific years.,Fiji,"Foreign direct investment, net inflows in reporting economy (DRS, current US$)"
Country-Series,FJI,SP.POP.TOTL,Data source: United Nations World Population Prospects,Fiji,"Population, total"
Country-Series,FJI,DT.DOD.DECT.CD,Long-term public and publicly guaranteed debt data for 2024 are based on reports provided by the country. Long-term private nonguaranteed debt and short-term debt data for 2024 are based on data from the Reserve Bank of Fiji. DSSI eligible and participating in 2020 and 2021.,Fiji,"External debt stocks, total (DOD, current US$)"
Country-Series,GAB,DT.DOD.DECT.CD,Long-term public and publicly guaranteed debt data for 2024 are based on reports provided by the country. Long-term private nonguaranteed debt data are not available. Short-term debt for 2024 is based on data from the BIS. Data include the effects of Paris Club debt buyback agreement signed in 2007.,Gabon,"External debt stocks, total (DOD, current US$)"
Country-Series,GAB,SP.POP.TOTL,Data source: United Nations World Population Prospects,Gabon,"Population, total"
Country-Series,GAB,BX.KLT.DINV.CD.DT,Data on Foreign Direct Investment are based on Balance of Payments reported by the International Monetary Fund. Unless otherwise specified in the specific years.,Gabon,"Foreign direct investment, net inflows in reporting economy (DRS, current US$)"
Country-Series,GEO,BX.KLT.DINV.CD.DT,Data on Foreign Direct Investment are based on Balance of Payments reported by the International Monetary Fund. Unless otherwise specified in the specific years.,Georgia,"Foreign direct investment, net inflows in reporting economy (DRS, current US$)"
Country-Series,GEO,SP.POP.TOTL,"Data source and note: GeoStats. Includes self-governed areas only, which mostly exclude Abkhazia and South Ossetia, but small areas in Abkhazia and South Ossetia are included before 2008 or 2009 because of the changes in self-governed areas.",Georgia,"Population, total"
Country-Series,GEO,DT.DOD.DECT.CD,Long-term public and publicly guaranteed and long-term private nonguaranteed debt data for 2024 are based on reports provided by the country. Short-term debt data for 2024 are based on data from the National Bank of Georgia.,Georgia,"External debt stocks, total (DOD, current US$)"
Country-Series,GHA,SP.POP.TOTL,Data source: United Nations World Population Prospects,Ghana,"Population, total"
Country-Series,GHA,BX.KLT.DINV.CD.DT,Data on Foreign Direct Investment are based on Balance of Payments reported by the International Monetary Fund. Unless otherwise specified in the specific years.,Ghana,"Foreign direct investment, net inflows in reporting economy (DRS, current US$)"
Country-Series,GHA,DT.DOD.DECT.CD,"Long-term public and publicly guaranteed debt data for 2024 are based on reports provided by the country. Long-term private nonguaranteed debt data for 2024 are World Bank staff estimates. Short-term debt for 2024 is based on data from the BIS. Data include the effects of MDRI debt relief and eurobonds restructuring in 2024. DSSI eligible, but not participating in 2020 and 2021.",Ghana,"External debt stocks, total (DOD, current US$)"
Country-Series,GIN,DT.DOD.DECT.CD,Long-term public and publicly guaranteed debt data for 2024 are based on reports provided by the country. Long-term private nonguaranteed debt data are World Bank staff estimates based on the market data. Short-term debt for 2024 is based on data from the BIS. Data include the effects of Paris Club debt restructuring agreement signed in 2010 and 2012 and HIPC and MDRI debt relief. DSSI eligible and participating in 2020 and 2021.,Guinea,"External debt stocks, total (DOD, current US$)"
Country-Series,GIN,BX.KLT.DINV.CD.DT,Data on Foreign Direct Investment are based on Balance of Payments reported by the International Monetary Fund. Unless otherwise specified in the specific years.,Guinea,"Foreign direct investment, net inflows in reporting economy (DRS, current US$)"
Country-Series,GIN,SP.POP.TOTL,Data source: United Nations World Population Prospects,Guinea,"Population, total"
Country-Series,GMB,SP.POP.TOTL,Data source: United Nations World Population Prospects,"Gambia, The","Population, total"
Country-Series,GMB,BX.KLT.DINV.CD.DT,Data on Foreign Direct Investment are based on Balance of Payments reported by the International Monetary Fund. Unless otherwise specified in the specific years.,"Gambia, The","Foreign direct investment, net inflows in reporting economy (DRS, current US$)"
Country-Series,GMB,DT.DOD.DECT.CD,Long-term public and publicly guaranteed debt data for 2024 are based on reports provided by the country. Long-term private nonguaranteed debt data are not available. Short-term debt for 2024 is based on data from the BIS. Data include the effects of HIPC and MDRI debt relief. DSSI eligible and participating in 2020 and 2021.,"Gambia, The","External debt stocks, total (DOD, current US$)"
Country-Series,GNB,DT.DOD.DECT.CD,Long-term public and publicly guaranteed debt data for 2024 are based on reports provided by the Country. Long-term private nonguaranteed debt data are not available. Short-term debt for 2024 is based on data from the BIS. Data include the effects of Paris Club debt restructuring agreement and HIPC and MDRI debt relief. DSSI eligible and not participating in 2020 and 2021.,Guinea-Bissau,"External debt stocks, total (DOD, current US$)"
Country-Series,GNB,BX.KLT.DINV.CD.DT,Data on Foreign Direct Investment are based on Balance of Payments reported by the International Monetary Fund. Unless otherwise specified in the specific years.,Guinea-Bissau,"Foreign direct investment, net inflows in reporting economy (DRS, current US$)"
Country-Series,GNB,SP.POP.TOTL,Data source: United Nations World Population Prospects,Guinea-Bissau,"Population, total"
Country-Series,GNQ,DT.DOD.DECT.CD,Long-term public and publicly guaranteed debt data for 2024 are based on reports provided by the country. Long-term private nonguaranteed debt data are not available. Short-term debt for 2024 is based on data from the BIS.,Equatorial Guinea,"External debt stocks, total (DOD, current US$)"
Country-Series,GRD,DT.DOD.DECT.CD,"Long-term public and publicly guaranteed debt data for 2024 are based on reports provided by the country. Long-term private nonguaranteed debt data are not available. Short-term debt for 2024 is based on data from the BIS. DSSI eligible and participated in 2020, but not participating in 2021.",Grenada,"External debt stocks, total (DOD, current US$)"
Country-Series,GRD,SP.POP.TOTL,Data source: United Nations World Population Prospects,Grenada,"Population, total"
Country-Series,GRD,BX.KLT.DINV.CD.DT,Data on Foreign Direct Investment are based on Balance of Payments reported by the International Monetary Fund. Unless otherwise specified in the specific years.,Grenada,"Foreign direct investment, net inflows in reporting economy (DRS, current US$)"
Country-Series,GTM,BX.KLT.DINV.CD.DT,Data on Foreign Direct Investment are based on Balance of Payments reported by the International Monetary Fund. Unless otherwise specified in the specific years.,Guatemala,"Foreign direct investment, net inflows in reporting economy (DRS, current US$)"
Country-Series,GTM,SP.POP.TOTL,Data source: Guatemala Instituto Nacional de Estadistica,Guatemala,"Population, total"
Country-Series,GTM,DT.DOD.DECT.CD,Long-term public and publicly guaranteed debt data for 2024 are based on reports provided by the country. Long-term private nonguaranteed and short-term debt data for 2024 are sourced by the Quarterly External Debt Statistics database (http://datatopics.worldbank.org/debt/qeds).,Guatemala,"External debt stocks, total (DOD, current US$)"
Country-Series,GUY,SP.POP.TOTL,Data source: United Nations World Population Prospects,Guyana,"Population, total"
Country-Series,GUY,BX.KLT.DINV.CD.DT,Data on Foreign Direct Investment are based on Balance of Payments reported by the International Monetary Fund. Unless otherwise specified in the specific years.,Guyana,"Foreign direct investment, net inflows in reporting economy (DRS, current US$)"
Country-Series,GUY,DT.DOD.DECT.CD,"Long-term public and publicly guaranteed debt data for 2024 are based on reports provided by the country. Long-term private nonguaranteed debt data for 2024 are World Bank staff estimates based on the market data. Short-term debt for 2024 is based on data from the BIS. Data include the effects of HIPC and MDRI debt relief. Based on the FY2025 World Bank Income classification, Guyana is classified as a high-income country. Since it is eligible for IDA resources, its data are included in the IDS database and IDR 2025, but excluded from the regional (LAC) and low-and middle-income aggregates. DSSI eligible and not participating in 2020 and 2021.",Guyana,"External debt stocks, total (DOD, current US$)"
Country-Series,HND,BX.KLT.DINV.CD.DT,Data on Foreign Direct Investment are based on Balance of Payments reported by the International Monetary Fund. Unless otherwise specified in the specific years.,Honduras,"Foreign direct investment, net inflows in reporting economy (DRS, current US$)"
Country-Series,HND,SP.POP.TOTL,Data source: United Nations World Population Prospects,Honduras,"Population, total"
Country-Series,HND,DT.DOD.DECT.CD,Long-term public and publicly guaranteed and long-term private nonguaranteed debt data for 2024 are based on reports provided by the country. Short-term debt data for 2024 are sourced by the Quarterly External Debt Statistics database (http://datatopics.worldbank.org/debt/qeds). Data include the effects of HIPC and MDRI debt relief. DSSI eligible and not participating in 2020 and 2021.,Honduras,"External debt stocks, total (DOD, current US$)"
Country-Series,HTI,SP.POP.TOTL,Data source: United Nations World Population Prospects,Haiti,"Population, total"
Country-Series,HTI,BX.KLT.DINV.CD.DT,Data on Foreign Direct Investment are based on Balance of Payments reported by the International Monetary Fund. Unless otherwise specified in the specific years.,Haiti,"Foreign direct investment, net inflows in reporting economy (DRS, current US$)"
Country-Series,HTI,DT.DOD.DECT.CD,Long-term public and publicly guaranteed debt data for 2024 are based on reports provided by the country. Long-term private nonguaranteed debt data only cover Inter-American Development Bank lending. Short-term debt for 2024 is World Bank staff estimates based on Central Bank data. Data include the effects of Paris Club restructuring agreements signed in 2006 and 2009 and HIPC and MDRI debt relief. DSSI eligible and not participating in 2020 and 2021.,Haiti,"External debt stocks, total (DOD, current US$)"
Country-Series,IDN,DT.DOD.DECT.CD,"Long-term public and publicly guaranteed debt, long-term private non-guaranteed debt, and short-term debt data for 2024 are based on reports provided by the country.",Indonesia,"External debt stocks, total (DOD, current US$)"
Country-Series,IDN,BX.KLT.DINV.CD.DT,Data on Foreign Direct Investment are based on Balance of Payments reported by the International Monetary Fund. Unless otherwise specified in the specific years.,Indonesia,"Foreign direct investment, net inflows in reporting economy (DRS, current US$)"
Country-Series,IDN,SP.POP.TOTL,Data source: United Nations World Population Prospects,Indonesia,"Population, total"
Country-Series,IND,SP.POP.TOTL,Data source: United Nations World Population Prospects,India,"Population, total"
Country-Series,IND,DT.DOD.PBND.CD,Long-term public and publicly guaranteed bonds include Foreign Institutional Investor debt as reported by the Bank of India.,India,"PPG, bonds (DOD, current US$)"
Country-Series,IND,DT.DOD.DPNG.CD,Data prior to 2003 are mechanically adjusted from fiscal year to calendar year.,India,"External debt stocks, private nonguaranteed (PNG) (DOD, current US$)"
Country-Series,IND,DT.DOD.DPPG.CD,Data prior to 2003 are mechanically adjusted from fiscal year to calendar year.,India,"External debt stocks, public and publicly guaranteed (PPG) (DOD, current US$)"
Country-Series,IND,BX.KLT.DINV.CD.DT,Data on Foreign Direct Investment are based on Balance of Payments reported by the International Monetary Fund. Unless otherwise specified in the specific years.,India,"Foreign direct investment, net inflows in reporting economy (DRS, current US$)"
Country-Series,IND,DT.DOD.DECT.CD,"Long-term public and publicly guaranteed, long-term private nonguaranteed and short-term debt data for 2024 are based on reports provided by the country.",India,"External debt stocks, total (DOD, current US$)"
Country-Series,IRN,DT.DOD.DECT.CD,"Long-term public and publicly guaranteed debt, long-term private non-guaranteed debt and short-term debt data for 2024 are World Bank staff estimates.","Iran, Islamic Rep.","External debt stocks, total (DOD, current US$)"
Country-Series,IRN,BX.KLT.DINV.CD.DT,Data on Foreign Direct Investment are based on Balance of Payments reported by the International Monetary Fund. Unless otherwise specified in the specific years.,"Iran, Islamic Rep.","Foreign direct investment, net inflows in reporting economy (DRS, current US$)"
Country-Series,IRN,SP.POP.TOTL,Data source: United Nations World Population Prospects,"Iran, Islamic Rep.","Population, total"
Country-Series,IRQ,SP.POP.TOTL,Data source: United Nations World Population Prospects,Iraq,"Population, total"
Country-Series,IRQ,DT.DOD.DECT.CD,Long-term public and publicly guaranteed debt data for 2024 are based on reports provided by the country. Long-term private nonguaranteed debt data are not available. Short-term debt for 2024 is based on data from the BIS.,Iraq,"External debt stocks, total (DOD, current US$)"
Country-Series,JAM,DT.DOD.DECT.CD,"Long-term public and publicly guaranteed debt, long-term private non-guaranteed debt and short-term debt data for 2024 are based on reports provided by the country.",Jamaica,"External debt stocks, total (DOD, current US$)"
Country-Series,JAM,SP.POP.TOTL,Data source: United Nations World Population Prospects,Jamaica,"Population, total"
Country-Series,JAM,BX.KLT.DINV.CD.DT,Data on Foreign Direct Investment are based on Balance of Payments reported by the International Monetary Fund. Unless otherwise specified in the specific years.,Jamaica,"Foreign direct investment, net inflows in reporting economy (DRS, current US$)"
Country-Series,JOR,BX.KLT.DINV.CD.DT,Data on Foreign Direct Investment are based on Balance of Payments reported by the International Monetary Fund. Unless otherwise specified in the specific years.,Jordan,"Foreign direct investment, net inflows in reporting economy (DRS, current US$)"
Country-Series,JOR,SP.POP.TOTL,Data source: United Nations World Population Prospects,Jordan,"Population, total"
Country-Series,JOR,DT.DOD.DECT.CD,Long-term public and publicly guaranteed debt data for 2024 are based on reports provided by the country. Long-term private nonguaranteed debt data for 2024 are based on data from the Central Bank. Short-term debt data for 2024 are sourced by the Quarterly External Debt Statistics database (http://datatopics.worldbank.org/debt/qeds).,Jordan,"External debt stocks, total (DOD, current US$)"
Country-Series,KAZ,DT.DOD.DECT.CD,"Long-term public and publicly guaranteed, long-term private nonguaranteed and short-term debt data for 2024 are based on reports provided by the country.",Kazakhstan,"External debt stocks, total (DOD, current US$)"
Country-Series,KAZ,SP.POP.TOTL,"Data source: Statistical Agency of Kazakhstan, United Nations World Population Prospects",Kazakhstan,"Population, total"
Country-Series,KAZ,BX.KLT.DINV.CD.DT,Data on Foreign Direct Investment are based on Balance of Payments reported by the International Monetary Fund. Unless otherwise specified in the specific years.,Kazakhstan,"Foreign direct investment, net inflows in reporting economy (DRS, current US$)"
Country-Series,KEN,BX.KLT.DINV.CD.DT,Data on Foreign Direct Investment are based on Balance of Payments reported by the International Monetary Fund. Unless otherwise specified in the specific years.,Kenya,"Foreign direct investment, net inflows in reporting economy (DRS, current US$)"
Country-Series,KEN,SP.POP.TOTL,Data source: United Nations World Population Prospects,Kenya,"Population, total"
Country-Series,KEN,DT.DOD.DECT.CD,"Long-term public and publicly guaranteed debt data for 2024 are based on reports provided by the country. Long-term private nonguaranteed debt data for 2024 are World Bank staff estimates based on the market data and also cover African Development Fund lending. Short-term debt for 2024 is based on data from the BIS. DSSI eligible and did not participate in 2020, but participating in 2021.",Kenya,"External debt stocks, total (DOD, current US$)"
Country-Series,KGZ,DT.DOD.DECT.CD,"Long-term public and publicly guaranteed debt data for 2024 are based on reports provided by the country. Long-term private nonguaranteed and short-term debt data for 2024 are sourced by the Quarterly External Debt Statistics database (http://datatopics.worldbank.org/debt/qeds). DSSI eligible and did not participate in 2020, but participating in 2021.",Kyrgyz Republic,"External debt stocks, total (DOD, current US$)"
Country-Series,KGZ,SP.POP.TOTL,Data source: National Statistical Committee,Kyrgyz Republic,"Population, total"
Country-Series,KGZ,BX.KLT.DINV.CD.DT,Data on Foreign Direct Investment are based on Balance of Payments reported by the International Monetary Fund. Unless otherwise specified in the specific years.,Kyrgyz Republic,"Foreign direct investment, net inflows in reporting economy (DRS, current US$)"
Country-Series,KHM,BX.KLT.DINV.CD.DT,Data on Foreign Direct Investment are based on Balance of Payments reported by the International Monetary Fund. Unless otherwise specified in the specific years.,Cambodia,"Foreign direct investment, net inflows in reporting economy (DRS, current US$)"
Country-Series,KHM,SP.POP.TOTL,Data source: United Nations World Population Prospects,Cambodia,"Population, total"
Country-Series,KHM,DT.DOD.DECT.CD,"Long-term public and publicly guaranteed, long-term private nonguaranteed and short-term debt data for 2024 are based on reports provided by the country.  Data include the effects of MDRI debt relief. DSSI eligible and not participating in 2020 and 2021.",Cambodia,"External debt stocks, total (DOD, current US$)"
Country-Series,LAC,BX.KLT.DINV.CD.DT,Data on Foreign Direct Investment are based on Balance of Payments reported by the International Monetary Fund. Unless otherwise specified in the specific years.,Latin America & Caribbean (excluding high income),"Foreign direct investment, net inflows in reporting economy (DRS, current US$)"
Country-Series,LAO,BX.KLT.DINV.CD.DT,Data on Foreign Direct Investment are based on Balance of Payments reported by the International Monetary Fund. Unless otherwise specified in the specific years.,Lao PDR,"Foreign direct investment, net inflows in reporting economy (DRS, current US$)"
Country-Series,LAO,SP.POP.TOTL,Data source: United Nations World Population Prospects,Lao PDR,"Population, total"
Country-Series,LAO,DT.DOD.DECT.CD,Long-term public and publicly guaranteed debt data for 2024 are based on reports provided by the country. Long-term private nonguaranteed debt data for 2024 are World Bank staff estimates. Short-term debt for 2024 is based on data from the BIS. DSSI eligible and not participating in 2020 and 2021.,Lao PDR,"External debt stocks, total (DOD, current US$)"
Country-Series,LBN,DT.DOD.DECT.CD,Long-term public and publicly guaranteed debt data for 2024 are World Bank staff estimates. Long-term private nonguaranteed and short-term debt data for 2024 are based on reports provided by the country.,Lebanon,"External debt stocks, total (DOD, current US$)"
Country-Series,LBN,SP.POP.TOTL,Data source: United Nations World Population Prospects,Lebanon,"Population, total"
Country-Series,LBN,BX.KLT.DINV.CD.DT,Data on Foreign Direct Investment are based on Balance of Payments reported by the International Monetary Fund. Unless otherwise specified in the specific years.,Lebanon,"Foreign direct investment, net inflows in reporting economy (DRS, current US$)"
Country-Series,LBR,BX.KLT.DINV.CD.DT,Data on Foreign Direct Investment are based on Balance of Payments reported by the International Monetary Fund. Unless otherwise specified in the specific years.,Liberia,"Foreign direct investment, net inflows in reporting economy (DRS, current US$)"
Country-Series,LBR,SP.POP.TOTL,Data source: United Nations World Population Prospects,Liberia,"Population, total"
Country-Series,LBR,DT.DOD.DECT.CD,"Long-term public and publicly guaranteed debt data for 2024 are based on reports provided by the country. Long-term private nonguaranteed debt data for 2024 are World Bank staff estimates based on the market data. Short-term debt data are not available.  Data include the effects of Paris Club rescheduling agreement signed in 2008 and 2010, and HIPC and MDRI debt relief. DSSI eligible and not participating in 2020 and 2021.",Liberia,"External debt stocks, total (DOD, current US$)"
Country-Series,LCA,DT.DOD.DECT.CD,Long-term public and publicly guaranteed debt data for 2024 are based on reports provided by the country. Long-term private nonguaranteed debt data are not available.  Short-term debt data for 2024 are sourced by the Quarterly External Debt Statistics database (http://datatopics.worldbank.org/debt/qeds). Data include the effects of HIPC and MDRI debt relief. DSSI eligible and did not participate in 2020 but participating in 2021.,St. Lucia,"External debt stocks, total (DOD, current US$)"
Country-Series,LCA,SP.POP.TOTL,Data source: United Nations World Population Prospects,St. Lucia,"Population, total"
Country-Series,LCA,BX.KLT.DINV.CD.DT,Data on Foreign Direct Investment are based on Balance of Payments reported by the International Monetary Fund. Unless otherwise specified in the specific years.,St. Lucia,"Foreign direct investment, net inflows in reporting economy (DRS, current US$)"
Country-Series,LIC,BX.KLT.DINV.CD.DT,Data on Foreign Direct Investment are based on Balance of Payments reported by the International Monetary Fund. Unless otherwise specified in the specific years.,Low income,"Foreign direct investment, net inflows in reporting economy (DRS, current US$)"
Country-Series,LKA,SP.POP.TOTL,"Data source: Department of Census and Statistics Sri Lanka, United Nations World Population Prospects",Sri Lanka,"Population, total"
Country-Series,LKA,BX.KLT.DINV.CD.DT,Data on Foreign Direct Investment are based on Balance of Payments reported by the International Monetary Fund. Unless otherwise specified in the specific years.,Sri Lanka,"Foreign direct investment, net inflows in reporting economy (DRS, current US$)"
Country-Series,LKA,DT.DOD.DECT.CD,"Long-term public and publicly guaranteed, long-term private non-guaranteed and short-term debt data for 2024 are based on reports provided by the country. Data include the effects of recent debt restructuring.",Sri Lanka,"External debt stocks, total (DOD, current US$)"
Country-Series,LMC,BX.KLT.DINV.CD.DT,Data on Foreign Direct Investment are based on Balance of Payments reported by the International Monetary Fund. Unless otherwise specified in the specific years.,Lower middle income,"Foreign direct investment, net inflows in reporting economy (DRS, current US$)"
Country-Series,LMY,BX.KLT.DINV.CD.DT,Data on Foreign Direct Investment are based on Balance of Payments reported by the International Monetary Fund. Unless otherwise specified in the specific years.,Low & middle income,"Foreign direct investment, net inflows in reporting economy (DRS, current US$)"
Country-Series,LSO,BX.KLT.DINV.CD.DT,Data on Foreign Direct Investment are based on Balance of Payments reported by the International Monetary Fund. Unless otherwise specified in the specific years.,Lesotho,"Foreign direct investment, net inflows in reporting economy (DRS, current US$)"
Country-Series,LSO,SP.POP.TOTL,Data source: United Nations World Population Prospects,Lesotho,"Population, total"
Country-Series,LSO,DT.DOD.DECT.CD,Long-term public and publicly guaranteed debt data for 2024 are based on reports provided by the country. Long-term private nonguaranteed debt data are World Bank staff estimates based on IIP statistics from the IMF. Short-term debt for 2024 is based on data from the BIS. DSSI eligible and participating in 2020 and 2021.,Lesotho,"External debt stocks, total (DOD, current US$)"
Country-Series,MAR,SP.POP.TOTL,Data source: United Nations World Population Prospects,Morocco,"Population, total"
Country-Series,MAR,DT.DOD.DECT.CD,Long-term public and publicly guaranteed and long-term private nonguaranteed debt data for 2024 are based on reports provided by the country. Short-term debt data for 2024 are sourced by the Quarterly External Debt Statistics database (http://datatopics.worldbank.org/debt/qeds). Data include the effects of HIPC and MDRI debt relief.,Morocco,"External debt stocks, total (DOD, current US$)"
Country-Series,MAR,BX.KLT.DINV.CD.DT,Data on Foreign Direct Investment are based on Balance of Payments reported by the International Monetary Fund. Unless otherwise specified in the specific years.,Morocco,"Foreign direct investment, net inflows in reporting economy (DRS, current US$)"
Country-Series,MDA,BX.KLT.DINV.CD.DT,Data on Foreign Direct Investment are based on Balance of Payments reported by the International Monetary Fund. Unless otherwise specified in the specific years.,Moldova,"Foreign direct investment, net inflows in reporting economy (DRS, current US$)"
Country-Series,MDA,SP.POP.TOTL,"Data source: National Bureau of Statistics. Excluding Transnistria. For 1950-94, World Bank estimates using UN World Population Prospects' growth rates of whole Moldova.",Moldova,"Population, total"
Country-Series,MDA,DT.DOD.DECT.CD,"Long-term public and publicly guaranteed for 2024 are based on reports provided by the country. Long-term private nonguaranteed debt and short-term debt data for 2024 are sourced by the Quarterly External Debt Statistics database (http://datatopics.worldbank.org/debt/qeds). DSSI eligible, but not participating in 2020 and 2021.",Moldova,"External debt stocks, total (DOD, current US$)"
Country-Series,MDG,DT.DOD.DECT.CD,Long-term public and publicly guaranteed debt data for 2024 are based on reports provided by the country. Long-term private nonguaranteed debt data for 2024 are World Bank staff estimates based on the market data. Short-term debt for 2024 is based on data from the BIS. Data include the effects of HIPC and MDRI debt relief. DSSI eligible and participating in 2020 and 2021.,Madagascar,"External debt stocks, total (DOD, current US$)"
Country-Series,MDG,BX.KLT.DINV.CD.DT,Data on Foreign Direct Investment are based on Balance of Payments reported by the International Monetary Fund. Unless otherwise specified in the specific years.,Madagascar,"Foreign direct investment, net inflows in reporting economy (DRS, current US$)"
Country-Series,MDG,SP.POP.TOTL,Data source: United Nations World Population Prospects,Madagascar,"Population, total"
Country-Series,MDV,SP.POP.TOTL,Data source: United Nations World Population Prospects,Maldives,"Population, total"
Country-Series,MDV,BX.KLT.DINV.CD.DT,Data on Foreign Direct Investment are based on Balance of Payments reported by the International Monetary Fund. Unless otherwise specified in the specific years.,Maldives,"Foreign direct investment, net inflows in reporting economy (DRS, current US$)"
Country-Series,MDV,DT.DOD.DECT.CD,Long-term public and publicly guaranteed debt data for 2024 are based on reports provided by the country. Long-term private nonguaranteed debt data for 2024 are estimates based on Central Bank data. Short-term debt for 2024 are based on data from the BIS. DSSI eligible and participating in 2020 and 2021.,Maldives,"External debt stocks, total (DOD, current US$)"
Country-Series,MEX,BX.KLT.DINV.CD.DT,Data on Foreign Direct Investment are based on Balance of Payments reported by the International Monetary Fund. Unless otherwise specified in the specific years.,Mexico,"Foreign direct investment, net inflows in reporting economy (DRS, current US$)"
Country-Series,MEX,DT.DOD.DECT.CD,Long-term public and publicly guaranteed and long-term private nonguaranteed debt data for 2024 are based on reports provided by the country. Short-term debt data for 2024 are sourced by the Quarterly External Debt Statistics database (http://datatopics.worldbank.org/debt/qeds).,Mexico,"External debt stocks, total (DOD, current US$)"
Country-Series,MEX,SP.POP.TOTL,Data source: United Nations World Population Prospects,Mexico,"Population, total"
Country-Series,MIC,BX.KLT.DINV.CD.DT,Data on Foreign Direct Investment are based on Balance of Payments reported by the International Monetary Fund. Unless otherwise specified in the specific years.,Middle income,"Foreign direct investment, net inflows in reporting economy (DRS, current US$)"
Country-Series,MKD,BX.KLT.DINV.CD.DT,Data on Foreign Direct Investment are based on Balance of Payments reported by the International Monetary Fund. Unless otherwise specified in the specific years.,North Macedonia,"Foreign direct investment, net inflows in reporting economy (DRS, current US$)"
Country-Series,MKD,DT.DOD.DECT.CD,Long-term public and publicly guaranteed and long-term private nonguaranteed debt data for 2024 are based on reports provided by the country. Short-term debt data for 2024 are sourced by the Quarterly External Debt Statistics database (http://datatopics.worldbank.org/debt/qeds).,North Macedonia,"External debt stocks, total (DOD, current US$)"
Country-Series,MKD,SP.POP.TOTL,"Data source: State Statistical Office, United Nations World Population Prospects",North Macedonia,"Population, total"
Country-Series,MLI,SP.POP.TOTL,Data source: United Nations World Population Prospects,Mali,"Population, total"
Country-Series,MLI,BX.KLT.DINV.CD.DT,Data on Foreign Direct Investment are based on Balance of Payments reported by the International Monetary Fund. Unless otherwise specified in the specific years.,Mali,"Foreign direct investment, net inflows in reporting economy (DRS, current US$)"
Country-Series,MLI,DT.DOD.DECT.CD,Long-term public and publicly guaranteed debt data for 2024 are based on reports provided by the country. Long-term private nonguaranteed debt data are not available. Short-term debt for 2024 is based on data from the BIS. Data include the effects of HIPC and MDRI debt relief. DSSI eligible and participating in 2020 and 2021.,Mali,"External debt stocks, total (DOD, current US$)"
Country-Series,MMR,DT.DOD.DECT.CD,"Long-term public and publicly guaranteed debt data for 2024 are based on reports provided by the country. Long-term private nonguaranteed debt data for 2024 are World Bank staff estimates based on the market data. Short-term debt data are not available. DSSI eligible and participating in 2020, 2021, and 2022.",Myanmar,"External debt stocks, total (DOD, current US$)"
Country-Series,MMR,BX.KLT.DINV.CD.DT,Data on Foreign Direct Investment are based on Balance of Payments reported by the International Monetary Fund. Unless otherwise specified in the specific years.,Myanmar,"Foreign direct investment, net inflows in reporting economy (DRS, current US$)"
Country-Series,MMR,SP.POP.TOTL,Data source: United Nations World Population Prospects,Myanmar,"Population, total"
Country-Series,MNA,BX.KLT.DINV.CD.DT,Data on Foreign Direct Investment are based on Balance of Payments reported by the International Monetary Fund. Unless otherwise specified in the specific years.,"Middle East, North Africa, Afghanistan & Pakistan (excluding high income)","Foreign direct investment, net inflows in reporting economy (DRS, current US$)"
Country-Series,MNE,BX.KLT.DINV.CD.DT,Data on Foreign Direct Investment are based on Balance of Payments reported by the International Monetary Fund. Unless otherwise specified in the specific years.,Montenegro,"Foreign direct investment, net inflows in reporting economy (DRS, current US$)"
Country-Series,MNE,SP.POP.TOTL,"Data source: For years after 2000, Statistical Office of Montenegro. For years 1960-1999, growth rates of United Nations World Population Prospects were used to estimate backwards.",Montenegro,"Population, total"
Country-Series,MNE,DT.DOD.DECT.CD,"Long-term public and publicly guaranteed debt, long-term private nonguaranteed debt and short-term debt data for 2024 are based on reports provided by the country.",Montenegro,"External debt stocks, total (DOD, current US$)"
Country-Series,MNG,DT.DOD.DECT.CD,"Long-term public and publicly guaranteed, long-term private nonguaranteed, and short-term debt data for 2024 are based on reports provided by the country. DSSI eligible, but not participating in 2020 and 2021.",Mongolia,"External debt stocks, total (DOD, current US$)"
Country-Series,MNG,BX.KLT.DINV.CD.DT,Data on Foreign Direct Investment are based on Balance of Payments reported by the International Monetary Fund. Unless otherwise specified in the specific years.,Mongolia,"Foreign direct investment, net inflows in reporting economy (DRS, current US$)"
Country-Series,MNG,SP.POP.TOTL,Data source: United Nations World Population Prospects,Mongolia,"Population, total"
Country-Series,MOZ,SP.POP.TOTL,Data source: United Nations World Population Prospects,Mozambique,"Population, total"
Country-Series,MOZ,DT.DOD.DECT.CD,Long-term public and publicly guaranteed and long-term private nonguaranteed debt data for 2024 are based on reports provided by the country. Short-term debt for 2024 is based on data from the BIS. Data include HIPC and MDRI debt relief. DSSI eligible and participating in 2020 and 2021.,Mozambique,"External debt stocks, total (DOD, current US$)"
Country-Series,MOZ,BX.KLT.DINV.CD.DT,Data on Foreign Direct Investment are based on Balance of Payments reported by the International Monetary Fund. Unless otherwise specified in the specific years.,Mozambique,"Foreign direct investment, net inflows in reporting economy (DRS, current US$)"
Country-Series,MRT,BX.KLT.DINV.CD.DT,Data on Foreign Direct Investment are based on Balance of Payments reported by the International Monetary Fund. Unless otherwise specified in the specific years.,Mauritania,"Foreign direct investment, net inflows in reporting economy (DRS, current US$)"
Country-Series,MRT,SP.POP.TOTL,Data source: United Nations World Population Prospects,Mauritania,"Population, total"
Country-Series,MRT,DT.DOD.DECT.CD,"Long-term public and publicly guaranteed debt data for 2024 are based on reports provided by the country. Long-term private nonguaranteed debt data are not available. Short-term debt for 2024 is based on data from the BIS. Data include the effects of MDRI debt relief. DSSI eligible and participating in 2020, 2021 and 2022.",Mauritania,"External debt stocks, total (DOD, current US$)"
Country-Series,MUS,DT.DOD.DECT.CD,"Long-term public and publicly guaranteed debt data for 2024 are based on reports provided by the country. Long-term private nonguaranteed debt data from 2009-2010 and from 2017-2024 are based on reports provided by the country and do not include offshore liabilities, while 2011-2016 data are World Bank staff estimates based on reports provided by the country. Short-term debt data for 2024 are sourced by the Quarterly External Debt Statistics database and include offshore liabilities (http://datatopics.worldbank.org/debt/qeds).",Mauritius,"External debt stocks, total (DOD, current US$)"
Country-Series,MUS,SP.POP.TOTL,"Data source: Statistics Mauritius, United Nations World Population Prospects",Mauritius,"Population, total"
Country-Series,MUS,BX.KLT.DINV.CD.DT,Data on Foreign Direct Investment are based on Balance of Payments reported by the International Monetary Fund. Unless otherwise specified in the specific years.,Mauritius,"Foreign direct investment, net inflows in reporting economy (DRS, current US$)"
Country-Series,MWI,BX.KLT.DINV.CD.DT,Data on Foreign Direct Investment are based on Balance of Payments reported by the International Monetary Fund. Unless otherwise specified in the specific years.,Malawi,"Foreign direct investment, net inflows in reporting economy (DRS, current US$)"
Country-Series,MWI,SP.POP.TOTL,Data source: United Nations World Population Prospects,Malawi,"Population, total"
Country-Series,MWI,DT.DOD.DECT.CD,Long-term public and publicly guaranteed debt data for 2024 are based on reports provided by the country. Long-term private nonguaranteed debt data are not available. Short-term debt for 2024 is based on data from the BIS. Data include the effects of Paris Club rescheduling agreement signed in 2006 and HIPC and MDRI debt relief. DSSI eligible and not participating in 2020 and 2021.,Malawi,"External debt stocks, total (DOD, current US$)"
Country-Series,NER,DT.DOD.DECT.CD,Long-term public and publicly guaranteed debt data for 2024 are based on reports provided by the country. Long-term private nonguaranteed debt data are not available. Short-term debt data for 2024 is based on data from the BIS. Data include the effects of Paris Club rescheduling agreement signed in 2006 and HIPC and MDRI debt relief. DSSI eligible and participating in 2020 and 2021.,Niger,"External debt stocks, total (DOD, current US$)"
Country-Series,NER,SP.POP.TOTL,Data source: United Nations World Population Prospects,Niger,"Population, total"
Country-Series,NER,BX.KLT.DINV.CD.DT,Data on Foreign Direct Investment are based on Balance of Payments reported by the International Monetary Fund. Unless otherwise specified in the specific years.,Niger,"Foreign direct investment, net inflows in reporting economy (DRS, current US$)"
Country-Series,NGA,BX.KLT.DINV.CD.DT,Data on Foreign Direct Investment are based on Balance of Payments reported by the International Monetary Fund. Unless otherwise specified in the specific years.,Nigeria,"Foreign direct investment, net inflows in reporting economy (DRS, current US$)"
Country-Series,NGA,SP.POP.TOTL,Data source: United Nations World Population Prospects,Nigeria,"Population, total"
Country-Series,NGA,DT.DOD.DECT.CD,"Long-term public and publicly guaranteed debt data for 2024 are based on reports provided by the country. Long-term private nonguaranteed debt data for 2024 are World Bank staff estimates based on Central Bank IIP and market data. Short-term debt data for 2024 are based on Central Bank IIP and BIS data. DSSI eligible, but not participating in 2020 and 2021.",Nigeria,"External debt stocks, total (DOD, current US$)"
Country-Series,NIC,DT.DOD.DECT.CD,"Long-term public and publicly guaranteed and long-term private nonguaranteed and short-term debt data for 2024 are based on reports provided by the country.Data include the effects of HIPC and MDRI debt relief. DSSI eligible, but not participating in 2020 and 2021.",Nicaragua,"External debt stocks, total (DOD, current US$)"
Country-Series,NIC,SP.POP.TOTL,Data source: United Nations World Population Prospects,Nicaragua,"Population, total"
Country-Series,NIC,BX.KLT.DINV.CD.DT,Data on Foreign Direct Investment are based on Balance of Payments reported by the International Monetary Fund. Unless otherwise specified in the specific years.,Nicaragua,"Foreign direct investment, net inflows in reporting economy (DRS, current US$)"
Country-Series,NPL,BX.KLT.DINV.CD.DT,Data on Foreign Direct Investment are based on Balance of Payments reported by the International Monetary Fund. Unless otherwise specified in the specific years.,Nepal,"Foreign direct investment, net inflows in reporting economy (DRS, current US$)"
Country-Series,NPL,SP.POP.TOTL,Data source: United Nations World Population Prospects,Nepal,"Population, total"
Country-Series,NPL,DT.DOD.DECT.CD,Long-term public and publicly guaranteed debt data for 2024 are based on reports provided by the country. Long-term private nonguaranteed and short-term debt data for 2024 are World Bank staff estimates based on the Quarterly External Debt Statistics database (http://datatopics.worldbank.org/debt/qeds). DSSI eligible and participating in 2020 and 2021.,Nepal,"External debt stocks, total (DOD, current US$)"
Country-Series,PAK,DT.DOD.DECT.CD,"Long-term public and publicly guaranteed and long-term private nonguaranteed debt data for 2024 are based on reports provided by the country. Short-term debt data for 2024 are sourced by the Quarterly External Debt Statistics database (http://datatopics.worldbank.org/debt/qeds). Debt service data for long-term private nonguaranteed and short-term debt are based on the publications of State Bank of Pakistan. DSSI eligible and participating in 2020, 2021, 2022 and 2023.",Pakistan,"External debt stocks, total (DOD, current US$)"
Country-Series,PAK,SP.POP.TOTL,Data source: United Nations World Population Prospects,Pakistan,"Population, total"
Country-Series,PAK,BX.KLT.DINV.CD.DT,Data on Foreign Direct Investment are based on Balance of Payments reported by the International Monetary Fund. Unless otherwise specified in the specific years.,Pakistan,"Foreign direct investment, net inflows in reporting economy (DRS, current US$)"
Country-Series,PER,BX.KLT.DINV.CD.DT,Data on Foreign Direct Investment are based on Balance of Payments reported by the International Monetary Fund. Unless otherwise specified in the specific years.,Peru,"Foreign direct investment, net inflows in reporting economy (DRS, current US$)"
Country-Series,PER,SP.POP.TOTL,Data source: United Nations World Population Prospects,Peru,"Population, total"
Country-Series,PER,DT.DOD.DECT.CD,Long-term public and publicly guaranteed debt and long-term private nonguaranteed debt data data for 2024 are based on reports provided by the country. Data for 2007 include Bond prepayment and prepayment to Paris Club creditors. Short-term debt data for 2024 are sourced by the Quarterly External Debt Statistics database (http://datatopics.worldbank.org/debt/qeds).,Peru,"External debt stocks, total (DOD, current US$)"
Country-Series,PHL,SP.POP.TOTL,Data source: United Nations World Population Prospects,Philippines,"Population, total"
Country-Series,PHL,DT.DOD.DPNG.CD,"Long-term private nonguaranteed debt includes the following monitored aggregate private-sector debt: unregistered debt, intercompany debt and capital leases.",Philippines,"External debt stocks, private nonguaranteed (PNG) (DOD, current US$)"
Country-Series,PHL,BX.KLT.DINV.CD.DT,Data on Foreign Direct Investment are based on Balance of Payments reported by the International Monetary Fund. Unless otherwise specified in the specific years.,Philippines,"Foreign direct investment, net inflows in reporting economy (DRS, current US$)"
Country-Series,PHL,DT.DOD.DECT.CD,"Long-term public and publicly guaranteed, long-term private nonguaranteed, and short-term debt data for 2024 are based on reports provided by the country. Long-term private nonguaranteed debt data no longer include unregistered debt and are revised from 2005 based on the reports provided by the country.",Philippines,"External debt stocks, total (DOD, current US$)"
Country-Series,PNG,BX.KLT.DINV.CD.DT,Data on Foreign Direct Investment are based on Balance of Payments reported by the International Monetary Fund. Unless otherwise specified in the specific years.,Papua New Guinea,"Foreign direct investment, net inflows in reporting economy (DRS, current US$)"
Country-Series,PNG,DT.DOD.DECT.CD,Long-term public and publicly guaranteed and long-term private nonguaranteed debt data for 2024 are based on reports provided by the country. Short-term debt for 2024 is based on data from the BIS. DSSI eligible and participating in 2020 and 2021.,Papua New Guinea,"External debt stocks, total (DOD, current US$)"
Country-Series,PNG,SP.POP.TOTL,Data source: United Nations World Population Prospects,Papua New Guinea,"Population, total"
Country-Series,PRY,SP.POP.TOTL,Data source: United Nations World Population Prospects,Paraguay,"Population, total"
Country-Series,PRY,DT.DOD.DECT.CD,Long-term public and publicly guaranteed debt and long-term private nonguaranteed debt for 2024 are based on reports provided by the country. Short-term debt data for 2024 are based on Central Bank data.,Paraguay,"External debt stocks, total (DOD, current US$)"
Country-Series,PRY,BX.KLT.DINV.CD.DT,Data on Foreign Direct Investment are based on Balance of Payments reported by the International Monetary Fund. Unless otherwise specified in the specific years.,Paraguay,"Foreign direct investment, net inflows in reporting economy (DRS, current US$)"
Country-Series,RWA,BX.KLT.DINV.CD.DT,Data on Foreign Direct Investment are based on Balance of Payments reported by the International Monetary Fund. Unless otherwise specified in the specific years.,Rwanda,"Foreign direct investment, net inflows in reporting economy (DRS, current US$)"
Country-Series,RWA,DT.DOD.DECT.CD,Long-term public and publicly guaranteed debt data and long-term private nonguaranteed debt data for 2024 are based on reports provided by the country. Short-term debt data for 2024 are sourced by the Quarterly External Debt Statistics database (http://datatopics.worldbank.org/debt/qeds). Data include the effects of HIPC and MDRI debt relief. DSSI eligible and not participating in 2020 and 2021.,Rwanda,"External debt stocks, total (DOD, current US$)"
Country-Series,RWA,SP.POP.TOTL,Data source: United Nations World Population Prospects,Rwanda,"Population, total"
Country-Series,SAS,BX.KLT.DINV.CD.DT,Data on Foreign Direct Investment are based on Balance of Payments reported by the International Monetary Fund. Unless otherwise specified in the specific years.,South Asia,"Foreign direct investment, net inflows in reporting economy (DRS, current US$)"
Country-Series,SDN,BX.KLT.DINV.CD.DT,Data on Foreign Direct Investment are based on Balance of Payments reported by the International Monetary Fund. Unless otherwise specified in the specific years.,Sudan,"Foreign direct investment, net inflows in reporting economy (DRS, current US$)"
Country-Series,SDN,SP.POP.TOTL,Data source: United Nations World Population Prospects. Estimates are for Sudan excluding South Sudan.,Sudan,"Population, total"
Country-Series,SDN,DT.DOD.DECT.CD,"Long-term public and publicly guaranteed debt data for 2024 are World Bank staff estimates. Long-term private nonguaranteed debt data are not available. Short-term debt for 2024 is based on data from the BIS. Data include the effects of HIPC debt relief from the World Bank, IMF, and African Development Bank only.",Sudan,"External debt stocks, total (DOD, current US$)"
Country-Series,SEN,DT.DOD.DECT.CD,"Long-term public and publicly guaranteed debt data for 2024 are based on reports provided by the country, and do not include the debt of state-owned enterprises (SOEs). Long-term private nonguaranteed debt and short-term debt for 2024 are based on data from the Central Bank of West African States, National Directorate Senegal. Data include the effects of Paris Club debt restructuring agreement and HIPC and MDRI debt relief. DSSI eligible and participating in 2020 and 2021.",Senegal,"External debt stocks, total (DOD, current US$)"
Country-Series,SEN,SP.POP.TOTL,Data source: United Nations World Population Prospects,Senegal,"Population, total"
Country-Series,SEN,BX.KLT.DINV.CD.DT,Data on Foreign Direct Investment are based on Balance of Payments reported by the International Monetary Fund. Unless otherwise specified in the specific years.,Senegal,"Foreign direct investment, net inflows in reporting economy (DRS, current US$)"
Country-Series,SLB,BX.KLT.DINV.CD.DT,Data on Foreign Direct Investment are based on Balance of Payments reported by the International Monetary Fund. Unless otherwise specified in the specific years.,Solomon Islands,"Foreign direct investment, net inflows in reporting economy (DRS, current US$)"
Country-Series,SLB,SP.POP.TOTL,Data source: United Nations World Population Prospects,Solomon Islands,"Population, total"
Country-Series,SLB,DT.DOD.DECT.CD,Long-term public and publicly guaranteed debt and long-term private nonguaranteed debt data for 2024 are based on reports provided by the country. Short-term debt data for 2024 is sourced by the Quarterly External Debt Statistics database (http://datatopics.worldbank.org/debt/qeds). DSSI eligible and not participating in 2020 and 2021,Solomon Islands,"External debt stocks, total (DOD, current US$)"
Country-Series,SLE,SP.POP.TOTL,Data source: United Nations World Population Prospects,Sierra Leone,"Population, total"
Country-Series,SLE,BX.KLT.DINV.CD.DT,Data on Foreign Direct Investment are based on Balance of Payments reported by the International Monetary Fund. Unless otherwise specified in the specific years.,Sierra Leone,"Foreign direct investment, net inflows in reporting economy (DRS, current US$)"
Country-Series,SLE,DT.DOD.DECT.CD,Long-term public and publicly guaranteed debt data for 2024 are based on reports provided by the country. Long-term private nonguaranteed debt data are not available. Short-term debt data for 2024 are sourced from the country reports. Data include the effects of Paris Club debt restructuring agreement and HIPC and MDRI debt relief. DSSI eligible and participating in 2020 and 2021.,Sierra Leone,"External debt stocks, total (DOD, current US$)"
Country-Series,SLV,DT.DOD.DECT.CD,Long-term public and publicly guaranteed debt data for 2024 are based on reports provided by the country. Long-term private nonguaranteed debt data are World Bank staff estimates based on country reports and market data. Short-term debt data for 2024 are sourced by the Quarterly External Debt Statistics database (http://datatopics.worldbank.org/debt/qeds).,El Salvador,"External debt stocks, total (DOD, current US$)"
Country-Series,SLV,BX.KLT.DINV.CD.DT,Data on Foreign Direct Investment are based on Balance of Payments reported by the International Monetary Fund. Unless otherwise specified in the specific years.,El Salvador,"Foreign direct investment, net inflows in reporting economy (DRS, current US$)"
Country-Series,SLV,SP.POP.TOTL,Data source: United Nations World Population Prospects,El Salvador,"Population, total"
Country-Series,SOM,SP.POP.TOTL,Data source: United Nations World Population Prospects,"Somalia, Fed. Rep.","Population, total"
Country-Series,SOM,BX.KLT.DINV.CD.DT,Data on Foreign Direct Investment are based on Balance of Payments reported by the International Monetary Fund. Unless otherwise specified in the specific years.,"Somalia, Fed. Rep.","Foreign direct investment, net inflows in reporting economy (DRS, current US$)"
Country-Series,SOM,DT.DOD.DECT.CD,"Long-term public and publicly guaranteed debt data for 2024 are based on reports provided by the country. Long-term private nonguaranteed debt data and short-term debt data are not available. Beginning in 2018, the data reflect the outstanding debt stock, principal and interest arrears, and include late interest/penalties amounts following the reconcilation excercise by Goverment of Somalia with respective creditors. Data include the effects of Paris Club debt restructuring agreement, HIPC and MDRI debt relief. DSSI eligible and not participating in 2020 and 2021.","Somalia, Fed. Rep.","External debt stocks, total (DOD, current US$)"
Country-Series,SRB,DT.DOD.DECT.CD,"Long-term public and publicly guaranteed, long-term private nonguaranteed and short-term debt data for 2024 are based on reports provided by the country.",Serbia,"External debt stocks, total (DOD, current US$)"
Country-Series,SRB,BX.KLT.DINV.CD.DT,Data on Foreign Direct Investment are based on Balance of Payments reported by the International Monetary Fund. Unless otherwise specified in the specific years.,Serbia,"Foreign direct investment, net inflows in reporting economy (DRS, current US$)"
Country-Series,SRB,SP.POP.TOTL,"Data source: Statistical Office of the Republic of Serbia, Eurostat, TransMONEE, Council of Europe. Note: Excluding Kosovo.",Serbia,"Population, total"
Country-Series,SSA,BX.KLT.DINV.CD.DT,Data on Foreign Direct Investment are based on Balance of Payments reported by the International Monetary Fund. Unless otherwise specified in the specific years.,Sub-Saharan Africa (excluding high income),"Foreign direct investment, net inflows in reporting economy (DRS, current US$)"
Country-Series,STP,BX.KLT.DINV.CD.DT,Data on Foreign Direct Investment are based on Balance of Payments reported by the International Monetary Fund. Unless otherwise specified in the specific years.,São Tomé and Principe,"Foreign direct investment, net inflows in reporting economy (DRS, current US$)"
Country-Series,STP,SP.POP.TOTL,Data source: United Nations World Population Prospects,São Tomé and Principe,"Population, total"
Country-Series,STP,DT.DOD.DECT.CD,"Long-term public and publicly guaranteed debt data for 2024 are based on reports provided by the country. Long-term private nonguaranteed debt data are not available. Short-term debt data for 2024 is based on data from the BIS. Data include HIPC and MDRI debt relief. DSSI eligible and participating in 2020, 2021 and 2022.",São Tomé and Principe,"External debt stocks, total (DOD, current US$)"
Country-Series,SUR,DT.DOD.DECT.CD,"Long-term public and publicly guaranteed, long-term private nonguaranteed and short-term debt data for 2024 are based on reports provided by the country.",Suriname,"External debt stocks, total (DOD, current US$)"
Country-Series,SUR,SP.POP.TOTL,Data source: United Nations World Population Prospects,Suriname,"Population, total"
Country-Series,SWZ,SP.POP.TOTL,Data source: United Nations World Population Prospects,Eswatini,"Population, total"
Country-Series,SWZ,BX.KLT.DINV.CD.DT,Data on Foreign Direct Investment are based on Balance of Payments reported by the International Monetary Fund. Unless otherwise specified in the specific years.,Eswatini,"Foreign direct investment, net inflows in reporting economy (DRS, current US$)"
Country-Series,SWZ,DT.DOD.DECT.CD,"Long-term public and publicly guaranteed debt data for 2024 are based on reports provided by the country. Long-term private nonguaranteed debt data are World Bank staff estimates based on IIP, IMF. Short-term debt for 2024 is based on data from the BIS.",Eswatini,"External debt stocks, total (DOD, current US$)"
Country-Series,SYR,DT.DOD.DECT.CD,Long-term public and publicly guaranteed debt data for 2024 are World Bank staff estimates based on the projected amortization of debt with known terms as of end 2010. These estimates do not account for any new external debt that may have been contracted by Syria since the last reporting period. Long-term private nonguaranteed debt data are not available. Short-term debt for 2024 is based on data from the BIS.,Syrian Arab Republic,"External debt stocks, total (DOD, current US$)"
Country-Series,SYR,BX.KLT.DINV.CD.DT,Data on Foreign Direct Investment are based on Balance of Payments reported by the International Monetary Fund. Unless otherwise specified in the specific years.,Syrian Arab Republic,"Foreign direct investment, net inflows in reporting economy (DRS, current US$)"
Country-Series,SYR,SP.POP.TOTL,Data source: United Nations World Population Prospects,Syrian Arab Republic,"Population, total"
Country-Series,TCD,SP.POP.TOTL,Data source: United Nations World Population Prospects,Chad,"Population, total"
Country-Series,TCD,BX.KLT.DINV.CD.DT,Data on Foreign Direct Investment are based on Balance of Payments reported by the International Monetary Fund. Unless otherwise specified in the specific years.,Chad,"Foreign direct investment, net inflows in reporting economy (DRS, current US$)"
Country-Series,TCD,DT.DOD.DECT.CD,Long-term public and publicly guaranteed debt data for 2024 are partly based on reports provided by the country and World Bank staff estimates due to incomplete reports. Long-term private nonguaranteed debt data are not available. Short-term debt data for 2024 is based on data from the BIS. Data include the effects of HIPC debt relief. DSSI eligible and participating in 2020 and 2021.,Chad,"External debt stocks, total (DOD, current US$)"
Country-Series,TGO,DT.DOD.DECT.CD,Long-term public and publicly guaranteed debt data for 2024 are based on reports provided by the country. Long-term private nonguaranteed debt data are World Bank staff estimates based on the market data. Short-term debt for 2024 is based on data from the BIS. Data include the effects of Paris Club debt restructuring agreement and HIPC and MDRI debt relief. DSSI eligible and participating in 2020 and 2021.,Togo,"External debt stocks, total (DOD, current US$)"
Country-Series,TGO,BX.KLT.DINV.CD.DT,Data on Foreign Direct Investment are based on Balance of Payments reported by the International Monetary Fund. Unless otherwise specified in the specific years.,Togo,"Foreign direct investment, net inflows in reporting economy (DRS, current US$)"
Country-Series,TGO,SP.POP.TOTL,Data source: United Nations World Population Prospects,Togo,"Population, total"
Country-Series,THA,SP.POP.TOTL,Data source: United Nations World Population Prospects,Thailand,"Population, total"
Country-Series,THA,DT.DOD.DECT.CD,Long-term public and publicly guaranteed and long-term private nonguaranteed debt data for 2024 are based on reports provided by the country. Short-term debt data for 2024 are sourced by the Quarterly External Debt Statistics database (http://datatopics.worldbank.org/debt/qeds).,Thailand,"External debt stocks, total (DOD, current US$)"
Country-Series,THA,BX.KLT.DINV.CD.DT,Data on Foreign Direct Investment are based on Balance of Payments reported by the International Monetary Fund. Unless otherwise specified in the specific years.,Thailand,"Foreign direct investment, net inflows in reporting economy (DRS, current US$)"
Country-Series,TJK,BX.KLT.DINV.CD.DT,Data on Foreign Direct Investment are based on Balance of Payments reported by the International Monetary Fund. Unless otherwise specified in the specific years.,Tajikistan,"Foreign direct investment, net inflows in reporting economy (DRS, current US$)"
Country-Series,TJK,SP.POP.TOTL,Data source: United Nations World Population Prospects,Tajikistan,"Population, total"
Country-Series,TJK,DT.DOD.DECT.CD,"Long-term public and publicly guaranteed debt, long-term private nonguaranteed, and short-term debt data for 2024 are based on reports provided by the country. Short-term debt from 2015 to 2017 is sourced by the Quarterly External Debt Statistics database (http://datatopics.worldbank.org/debt/qeds) and before 2015 is based on data from the BIS. Data include MDRI debt relief. DSSI eligible and participated in 2020, but not participating in 2021.",Tajikistan,"External debt stocks, total (DOD, current US$)"
Country-Series,TKM,DT.DOD.DECT.CD,"Long-term public and publicly guaranteed debt data for 2024 are based on reports provided by the country. The country resumed reporting on long-term public and publicly guaranteed debt in 2021, and the time series from 2008 onward has been revised. Long-term private nonguaranteed debt data (excluding bonds) only cover European Bank for Reconstruction and Development lending. Short-term debt for 2024 is based on data from the BIS.",Turkmenistan,"External debt stocks, total (DOD, current US$)"
Country-Series,TKM,SP.POP.TOTL,Data source: United Nations World Population Prospects,Turkmenistan,"Population, total"
Country-Series,TKM,BX.KLT.DINV.CD.DT,Data on Foreign Direct Investment are based on Balance of Payments reported by the International Monetary Fund. Unless otherwise specified in the specific years.,Turkmenistan,"Foreign direct investment, net inflows in reporting economy (DRS, current US$)"
Country-Series,TLS,SP.POP.TOTL,Data source: United Nations World Population Prospects,Timor-Leste,"Population, total"
Country-Series,TLS,DT.DOD.DECT.CD,Long-term public and publicly guaranteed debt data for 2024 are based on reports provided by the country. Long-term private nonguaranteed debt data are not available. Short-term debt for 2024 is based on data from the BIS. DSSI eligible and not participating in 2020 and 2021.,Timor-Leste,"External debt stocks, total (DOD, current US$)"
Country-Series,TON,DT.DOD.DECT.CD,Long-term public and publicly guaranteed debt data for 2024 are based on reports provided by the country. Long-term private nonguaranteed debt data are not available.  Short-term debt for 2024 is sourced by the Quarterly External Debt Statistics database (http://datatopics.worldbank.org/debt/qeds). DSSI eligible and participating in 2020 and 2021.,Tonga,"External debt stocks, total (DOD, current US$)"
Country-Series,TON,SP.POP.TOTL,Data source: United Nations World Population Prospects,Tonga,"Population, total"
Country-Series,TON,BX.KLT.DINV.CD.DT,Data on Foreign Direct Investment are based on Balance of Payments reported by the International Monetary Fund. Unless otherwise specified in the specific years.,Tonga,"Foreign direct investment, net inflows in reporting economy (DRS, current US$)"
Country-Series,TUN,BX.KLT.DINV.CD.DT,Data on Foreign Direct Investment are based on Balance of Payments reported by the International Monetary Fund. Unless otherwise specified in the specific years.,Tunisia,"Foreign direct investment, net inflows in reporting economy (DRS, current US$)"
Country-Series,TUN,SP.POP.TOTL,Data source: United Nations World Population Prospects,Tunisia,"Population, total"
Country-Series,TUN,DT.DOD.DECT.CD,Long-term public and publicly guaranteed and long-term private nonguaranteed debt data for 2024 are based on reports provided by the country. Short-term debt data for 2024 are sourced by the Quarterly External Debt Statistics database (http://datatopics.worldbank.org/debt/qeds). Data include the effects of HIPC and MDRI debt relief.,Tunisia,"External debt stocks, total (DOD, current US$)"
Country-Series,TUR,DT.DOD.DECT.CD,Long-term public and publicly guaranteed and long-term private nonguaranteed debt data for 2024 are based on reports provided by the country. Short-term debt data for 2024 are sourced by the Quarterly External Debt Statistics database (http://datatopics.worldbank.org/debt/qeds).,Türkiye,"External debt stocks, total (DOD, current US$)"
Country-Series,TUR,SP.POP.TOTL,Data source: United Nations World Population Prospects,Türkiye,"Population, total"
Country-Series,TUR,BX.KLT.DINV.CD.DT,Data on Foreign Direct Investment are based on Balance of Payments reported by the International Monetary Fund. Unless otherwise specified in the specific years.,Türkiye,"Foreign direct investment, net inflows in reporting economy (DRS, current US$)"
Country-Series,TZA,BX.KLT.DINV.CD.DT,Data on Foreign Direct Investment are based on Balance of Payments reported by the International Monetary Fund. Unless otherwise specified in the specific years.,Tanzania,"Foreign direct investment, net inflows in reporting economy (DRS, current US$)"
Country-Series,TZA,DT.DOD.DPPG.CD,Data include debt liabilities of Zanzibar.,Tanzania,"External debt stocks, public and publicly guaranteed (PPG) (DOD, current US$)"
Country-Series,TZA,DT.DOD.DECT.CD,Long-term public and publicly guaranteed and long-term private nonguaranteed debt data for 2024 are based on reports provided by the country. Short-term debt for 2024 is based on data from the BIS. Data include the effects of HIPC and MDRI debt relief. DSSI eligible and participating in 2020 and 2021.,Tanzania,"External debt stocks, total (DOD, current US$)"
Country-Series,TZA,SP.POP.TOTL,Data source: United Nations World Population Prospects,Tanzania,"Population, total"
Country-Series,UGA,SP.POP.TOTL,Data source: United Nations World Population Prospects,Uganda,"Population, total"
Country-Series,UGA,BX.KLT.DINV.CD.DT,Data on Foreign Direct Investment are based on Balance of Payments reported by the International Monetary Fund. Unless otherwise specified in the specific years.,Uganda,"Foreign direct investment, net inflows in reporting economy (DRS, current US$)"
Country-Series,UGA,DT.DOD.DECT.CD,Long-term public and publicly guaranteed debt for 2024 are based on reports provided by the country. Long term private nonguaranteed debt and short-term debt data for 2024 are sourced by the Quarterly External Debt Statistics database (http://datatopics.worldbank.org/debt/qeds). Data include the effects of HIPC and MDRI debt relief. DSSI eligible and not participating in 2020 and 2021.,Uganda,"External debt stocks, total (DOD, current US$)"
Country-Series,UKR,BX.KLT.DINV.CD.DT,Data on Foreign Direct Investment are based on Balance of Payments reported by the International Monetary Fund. Unless otherwise specified in the specific years.,Ukraine,"Foreign direct investment, net inflows in reporting economy (DRS, current US$)"
Country-Series,UKR,DT.DOD.DECT.CD,Long-term public and publicly guaranteed and long-term private nonguaranteed debt data for 2024 are based on reports provided by the country. Short-term debt data for 2024 are sourced by the Quarterly External Debt Statistics database (http://datatopics.worldbank.org/debt/qeds). Data include the effects of recent debt restructuring.,Ukraine,"External debt stocks, total (DOD, current US$)"
Country-Series,UKR,SP.POP.TOTL,"Data source: State Statistics Committee of Ukraine, United Nations World Population Prospects, Council of Europe, United Nations Population and Vital Statistics Report",Ukraine,"Population, total"
Country-Series,UMC,BX.KLT.DINV.CD.DT,Data on Foreign Direct Investment are based on Balance of Payments reported by the International Monetary Fund. Unless otherwise specified in the specific years.,Upper middle income,"Foreign direct investment, net inflows in reporting economy (DRS, current US$)"
Country-Series,UZB,BX.KLT.DINV.CD.DT,Data on Foreign Direct Investment are based on Balance of Payments reported by the International Monetary Fund. Unless otherwise specified in the specific years.,Uzbekistan,"Foreign direct investment, net inflows in reporting economy (DRS, current US$)"
Country-Series,UZB,SP.POP.TOTL,"Data source: State Committee of the Republic of Uzbekistan on Statistics, United Nations World Population Prospects",Uzbekistan,"Population, total"
Country-Series,UZB,DT.DOD.DECT.CD,Long-term public and publicly guaranteed and long-term private nonguaranteed debt data for 2024 are based on reports provided by the country. Short-term debt for 2024 are sourced by the Quarterly External Debt Statistics database (http://datatopics.worldbank.org/debt/qeds). DSSI eligible and not participating in 2020 and 2021.,Uzbekistan,"External debt stocks, total (DOD, current US$)"
Country-Series,VCT,SP.POP.TOTL,Data source: United Nations World Population Prospects,St. Vincent and the Grenadines,"Population, total"
Country-Series,VCT,BX.KLT.DINV.CD.DT,Data on Foreign Direct Investment are based on Balance of Payments reported by the International Monetary Fund. Unless otherwise specified in the specific years.,St. Vincent and the Grenadines,"Foreign direct investment, net inflows in reporting economy (DRS, current US$)"
Country-Series,VCT,DT.DOD.DSTC.CD,Short-term debt data are excluded since BIS data include debt liabilities of offshore centers located in the country.,St. Vincent and the Grenadines,"External debt stocks, short-term (DOD, current US$)"
Country-Series,VCT,DT.DOD.DECT.CD,"Long-term public and publicly guaranteed debt data for 2024 are based on reports provided by the country. Long-term private nonguaranteed debt data are not available. Short-term debt data for 2024 are based on reports provided by the country. DSSI eligible and did not participate in 2020, but participating in 2021.",St. Vincent and the Grenadines,"External debt stocks, total (DOD, current US$)"
Country-Series,VNM,DT.DOD.DECT.CD,"Long-term public and publicly guaranteed debt, long-term private nonguaranteed debt and short-term debt data for 2024 are based on reports provided by the country.",Viet Nam,"External debt stocks, total (DOD, current US$)"
Country-Series,VNM,BX.KLT.DINV.CD.DT,Data on Foreign Direct Investment are based on Balance of Payments reported by the International Monetary Fund. Unless otherwise specified in the specific years.,Viet Nam,"Foreign direct investment, net inflows in reporting economy (DRS, current US$)"
Country-Series,VNM,SP.POP.TOTL,Data source: United Nations World Population Prospects,Viet Nam,"Population, total"
Country-Series,VUT,SP.POP.TOTL,Data source: United Nations World Population Prospects,Vanuatu,"Population, total"
Country-Series,VUT,BX.KLT.DINV.CD.DT,Data on Foreign Direct Investment are based on Balance of Payments reported by the International Monetary Fund. Unless otherwise specified in the specific years.,Vanuatu,"Foreign direct investment, net inflows in reporting economy (DRS, current US$)"
Country-Series,VUT,DT.DOD.DECT.CD,Long-term public and publicly guaranteed debt data for 2024 are based on reports provided by the country. Long-term private nonguaranteed debt data are not available. Short-term debt for 2024 is based on data from the BIS. DSSI eligible and not participating in 2020 and 2021.,Vanuatu,"External debt stocks, total (DOD, current US$)"
Country-Series,WSM,DT.DOD.DECT.CD,Long-term public and publicly guaranteed debt data for 2024 are based on reports provided by the country. Long-term private nonguaranteed debt and short-term debt data for 2024 are sourced by the Quarterly External Debt Statistics database (http://datatopics.worldbank.org/debt/qeds). DSSI eligible and participating in 2020 and 2021.,Samoa,"External debt stocks, total (DOD, current US$)"
Country-Series,WSM,DT.DOD.DSTC.CD,Short-term debt data are excluded since BIS data include debt liabilities of offshore centers located in the country.,Samoa,"External debt stocks, short-term (DOD, current US$)"
Country-Series,WSM,BX.KLT.DINV.CD.DT,Data on Foreign Direct Investment are based on Balance of Payments reported by the International Monetary Fund. Unless otherwise specified in the specific years.,Samoa,"Foreign direct investment, net inflows in reporting economy (DRS, current US$)"
Country-Series,WSM,SP.POP.TOTL,Data source: United Nations World Population Prospects,Samoa,"Population, total"
Country-Series,XKX,BX.KLT.DINV.CD.DT,Data on Foreign Direct Investment are based on Balance of Payments reported by the International Monetary Fund. Unless otherwise specified in the specific years.,Kosovo,"Foreign direct investment, net inflows in reporting economy (DRS, current US$)"
Country-Series,XKX,SP.POP.TOTL,"Data source: Kosovo Agency of Statistics, U.S. Census Bureau",Kosovo,"Population, total"
Country-Series,XKX,DT.DOD.DECT.CD,"Long-term public and publicly guaranteed debt, long-term private nonguaranteed debt and short-term debt data for 2024 are based on reports provided by the country. DSSI eligible and not participating in 2020 and 2021.",Kosovo,"External debt stocks, total (DOD, current US$)"
Country-Series,YEM,DT.DOD.DECT.CD,Long-term public and publicly guaranteed debt data starting from 2019 and onwards are World Bank staff estimates based on the original terms of the loans. Long-term private nonguaranteed debt data are not available. Short-term debt is based on data from the BIS. DSSI eligible and participating in 2020 and 2021 but country has not reported data.,"Yemen, Rep.","External debt stocks, total (DOD, current US$)"
Country-Series,YEM,BX.KLT.DINV.CD.DT,Data on Foreign Direct Investment are based on Balance of Payments reported by the International Monetary Fund. Unless otherwise specified in the specific years.,"Yemen, Rep.","Foreign direct investment, net inflows in reporting economy (DRS, current US$)"
Country-Series,YEM,SP.POP.TOTL,Data source: United Nations World Population Prospects,"Yemen, Rep.","Population, total"
Country-Series,ZAF,SP.POP.TOTL,Data source: United Nations World Population Prospects,South Africa,"Population, total"
Country-Series,ZAF,BX.KLT.DINV.CD.DT,Data on Foreign Direct Investment are based on Balance of Payments reported by the International Monetary Fund. Unless otherwise specified in the specific years.,South Africa,"Foreign direct investment, net inflows in reporting economy (DRS, current US$)"
Country-Series,ZAF,DT.DOD.DECT.CD,"Long-term public and publicly guaranteed, long-term private nonguaranteed debt and short-term debt data for 2024 are based on reports provided by the country.",South Africa,"External debt stocks, total (DOD, current US$)"
Country-Series,ZMB,BX.KLT.DINV.CD.DT,Data on Foreign Direct Investment are based on Balance of Payments reported by the International Monetary Fund. Unless otherwise specified in the specific years.,Zambia,"Foreign direct investment, net inflows in reporting economy (DRS, current US$)"
Country-Series,ZMB,SP.POP.TOTL,Data source: United Nations World Population Prospects,Zambia,"Population, total"
Country-Series,ZMB,DT.DOD.DECT.CD,Long-term public and publicly guaranteed debt and long-term private nonguaranteed debt data for 2024 are based on reports provided by the country. Long-term private nonguaranteed debt data from 2017 to 2018 are estimates based on country reports and the debt stock reflects new methodology and coverage of debt since 2017. Short-term debt data for 2024 is based on data from the BIS. DSSI eligible and participating in 2020 and 2021.,Zambia,"External debt stocks, total (DOD, current US$)"
Country-Series,ZWE,DT.DOD.DECT.CD,Long-term public and publicly guaranteed and long-term private nonguaranteed debt data for 2024 are based on reports provided by the country. Short-term debt for 2024 is based on data from the BIS.,Zimbabwe,"External debt stocks, total (DOD, current US$)"
Country-Series,ZWE,SP.POP.TOTL,Data source: United Nations World Population Prospects,Zimbabwe,"Population, total"
Country-Series,ZWE,BX.KLT.DINV.CD.DT,Data on Foreign Direct Investment are based on Balance of Payments reported by the International Monetary Fund. Unless otherwise specified in the specific years.,Zimbabwe,"Foreign direct investment, net inflows in reporting economy (DRS, current US$)"
