type,country code,series code,time code,description,country name,series name
FootNote,AFG,BX.TRF.PWKR.CD.DT,2024 (YR2024),"Data on Personal Transfers and Compensation of Employees are prepared by World Bank staff based on IMF's Balance of Payments statistics and data releases from central banks, national statistical agencies, and World Bank country desks.",Afghanistan,"Personal transfers and compensation of employees, received (current US$)"
FootNote,AFG,BX.TRF.PWKR.CD.DT,2023 (YR2023),"Source: United Nations Conference on Trade and Development, Balance of Payments Online database.",Afghanistan,"Personal transfers and compensation of employees, received (current US$)"
FootNote,AFG,BX.TRF.PWKR.CD.DT,2021 (YR2021),"Source: United Nations Conference on Trade and Development, Balance of Payments Online database.",Afghanistan,"Personal transfers and compensation of employees, received (current US$)"
FootNote,AFG,BX.TRF.PWKR.CD.DT,2022 (YR2022),"Source: United Nations Conference on Trade and Development, Balance of Payments Online database.",Afghanistan,"Personal transfers and compensation of employees, received (current US$)"
FootNote,AFG,BX.KLT.DINV.CD.DT,2021 (YR2021),"Source: United Nations Conference on Trade and Development, Foreign Direct Investment Online database.",Afghanistan,"Foreign direct investment, net inflows in reporting economy (DRS, current US$)"
FootNote,AFG,DT.DOD.PVLX.EX.ZS,2009 (YR2009),Data are from debt sustainability analyses for low-income countries. Present value estimates for these countries are for public and publicly guaranteed debt only.,Afghanistan,"Present value of external debt (% of exports of goods, services and income)"
FootNote,AFG,DT.DOD.PVLX.GN.ZS,2009 (YR2009),Data are from debt sustainability analyses for low-income countries. Present value estimates for these countries are for public and publicly guaranteed debt only.,Afghanistan,Present value of external debt (% of GNI)
FootNote,AFG,DT.DOD.DECT.CD,2007 (YR2007),Data include the effects of Enhanced HIPC Initiative.,Afghanistan,"External debt stocks, total (DOD, current US$)"
FootNote,AFG,DT.DOD.DECT.CD,2009 (YR2009),Data include the effects of Enhanced HIPC Initiative.,Afghanistan,"External debt stocks, total (DOD, current US$)"
FootNote,AFG,DT.DFR.DPPG.CD,2009 (YR2009),Data include the effects of Enhanced HIPC Initiative.,Afghanistan,Debt forgiveness or reduction (current US$)
FootNote,AFG,DT.DOD.DECT.CD,2008 (YR2008),Data include the effects of Enhanced HIPC Initiative.,Afghanistan,"External debt stocks, total (DOD, current US$)"
FootNote,AFG,DT.DFR.DPPG.CD,2007 (YR2007),Data include the effects of Enhanced HIPC Initiative.,Afghanistan,Debt forgiveness or reduction (current US$)
FootNote,AFG,DT.DFR.DPPG.CD,2008 (YR2008),Data include the effects of Enhanced HIPC Initiative.,Afghanistan,Debt forgiveness or reduction (current US$)
FootNote,AFG,DT.DOD.DECT.CD,2006 (YR2006),Data include the effects of the 2006 Paris Club rescheduling.,Afghanistan,"External debt stocks, total (DOD, current US$)"
FootNote,AFG,DT.DOD.DECT.CD,2010 (YR2010),Data include the effects of MDRI and HIPC debt relief.,Afghanistan,"External debt stocks, total (DOD, current US$)"
FootNote,AFG,BN.CAB.XOKA.CD,2005 (YR2005),"Source: United Nations Conference on Trade and Development, Balance of Payments Online database.",Afghanistan,Current account balance (current US$)
FootNote,AFG,BN.CAB.XOKA.CD,2006 (YR2006),"Source: United Nations Conference on Trade and Development, Balance of Payments Online database.",Afghanistan,Current account balance (current US$)
FootNote,AFG,BN.CAB.XOKA.CD,2002 (YR2002),"Source: United Nations Conference on Trade and Development, Balance of Payments Online database.",Afghanistan,Current account balance (current US$)
FootNote,AFG,BN.CAB.XOKA.CD,2007 (YR2007),"Source: United Nations Conference on Trade and Development, Balance of Payments Online database.",Afghanistan,Current account balance (current US$)
FootNote,AFG,BN.CAB.XOKA.CD,2003 (YR2003),"Source: United Nations Conference on Trade and Development, Balance of Payments Online database.",Afghanistan,Current account balance (current US$)
FootNote,AFG,BN.CAB.XOKA.CD,2004 (YR2004),"Source: United Nations Conference on Trade and Development, Balance of Payments Online database.",Afghanistan,Current account balance (current US$)
FootNote,AFG,BX.KLT.DINV.CD.DT,2001 (YR2001),"Source: United Nations Conference on Trade and Development, Foreign Direct Investment Online database.",Afghanistan,"Foreign direct investment, net inflows in reporting economy (DRS, current US$)"
FootNote,AFG,BX.KLT.DINV.CD.DT,2002 (YR2002),"Source: United Nations Conference on Trade and Development, Foreign Direct Investment Online database.",Afghanistan,"Foreign direct investment, net inflows in reporting economy (DRS, current US$)"
FootNote,AFG,BX.KLT.DINV.CD.DT,2005 (YR2005),"Source: United Nations Conference on Trade and Development, Foreign Direct Investment Online database.",Afghanistan,"Foreign direct investment, net inflows in reporting economy (DRS, current US$)"
FootNote,AFG,BX.KLT.DINV.CD.DT,2004 (YR2004),"Source: United Nations Conference on Trade and Development, Foreign Direct Investment Online database.",Afghanistan,"Foreign direct investment, net inflows in reporting economy (DRS, current US$)"
FootNote,AFG,BX.KLT.DINV.CD.DT,2007 (YR2007),"Source: United Nations Conference on Trade and Development, Foreign Direct Investment Online database.",Afghanistan,"Foreign direct investment, net inflows in reporting economy (DRS, current US$)"
FootNote,AFG,BX.KLT.DINV.CD.DT,2003 (YR2003),"Source: United Nations Conference on Trade and Development, Foreign Direct Investment Online database.",Afghanistan,"Foreign direct investment, net inflows in reporting economy (DRS, current US$)"
FootNote,AFG,BX.KLT.DINV.CD.DT,2006 (YR2006),"Source: United Nations Conference on Trade and Development, Foreign Direct Investment Online database.",Afghanistan,"Foreign direct investment, net inflows in reporting economy (DRS, current US$)"
FootNote,AFG,BX.KLT.DINV.CD.DT,1987 (YR1987),"Source: United Nations Conference on Trade and Development, Foreign Direct Investment Online database.",Afghanistan,"Foreign direct investment, net inflows in reporting economy (DRS, current US$)"
FootNote,AFG,BX.KLT.DINV.CD.DT,1996 (YR1996),"Source: United Nations Conference on Trade and Development, Foreign Direct Investment Online database.",Afghanistan,"Foreign direct investment, net inflows in reporting economy (DRS, current US$)"
FootNote,AFG,BX.KLT.DINV.CD.DT,1998 (YR1998),"Source: United Nations Conference on Trade and Development, Foreign Direct Investment Online database.",Afghanistan,"Foreign direct investment, net inflows in reporting economy (DRS, current US$)"
FootNote,AFG,BX.KLT.DINV.CD.DT,1995 (YR1995),"Source: United Nations Conference on Trade and Development, Foreign Direct Investment Online database.",Afghanistan,"Foreign direct investment, net inflows in reporting economy (DRS, current US$)"
FootNote,AFG,BX.KLT.DINV.CD.DT,1994 (YR1994),"Source: United Nations Conference on Trade and Development, Foreign Direct Investment Online database.",Afghanistan,"Foreign direct investment, net inflows in reporting economy (DRS, current US$)"
FootNote,AFG,BX.KLT.DINV.CD.DT,1997 (YR1997),"Source: United Nations Conference on Trade and Development, Foreign Direct Investment Online database.",Afghanistan,"Foreign direct investment, net inflows in reporting economy (DRS, current US$)"
FootNote,AFG,BX.KLT.DINV.CD.DT,1999 (YR1999),"Source: United Nations Conference on Trade and Development, Foreign Direct Investment Online database.",Afghanistan,"Foreign direct investment, net inflows in reporting economy (DRS, current US$)"
FootNote,AFG,BX.KLT.DINV.CD.DT,1992 (YR1992),"Source: United Nations Conference on Trade and Development, Foreign Direct Investment Online database.",Afghanistan,"Foreign direct investment, net inflows in reporting economy (DRS, current US$)"
FootNote,AFG,BX.KLT.DINV.CD.DT,1993 (YR1993),"Source: United Nations Conference on Trade and Development, Foreign Direct Investment Online database.",Afghanistan,"Foreign direct investment, net inflows in reporting economy (DRS, current US$)"
FootNote,AFG,BX.KLT.DINV.CD.DT,1991 (YR1991),"Source: United Nations Conference on Trade and Development, Foreign Direct Investment Online database.",Afghanistan,"Foreign direct investment, net inflows in reporting economy (DRS, current US$)"
FootNote,AFG,BX.KLT.DINV.CD.DT,2000 (YR2000),"Source: United Nations Conference on Trade and Development, Foreign Direct Investment Online database.",Afghanistan,"Foreign direct investment, net inflows in reporting economy (DRS, current US$)"
FootNote,AFG,BX.KLT.DINV.CD.DT,1981 (YR1981),"Source: United Nations Conference on Trade and Development, Foreign Direct Investment Online database.",Afghanistan,"Foreign direct investment, net inflows in reporting economy (DRS, current US$)"
FootNote,AFG,BX.KLT.DINV.CD.DT,1980 (YR1980),"Source: United Nations Conference on Trade and Development, Foreign Direct Investment Online database.",Afghanistan,"Foreign direct investment, net inflows in reporting economy (DRS, current US$)"
FootNote,AFG,BX.KLT.DINV.CD.DT,1972 (YR1972),"Source: United Nations Conference on Trade and Development, Foreign Direct Investment Online database.",Afghanistan,"Foreign direct investment, net inflows in reporting economy (DRS, current US$)"
FootNote,AFG,BX.KLT.DINV.CD.DT,1973 (YR1973),"Source: United Nations Conference on Trade and Development, Foreign Direct Investment Online database.",Afghanistan,"Foreign direct investment, net inflows in reporting economy (DRS, current US$)"
FootNote,AFG,BX.KLT.DINV.CD.DT,1976 (YR1976),"Source: United Nations Conference on Trade and Development, Foreign Direct Investment Online database.",Afghanistan,"Foreign direct investment, net inflows in reporting economy (DRS, current US$)"
FootNote,AFG,BX.KLT.DINV.CD.DT,1971 (YR1971),"Source: United Nations Conference on Trade and Development, Foreign Direct Investment Online database.",Afghanistan,"Foreign direct investment, net inflows in reporting economy (DRS, current US$)"
FootNote,AFG,BX.KLT.DINV.CD.DT,1977 (YR1977),"Source: United Nations Conference on Trade and Development, Foreign Direct Investment Online database.",Afghanistan,"Foreign direct investment, net inflows in reporting economy (DRS, current US$)"
FootNote,AFG,BX.KLT.DINV.CD.DT,1982 (YR1982),"Source: United Nations Conference on Trade and Development, Foreign Direct Investment Online database.",Afghanistan,"Foreign direct investment, net inflows in reporting economy (DRS, current US$)"
FootNote,AFG,BX.KLT.DINV.CD.DT,1979 (YR1979),"Source: United Nations Conference on Trade and Development, Foreign Direct Investment Online database.",Afghanistan,"Foreign direct investment, net inflows in reporting economy (DRS, current US$)"
FootNote,AFG,BX.KLT.DINV.CD.DT,1970 (YR1970),"Source: United Nations Conference on Trade and Development, Foreign Direct Investment Online database.",Afghanistan,"Foreign direct investment, net inflows in reporting economy (DRS, current US$)"
FootNote,DZA,BN.CAB.XOKA.CD,2002 (YR2002),"Source: United Nations Conference on Trade and Development, Balance of Payments Online database.",Algeria,Current account balance (current US$)
FootNote,DZA,BN.CAB.XOKA.CD,2004 (YR2004),"Source: United Nations Conference on Trade and Development, Balance of Payments Online database.",Algeria,Current account balance (current US$)
FootNote,DZA,BN.CAB.XOKA.CD,2003 (YR2003),"Source: United Nations Conference on Trade and Development, Balance of Payments Online database.",Algeria,Current account balance (current US$)
FootNote,DZA,BN.CAB.XOKA.CD,2001 (YR2001),"Source: United Nations Conference on Trade and Development, Balance of Payments Online database.",Algeria,Current account balance (current US$)
FootNote,DZA,BX.KLT.DINV.CD.DT,2003 (YR2003),"Source: United Nations Conference on Trade and Development, Foreign Direct Investment Online database.",Algeria,"Foreign direct investment, net inflows in reporting economy (DRS, current US$)"
FootNote,DZA,BX.KLT.DINV.CD.DT,2004 (YR2004),"Source: United Nations Conference on Trade and Development, Foreign Direct Investment Online database.",Algeria,"Foreign direct investment, net inflows in reporting economy (DRS, current US$)"
FootNote,DZA,BX.KLT.DINV.CD.DT,2001 (YR2001),"Source: United Nations Conference on Trade and Development, Foreign Direct Investment Online database.",Algeria,"Foreign direct investment, net inflows in reporting economy (DRS, current US$)"
FootNote,DZA,BX.KLT.DINV.CD.DT,2002 (YR2002),"Source: United Nations Conference on Trade and Development, Foreign Direct Investment Online database.",Algeria,"Foreign direct investment, net inflows in reporting economy (DRS, current US$)"
FootNote,DZA,BX.KLT.DINV.CD.DT,1992 (YR1992),"Source: United Nations Conference on Trade and Development, Foreign Direct Investment Online database.",Algeria,"Foreign direct investment, net inflows in reporting economy (DRS, current US$)"
FootNote,DZA,BX.KLT.DINV.CD.DT,1996 (YR1996),"Source: United Nations Conference on Trade and Development, Foreign Direct Investment Online database.",Algeria,"Foreign direct investment, net inflows in reporting economy (DRS, current US$)"
FootNote,DZA,BX.KLT.DINV.CD.DT,1998 (YR1998),"Source: United Nations Conference on Trade and Development, Foreign Direct Investment Online database.",Algeria,"Foreign direct investment, net inflows in reporting economy (DRS, current US$)"
FootNote,DZA,BX.KLT.DINV.CD.DT,1997 (YR1997),"Source: United Nations Conference on Trade and Development, Foreign Direct Investment Online database.",Algeria,"Foreign direct investment, net inflows in reporting economy (DRS, current US$)"
FootNote,DZA,BN.CAB.XOKA.CD,2000 (YR2000),"Source: United Nations Conference on Trade and Development, Balance of Payments Online database.",Algeria,Current account balance (current US$)
FootNote,DZA,BX.KLT.DINV.CD.DT,2000 (YR2000),"Source: United Nations Conference on Trade and Development, Foreign Direct Investment Online database.",Algeria,"Foreign direct investment, net inflows in reporting economy (DRS, current US$)"
FootNote,DZA,BX.KLT.DINV.CD.DT,1999 (YR1999),"Source: United Nations Conference on Trade and Development, Foreign Direct Investment Online database.",Algeria,"Foreign direct investment, net inflows in reporting economy (DRS, current US$)"
FootNote,DZA,BX.KLT.DINV.CD.DT,1973 (YR1973),"Source: United Nations Conference on Trade and Development, Foreign Direct Investment Online database.",Algeria,"Foreign direct investment, net inflows in reporting economy (DRS, current US$)"
FootNote,DZA,BX.KLT.DINV.CD.DT,1976 (YR1976),"Source: United Nations Conference on Trade and Development, Foreign Direct Investment Online database.",Algeria,"Foreign direct investment, net inflows in reporting economy (DRS, current US$)"
FootNote,DZA,BX.KLT.DINV.CD.DT,1974 (YR1974),"Source: United Nations Conference on Trade and Development, Foreign Direct Investment Online database.",Algeria,"Foreign direct investment, net inflows in reporting economy (DRS, current US$)"
FootNote,DZA,BX.KLT.DINV.CD.DT,1972 (YR1972),"Source: United Nations Conference on Trade and Development, Foreign Direct Investment Online database.",Algeria,"Foreign direct investment, net inflows in reporting economy (DRS, current US$)"
FootNote,DZA,BX.KLT.DINV.CD.DT,1971 (YR1971),"Source: United Nations Conference on Trade and Development, Foreign Direct Investment Online database.",Algeria,"Foreign direct investment, net inflows in reporting economy (DRS, current US$)"
FootNote,DZA,BX.KLT.DINV.CD.DT,1970 (YR1970),"Source: United Nations Conference on Trade and Development, Foreign Direct Investment Online database.",Algeria,"Foreign direct investment, net inflows in reporting economy (DRS, current US$)"
FootNote,DZA,BX.KLT.DINV.CD.DT,1975 (YR1975),"Source: United Nations Conference on Trade and Development, Foreign Direct Investment Online database.",Algeria,"Foreign direct investment, net inflows in reporting economy (DRS, current US$)"
FootNote,AGO,BX.KLT.DINV.CD.DT,1973 (YR1973),"Source: United Nations Conference on Trade and Development, Foreign Direct Investment Online database.",Angola,"Foreign direct investment, net inflows in reporting economy (DRS, current US$)"
FootNote,AGO,BX.KLT.DINV.CD.DT,1979 (YR1979),"Source: United Nations Conference on Trade and Development, Foreign Direct Investment Online database.",Angola,"Foreign direct investment, net inflows in reporting economy (DRS, current US$)"
FootNote,AGO,BX.KLT.DINV.CD.DT,1974 (YR1974),"Source: United Nations Conference on Trade and Development, Foreign Direct Investment Online database.",Angola,"Foreign direct investment, net inflows in reporting economy (DRS, current US$)"
FootNote,AGO,BX.KLT.DINV.CD.DT,1984 (YR1984),"Source: United Nations Conference on Trade and Development, Foreign Direct Investment Online database.",Angola,"Foreign direct investment, net inflows in reporting economy (DRS, current US$)"
FootNote,AGO,BX.KLT.DINV.CD.DT,1971 (YR1971),"Source: United Nations Conference on Trade and Development, Foreign Direct Investment Online database.",Angola,"Foreign direct investment, net inflows in reporting economy (DRS, current US$)"
FootNote,AGO,BX.KLT.DINV.CD.DT,1976 (YR1976),"Source: United Nations Conference on Trade and Development, Foreign Direct Investment Online database.",Angola,"Foreign direct investment, net inflows in reporting economy (DRS, current US$)"
FootNote,AGO,BX.KLT.DINV.CD.DT,1982 (YR1982),"Source: United Nations Conference on Trade and Development, Foreign Direct Investment Online database.",Angola,"Foreign direct investment, net inflows in reporting economy (DRS, current US$)"
FootNote,AGO,BX.KLT.DINV.CD.DT,1981 (YR1981),"Source: United Nations Conference on Trade and Development, Foreign Direct Investment Online database.",Angola,"Foreign direct investment, net inflows in reporting economy (DRS, current US$)"
FootNote,AGO,BX.KLT.DINV.CD.DT,1970 (YR1970),"Source: United Nations Conference on Trade and Development, Foreign Direct Investment Online database.",Angola,"Foreign direct investment, net inflows in reporting economy (DRS, current US$)"
FootNote,AGO,BX.KLT.DINV.CD.DT,1980 (YR1980),"Source: United Nations Conference on Trade and Development, Foreign Direct Investment Online database.",Angola,"Foreign direct investment, net inflows in reporting economy (DRS, current US$)"
FootNote,AGO,BX.KLT.DINV.CD.DT,1975 (YR1975),"Source: United Nations Conference on Trade and Development, Foreign Direct Investment Online database.",Angola,"Foreign direct investment, net inflows in reporting economy (DRS, current US$)"
FootNote,AGO,BX.KLT.DINV.CD.DT,1983 (YR1983),"Source: United Nations Conference on Trade and Development, Foreign Direct Investment Online database.",Angola,"Foreign direct investment, net inflows in reporting economy (DRS, current US$)"
FootNote,AGO,BX.KLT.DINV.CD.DT,1978 (YR1978),"Source: United Nations Conference on Trade and Development, Foreign Direct Investment Online database.",Angola,"Foreign direct investment, net inflows in reporting economy (DRS, current US$)"
FootNote,AGO,BX.KLT.DINV.CD.DT,1972 (YR1972),"Source: United Nations Conference on Trade and Development, Foreign Direct Investment Online database.",Angola,"Foreign direct investment, net inflows in reporting economy (DRS, current US$)"
FootNote,ARG,SP.POP.TOTL,2010 (YR2010),Break in series.,Argentina,"Population, total"
FootNote,ARG,DT.DOD.PBND.CD,2005 (YR2005),Data include the effects of June 2005 bond restructuring.,Argentina,"PPG, bonds (DOD, current US$)"
FootNote,ARG,DT.DOD.DECT.CD,2005 (YR2005),Data include the effects of Bond restructuring in June 2005.,Argentina,"External debt stocks, total (DOD, current US$)"
FootNote,ARG,BX.KLT.DINV.CD.DT,1971 (YR1971),"Source: United Nations Conference on Trade and Development, Foreign Direct Investment Online database.",Argentina,"Foreign direct investment, net inflows in reporting economy (DRS, current US$)"
FootNote,ARG,BX.KLT.DINV.CD.DT,1974 (YR1974),"Source: United Nations Conference on Trade and Development, Foreign Direct Investment Online database.",Argentina,"Foreign direct investment, net inflows in reporting economy (DRS, current US$)"
FootNote,ARG,BX.KLT.DINV.CD.DT,1972 (YR1972),"Source: United Nations Conference on Trade and Development, Foreign Direct Investment Online database.",Argentina,"Foreign direct investment, net inflows in reporting economy (DRS, current US$)"
FootNote,ARG,BX.KLT.DINV.CD.DT,1975 (YR1975),"Source: United Nations Conference on Trade and Development, Foreign Direct Investment Online database.",Argentina,"Foreign direct investment, net inflows in reporting economy (DRS, current US$)"
FootNote,ARG,BX.KLT.DINV.CD.DT,1973 (YR1973),"Source: United Nations Conference on Trade and Development, Foreign Direct Investment Online database.",Argentina,"Foreign direct investment, net inflows in reporting economy (DRS, current US$)"
FootNote,ARG,BX.KLT.DINV.CD.DT,1976 (YR1976),"Source: United Nations Conference on Trade and Development, Foreign Direct Investment Online database.",Argentina,"Foreign direct investment, net inflows in reporting economy (DRS, current US$)"
FootNote,ARG,BX.KLT.DINV.CD.DT,1970 (YR1970),"Source: United Nations Conference on Trade and Development, Foreign Direct Investment Online database.",Argentina,"Foreign direct investment, net inflows in reporting economy (DRS, current US$)"
FootNote,ARM,BX.KLT.DINV.CD.DT,1992 (YR1992),"Source: United Nations Conference on Trade and Development, Foreign Direct Investment Online database.",Armenia,"Foreign direct investment, net inflows in reporting economy (DRS, current US$)"
FootNote,AZE,SP.POP.TOTL,2019 (YR2019),Extrapolated assuming the same growth rate as previous 6 months.,Azerbaijan,"Population, total"
FootNote,BGD,BX.PEF.TOTL.CD.DT,2006 (YR2006),"Source: United Nations Conference on Trade and Development, Balance of Payments Online database.",Bangladesh,"Portfolio investment, equity (DRS, current US$)"
FootNote,BGD,BX.PEF.TOTL.CD.DT,2007 (YR2007),"Source: United Nations Conference on Trade and Development, Balance of Payments Online database.",Bangladesh,"Portfolio investment, equity (DRS, current US$)"
FootNote,BGD,BX.PEF.TOTL.CD.DT,2008 (YR2008),"Source: United Nations Conference on Trade and Development, Balance of Payments Online database.",Bangladesh,"Portfolio investment, equity (DRS, current US$)"
FootNote,BGD,BX.KLT.DINV.CD.DT,1985 (YR1985),"Source: United Nations Conference on Trade and Development, Foreign Direct Investment Online database.",Bangladesh,"Foreign direct investment, net inflows in reporting economy (DRS, current US$)"
FootNote,BGD,BX.KLT.DINV.CD.DT,1975 (YR1975),"Source: United Nations Conference on Trade and Development, Foreign Direct Investment Online database.",Bangladesh,"Foreign direct investment, net inflows in reporting economy (DRS, current US$)"
FootNote,BGD,BX.KLT.DINV.CD.DT,1972 (YR1972),"Source: United Nations Conference on Trade and Development, Foreign Direct Investment Online database.",Bangladesh,"Foreign direct investment, net inflows in reporting economy (DRS, current US$)"
FootNote,BGD,BX.KLT.DINV.CD.DT,1982 (YR1982),"Source: United Nations Conference on Trade and Development, Foreign Direct Investment Online database.",Bangladesh,"Foreign direct investment, net inflows in reporting economy (DRS, current US$)"
FootNote,BGD,BX.KLT.DINV.CD.DT,1981 (YR1981),"Source: United Nations Conference on Trade and Development, Foreign Direct Investment Online database.",Bangladesh,"Foreign direct investment, net inflows in reporting economy (DRS, current US$)"
FootNote,BGD,BX.KLT.DINV.CD.DT,1979 (YR1979),"Source: United Nations Conference on Trade and Development, Foreign Direct Investment Online database.",Bangladesh,"Foreign direct investment, net inflows in reporting economy (DRS, current US$)"
FootNote,BGD,BX.KLT.DINV.CD.DT,1978 (YR1978),"Source: United Nations Conference on Trade and Development, Foreign Direct Investment Online database.",Bangladesh,"Foreign direct investment, net inflows in reporting economy (DRS, current US$)"
FootNote,BGD,BX.KLT.DINV.CD.DT,1980 (YR1980),"Source: United Nations Conference on Trade and Development, Foreign Direct Investment Online database.",Bangladesh,"Foreign direct investment, net inflows in reporting economy (DRS, current US$)"
FootNote,BGD,BX.KLT.DINV.CD.DT,1977 (YR1977),"Source: United Nations Conference on Trade and Development, Foreign Direct Investment Online database.",Bangladesh,"Foreign direct investment, net inflows in reporting economy (DRS, current US$)"
FootNote,BGD,BX.KLT.DINV.CD.DT,1976 (YR1976),"Source: United Nations Conference on Trade and Development, Foreign Direct Investment Online database.",Bangladesh,"Foreign direct investment, net inflows in reporting economy (DRS, current US$)"
FootNote,BGD,BX.KLT.DINV.CD.DT,1973 (YR1973),"Source: United Nations Conference on Trade and Development, Foreign Direct Investment Online database.",Bangladesh,"Foreign direct investment, net inflows in reporting economy (DRS, current US$)"
FootNote,BGD,BX.KLT.DINV.CD.DT,1974 (YR1974),"Source: United Nations Conference on Trade and Development, Foreign Direct Investment Online database.",Bangladesh,"Foreign direct investment, net inflows in reporting economy (DRS, current US$)"
FootNote,BLR,SP.POP.TOTL,2019 (YR2019),Extrapolated assuming the same growth rate as previous 6 months.,Belarus,"Population, total"
FootNote,BLR,BX.KLT.DINV.CD.DT,1992 (YR1992),"Source: United Nations Conference on Trade and Development, Foreign Direct Investment Online database.",Belarus,"Foreign direct investment, net inflows in reporting economy (DRS, current US$)"
FootNote,BLZ,BX.KLT.DINV.CD.DT,1979 (YR1979),"Source: United Nations Conference on Trade and Development, Foreign Direct Investment Online database.",Belize,"Foreign direct investment, net inflows in reporting economy (DRS, current US$)"
FootNote,BLZ,BX.KLT.DINV.CD.DT,1978 (YR1978),"Source: United Nations Conference on Trade and Development, Foreign Direct Investment Online database.",Belize,"Foreign direct investment, net inflows in reporting economy (DRS, current US$)"
FootNote,BLZ,BX.KLT.DINV.CD.DT,1971 (YR1971),"Source: United Nations Conference on Trade and Development, Foreign Direct Investment Online database.",Belize,"Foreign direct investment, net inflows in reporting economy (DRS, current US$)"
FootNote,BLZ,BX.KLT.DINV.CD.DT,1970 (YR1970),"Source: United Nations Conference on Trade and Development, Foreign Direct Investment Online database.",Belize,"Foreign direct investment, net inflows in reporting economy (DRS, current US$)"
FootNote,BLZ,BX.KLT.DINV.CD.DT,1981 (YR1981),"Source: United Nations Conference on Trade and Development, Foreign Direct Investment Online database.",Belize,"Foreign direct investment, net inflows in reporting economy (DRS, current US$)"
FootNote,BEN,BX.TRF.PWKR.CD.DT,2024 (YR2024),"Data on Personal Transfers and Compensation of Employees are prepared by World Bank staff based on IMF's Balance of Payments statistics and data releases from central banks, national statistical agencies, and World Bank country desks.",Benin,"Personal transfers and compensation of employees, received (current US$)"
FootNote,BEN,BX.KLT.DINV.CD.DT,2024 (YR2024),"Source: United Nations Conference on Trade and Development, Foreign Direct Investment Online database.",Benin,"Foreign direct investment, net inflows in reporting economy (DRS, current US$)"
FootNote,BEN,BN.CAB.XOKA.CD,2024 (YR2024),Gap-filled with countries' balance of payments statistics.,Benin,Current account balance (current US$)
FootNote,BEN,BX.GSR.TOTL.CD,2024 (YR2024),Gap-filled with countries' balance of payments statistics.,Benin,"Exports of goods, services and primary income (current US$)"
FootNote,BEN,BM.GSR.TOTL.CD,2024 (YR2024),Gap-filled with countries' balance of payments statistics.,Benin,"Imports of goods, services and primary income (current US$)"
FootNote,BEN,FI.RES.TOTL.CD,2017 (YR2017),Gap-filled with countries' balance of payments statistics.,Benin,"Total reserves (includes gold, current US$)"
FootNote,BEN,FI.RES.TOTL.CD,2018 (YR2018),Gap-filled with countries' balance of payments statistics.,Benin,"Total reserves (includes gold, current US$)"
FootNote,BEN,DT.DOD.DECT.CD,2006 (YR2006),Data include the effects of MDRI.,Benin,"External debt stocks, total (DOD, current US$)"
FootNote,BEN,DT.DFR.DPPG.CD,2006 (YR2006),Data include the effects of MDRI.,Benin,Debt forgiveness or reduction (current US$)
FootNote,BEN,DT.DOD.PVLX.EX.ZS,2009 (YR2009),Data are from debt sustainability analyses for low-income countries. Present value estimates for these countries are for public and publicly guaranteed debt only.,Benin,"Present value of external debt (% of exports of goods, services and income)"
FootNote,BEN,DT.DOD.PVLX.GN.ZS,2009 (YR2009),Data are from debt sustainability analyses for low-income countries. Present value estimates for these countries are for public and publicly guaranteed debt only.,Benin,Present value of external debt (% of GNI)
FootNote,BEN,FI.RES.TOTL.CD,2013 (YR2013),Gap-filled with countries' balance of payments statistics.,Benin,"Total reserves (includes gold, current US$)"
FootNote,BEN,FI.RES.TOTL.CD,2012 (YR2012),Gap-filled with countries' balance of payments statistics.,Benin,"Total reserves (includes gold, current US$)"
FootNote,BEN,FI.RES.TOTL.CD,2001 (YR2001),Gap-filled with countries' balance of payments statistics.,Benin,"Total reserves (includes gold, current US$)"
FootNote,BEN,FI.RES.TOTL.CD,2003 (YR2003),Gap-filled with countries' balance of payments statistics.,Benin,"Total reserves (includes gold, current US$)"
FootNote,BEN,FI.RES.TOTL.CD,2015 (YR2015),Gap-filled with countries' balance of payments statistics.,Benin,"Total reserves (includes gold, current US$)"
FootNote,BEN,FI.RES.TOTL.CD,2010 (YR2010),Gap-filled with countries' balance of payments statistics.,Benin,"Total reserves (includes gold, current US$)"
FootNote,BEN,FI.RES.TOTL.CD,2011 (YR2011),Gap-filled with countries' balance of payments statistics.,Benin,"Total reserves (includes gold, current US$)"
FootNote,BEN,FI.RES.TOTL.CD,2006 (YR2006),Gap-filled with countries' balance of payments statistics.,Benin,"Total reserves (includes gold, current US$)"
FootNote,BEN,FI.RES.TOTL.CD,2009 (YR2009),Gap-filled with countries' balance of payments statistics.,Benin,"Total reserves (includes gold, current US$)"
FootNote,BEN,FI.RES.TOTL.CD,2004 (YR2004),Gap-filled with countries' balance of payments statistics.,Benin,"Total reserves (includes gold, current US$)"
FootNote,BEN,FI.RES.TOTL.CD,2016 (YR2016),Gap-filled with countries' balance of payments statistics.,Benin,"Total reserves (includes gold, current US$)"
FootNote,BEN,FI.RES.TOTL.CD,2005 (YR2005),Gap-filled with countries' balance of payments statistics.,Benin,"Total reserves (includes gold, current US$)"
FootNote,BEN,FI.RES.TOTL.CD,2002 (YR2002),Gap-filled with countries' balance of payments statistics.,Benin,"Total reserves (includes gold, current US$)"
FootNote,BEN,FI.RES.TOTL.CD,2014 (YR2014),Gap-filled with countries' balance of payments statistics.,Benin,"Total reserves (includes gold, current US$)"
FootNote,BEN,FI.RES.TOTL.CD,2007 (YR2007),Gap-filled with countries' balance of payments statistics.,Benin,"Total reserves (includes gold, current US$)"
FootNote,BEN,FI.RES.TOTL.CD,2008 (YR2008),Gap-filled with countries' balance of payments statistics.,Benin,"Total reserves (includes gold, current US$)"
FootNote,BEN,BX.KLT.DINV.CD.DT,1986 (YR1986),"Source: United Nations Conference on Trade and Development, Foreign Direct Investment Online database.",Benin,"Foreign direct investment, net inflows in reporting economy (DRS, current US$)"
FootNote,BEN,BX.KLT.DINV.CD.DT,1985 (YR1985),"Source: United Nations Conference on Trade and Development, Foreign Direct Investment Online database.",Benin,"Foreign direct investment, net inflows in reporting economy (DRS, current US$)"
FootNote,BEN,BX.KLT.DINV.CD.DT,1987 (YR1987),"Source: United Nations Conference on Trade and Development, Foreign Direct Investment Online database.",Benin,"Foreign direct investment, net inflows in reporting economy (DRS, current US$)"
FootNote,BEN,FI.RES.TOTL.CD,2000 (YR2000),Gap-filled with countries' balance of payments statistics.,Benin,"Total reserves (includes gold, current US$)"
FootNote,BEN,BX.KLT.DINV.CD.DT,1970 (YR1970),"Source: United Nations Conference on Trade and Development, Foreign Direct Investment Online database.",Benin,"Foreign direct investment, net inflows in reporting economy (DRS, current US$)"
FootNote,BEN,BX.KLT.DINV.CD.DT,1971 (YR1971),"Source: United Nations Conference on Trade and Development, Foreign Direct Investment Online database.",Benin,"Foreign direct investment, net inflows in reporting economy (DRS, current US$)"
FootNote,BEN,BX.KLT.DINV.CD.DT,1972 (YR1972),"Source: United Nations Conference on Trade and Development, Foreign Direct Investment Online database.",Benin,"Foreign direct investment, net inflows in reporting economy (DRS, current US$)"
FootNote,BEN,BX.KLT.DINV.CD.DT,1973 (YR1973),"Source: United Nations Conference on Trade and Development, Foreign Direct Investment Online database.",Benin,"Foreign direct investment, net inflows in reporting economy (DRS, current US$)"
FootNote,BTN,BN.CAB.XOKA.CD,2003 (YR2003),"Source: United Nations Conference on Trade and Development, Balance of Payments Online database.",Bhutan,Current account balance (current US$)
FootNote,BTN,BN.CAB.XOKA.CD,2004 (YR2004),"Source: United Nations Conference on Trade and Development, Balance of Payments Online database.",Bhutan,Current account balance (current US$)
FootNote,BTN,BN.CAB.XOKA.CD,2005 (YR2005),"Source: United Nations Conference on Trade and Development, Balance of Payments Online database.",Bhutan,Current account balance (current US$)
FootNote,BTN,BN.CAB.XOKA.CD,2001 (YR2001),"Source: United Nations Conference on Trade and Development, Balance of Payments Online database.",Bhutan,Current account balance (current US$)
FootNote,BTN,BN.CAB.XOKA.CD,2002 (YR2002),"Source: United Nations Conference on Trade and Development, Balance of Payments Online database.",Bhutan,Current account balance (current US$)
FootNote,BTN,BX.KLT.DINV.CD.DT,2005 (YR2005),"Source: United Nations Conference on Trade and Development, Foreign Direct Investment Online database.",Bhutan,"Foreign direct investment, net inflows in reporting economy (DRS, current US$)"
FootNote,BTN,BX.KLT.DINV.CD.DT,2003 (YR2003),"Source: United Nations Conference on Trade and Development, Foreign Direct Investment Online database.",Bhutan,"Foreign direct investment, net inflows in reporting economy (DRS, current US$)"
FootNote,BTN,BX.KLT.DINV.CD.DT,2004 (YR2004),"Source: United Nations Conference on Trade and Development, Foreign Direct Investment Online database.",Bhutan,"Foreign direct investment, net inflows in reporting economy (DRS, current US$)"
FootNote,BTN,BX.KLT.DINV.CD.DT,2002 (YR2002),"Source: United Nations Conference on Trade and Development, Foreign Direct Investment Online database.",Bhutan,"Foreign direct investment, net inflows in reporting economy (DRS, current US$)"
FootNote,BTN,BN.CAB.XOKA.CD,2000 (YR2000),"Source: United Nations Conference on Trade and Development, Balance of Payments Online database.",Bhutan,Current account balance (current US$)
FootNote,BOL,DT.DFR.DPPG.CD,2006 (YR2006),Data include the effects of MDRI.,Bolivia,Debt forgiveness or reduction (current US$)
FootNote,BOL,DT.DFR.DPPG.CD,2007 (YR2007),Data include the effects of MDRI.,Bolivia,Debt forgiveness or reduction (current US$)
FootNote,BOL,DT.DOD.DECT.CD,2007 (YR2007),Data include the effects of MDRI.,Bolivia,"External debt stocks, total (DOD, current US$)"
FootNote,BOL,DT.DOD.DECT.CD,2006 (YR2006),Data include the effects of MDRI.,Bolivia,"External debt stocks, total (DOD, current US$)"
FootNote,BOL,DT.DOD.PVLX.EX.ZS,2009 (YR2009),Data are from debt sustainability analyses for low-income countries. Present value estimates for these countries are for public and publicly guaranteed debt only.,Bolivia,"Present value of external debt (% of exports of goods, services and income)"
FootNote,BOL,DT.DOD.PVLX.GN.ZS,2009 (YR2009),Data are from debt sustainability analyses for low-income countries. Present value estimates for these countries are for public and publicly guaranteed debt only.,Bolivia,Present value of external debt (% of GNI)
FootNote,BOL,BX.KLT.DINV.CD.DT,1973 (YR1973),"Source: United Nations Conference on Trade and Development, Foreign Direct Investment Online database.",Bolivia,"Foreign direct investment, net inflows in reporting economy (DRS, current US$)"
FootNote,BOL,BX.KLT.DINV.CD.DT,1972 (YR1972),"Source: United Nations Conference on Trade and Development, Foreign Direct Investment Online database.",Bolivia,"Foreign direct investment, net inflows in reporting economy (DRS, current US$)"
FootNote,BOL,BX.KLT.DINV.CD.DT,1970 (YR1970),"Source: United Nations Conference on Trade and Development, Foreign Direct Investment Online database.",Bolivia,"Foreign direct investment, net inflows in reporting economy (DRS, current US$)"
FootNote,BOL,BX.KLT.DINV.CD.DT,1971 (YR1971),"Source: United Nations Conference on Trade and Development, Foreign Direct Investment Online database.",Bolivia,"Foreign direct investment, net inflows in reporting economy (DRS, current US$)"
FootNote,BOL,BX.KLT.DINV.CD.DT,1974 (YR1974),"Source: United Nations Conference on Trade and Development, Foreign Direct Investment Online database.",Bolivia,"Foreign direct investment, net inflows in reporting economy (DRS, current US$)"
FootNote,BOL,BX.KLT.DINV.CD.DT,1975 (YR1975),"Source: United Nations Conference on Trade and Development, Foreign Direct Investment Online database.",Bolivia,"Foreign direct investment, net inflows in reporting economy (DRS, current US$)"
FootNote,BFA,FI.RES.TOTL.CD,2018 (YR2018),Gap-filled with countries' balance of payments statistics.,Burkina Faso,"Total reserves (includes gold, current US$)"
FootNote,BFA,FI.RES.TOTL.CD,2017 (YR2017),Gap-filled with countries' balance of payments statistics.,Burkina Faso,"Total reserves (includes gold, current US$)"
FootNote,BFA,BM.GSR.TOTL.CD,2024 (YR2024),Gap-filled with countries' balance of payments statistics.,Burkina Faso,"Imports of goods, services and primary income (current US$)"
FootNote,BFA,BX.GSR.TOTL.CD,2024 (YR2024),Gap-filled with countries' balance of payments statistics.,Burkina Faso,"Exports of goods, services and primary income (current US$)"
FootNote,BFA,BN.CAB.XOKA.CD,2024 (YR2024),Gap-filled with countries' balance of payments statistics.,Burkina Faso,Current account balance (current US$)
FootNote,BFA,BX.KLT.DINV.CD.DT,2024 (YR2024),"Source: United Nations Conference on Trade and Development, Foreign Direct Investment Online database.",Burkina Faso,"Foreign direct investment, net inflows in reporting economy (DRS, current US$)"
FootNote,BFA,BX.TRF.PWKR.CD.DT,2024 (YR2024),"Data on Personal Transfers and Compensation of Employees are prepared by World Bank staff based on IMF's Balance of Payments statistics and data releases from central banks, national statistical agencies, and World Bank country desks.",Burkina Faso,"Personal transfers and compensation of employees, received (current US$)"
FootNote,BFA,FI.RES.TOTL.CD,2013 (YR2013),Gap-filled with countries' balance of payments statistics.,Burkina Faso,"Total reserves (includes gold, current US$)"
FootNote,BFA,FI.RES.TOTL.CD,2015 (YR2015),Gap-filled with countries' balance of payments statistics.,Burkina Faso,"Total reserves (includes gold, current US$)"
FootNote,BFA,FI.RES.TOTL.CD,2016 (YR2016),Gap-filled with countries' balance of payments statistics.,Burkina Faso,"Total reserves (includes gold, current US$)"
FootNote,BFA,FI.RES.TOTL.CD,2012 (YR2012),Gap-filled with countries' balance of payments statistics.,Burkina Faso,"Total reserves (includes gold, current US$)"
FootNote,BFA,FI.RES.TOTL.CD,2006 (YR2006),Gap-filled with countries' balance of payments statistics.,Burkina Faso,"Total reserves (includes gold, current US$)"
FootNote,BFA,FI.RES.TOTL.CD,2004 (YR2004),Gap-filled with countries' balance of payments statistics.,Burkina Faso,"Total reserves (includes gold, current US$)"
FootNote,BFA,FI.RES.TOTL.CD,2007 (YR2007),Gap-filled with countries' balance of payments statistics.,Burkina Faso,"Total reserves (includes gold, current US$)"
FootNote,BFA,FI.RES.TOTL.CD,2003 (YR2003),Gap-filled with countries' balance of payments statistics.,Burkina Faso,"Total reserves (includes gold, current US$)"
FootNote,BFA,FI.RES.TOTL.CD,2002 (YR2002),Gap-filled with countries' balance of payments statistics.,Burkina Faso,"Total reserves (includes gold, current US$)"
FootNote,BFA,FI.RES.TOTL.CD,2008 (YR2008),Gap-filled with countries' balance of payments statistics.,Burkina Faso,"Total reserves (includes gold, current US$)"
FootNote,BFA,FI.RES.TOTL.CD,2009 (YR2009),Gap-filled with countries' balance of payments statistics.,Burkina Faso,"Total reserves (includes gold, current US$)"
FootNote,BFA,FI.RES.TOTL.CD,2001 (YR2001),Gap-filled with countries' balance of payments statistics.,Burkina Faso,"Total reserves (includes gold, current US$)"
FootNote,BFA,FI.RES.TOTL.CD,2010 (YR2010),Gap-filled with countries' balance of payments statistics.,Burkina Faso,"Total reserves (includes gold, current US$)"
FootNote,BFA,FI.RES.TOTL.CD,2014 (YR2014),Gap-filled with countries' balance of payments statistics.,Burkina Faso,"Total reserves (includes gold, current US$)"
FootNote,BFA,FI.RES.TOTL.CD,2005 (YR2005),Gap-filled with countries' balance of payments statistics.,Burkina Faso,"Total reserves (includes gold, current US$)"
FootNote,BFA,FI.RES.TOTL.CD,2011 (YR2011),Gap-filled with countries' balance of payments statistics.,Burkina Faso,"Total reserves (includes gold, current US$)"
FootNote,BFA,BX.KLT.DINV.CD.DT,2001 (YR2001),"Source: United Nations Conference on Trade and Development, Foreign Direct Investment Online database.",Burkina Faso,"Foreign direct investment, net inflows in reporting economy (DRS, current US$)"
FootNote,BFA,BX.KLT.DINV.CD.DT,2003 (YR2003),"Source: United Nations Conference on Trade and Development, Foreign Direct Investment Online database.",Burkina Faso,"Foreign direct investment, net inflows in reporting economy (DRS, current US$)"
FootNote,BFA,BX.KLT.DINV.CD.DT,2002 (YR2002),"Source: United Nations Conference on Trade and Development, Foreign Direct Investment Online database.",Burkina Faso,"Foreign direct investment, net inflows in reporting economy (DRS, current US$)"
FootNote,BFA,BX.KLT.DINV.CD.DT,2004 (YR2004),"Source: United Nations Conference on Trade and Development, Foreign Direct Investment Online database.",Burkina Faso,"Foreign direct investment, net inflows in reporting economy (DRS, current US$)"
FootNote,BFA,BM.GSR.TOTL.CD,2003 (YR2003),"Source: United Nations Conference on Trade and Development, Balance of Payments Online database.",Burkina Faso,"Imports of goods, services and primary income (current US$)"
FootNote,BFA,BX.KLT.DREM.CD.DT,2001 (YR2001),"Source: United Nations Conference on Trade and Development, Balance of Payments Online database.",Burkina Faso,Primary income on FDI (current US$)
FootNote,BFA,BX.KLT.DREM.CD.DT,2003 (YR2003),"Source: United Nations Conference on Trade and Development, Balance of Payments Online database.",Burkina Faso,Primary income on FDI (current US$)
FootNote,BFA,BX.KLT.DREM.CD.DT,2004 (YR2004),"Source: United Nations Conference on Trade and Development, Balance of Payments Online database.",Burkina Faso,Primary income on FDI (current US$)
FootNote,BFA,BX.KLT.DREM.CD.DT,2002 (YR2002),"Source: United Nations Conference on Trade and Development, Balance of Payments Online database.",Burkina Faso,Primary income on FDI (current US$)
FootNote,BFA,DT.DOD.PVLX.EX.ZS,2009 (YR2009),Data are from debt sustainability analyses for low-income countries. Present value estimates for these countries are for public and publicly guaranteed debt only.,Burkina Faso,"Present value of external debt (% of exports of goods, services and income)"
FootNote,BFA,DT.DOD.PVLX.GN.ZS,2009 (YR2009),Data are from debt sustainability analyses for low-income countries. Present value estimates for these countries are for public and publicly guaranteed debt only.,Burkina Faso,Present value of external debt (% of GNI)
FootNote,BFA,DT.DOD.DECT.CD,2006 (YR2006),Data include the effects of MDRI.,Burkina Faso,"External debt stocks, total (DOD, current US$)"
FootNote,BFA,DT.DFR.DPPG.CD,2006 (YR2006),Data include the effects of MDRI.,Burkina Faso,Debt forgiveness or reduction (current US$)
FootNote,BFA,BN.CAB.XOKA.CD,2003 (YR2003),"Source: United Nations Conference on Trade and Development, Balance of Payments Online database.",Burkina Faso,Current account balance (current US$)
FootNote,BFA,BN.CAB.XOKA.CD,2004 (YR2004),"Source: United Nations Conference on Trade and Development, Balance of Payments Online database.",Burkina Faso,Current account balance (current US$)
FootNote,BFA,BX.GSR.TOTL.CD,2002 (YR2002),Gap-filled with countries' balance of payments statistics.,Burkina Faso,"Exports of goods, services and primary income (current US$)"
FootNote,BFA,BX.GSR.TOTL.CD,2003 (YR2003),Gap-filled with countries' balance of payments statistics.,Burkina Faso,"Exports of goods, services and primary income (current US$)"
FootNote,BFA,BX.GSR.TOTL.CD,2004 (YR2004),Gap-filled with countries' balance of payments statistics.,Burkina Faso,"Exports of goods, services and primary income (current US$)"
FootNote,BFA,BX.GSR.TOTL.CD,2001 (YR2001),Gap-filled with countries' balance of payments statistics.,Burkina Faso,"Exports of goods, services and primary income (current US$)"
FootNote,BFA,BM.GSR.TOTL.CD,2002 (YR2002),"Source: United Nations Conference on Trade and Development, Balance of Payments Online database.",Burkina Faso,"Imports of goods, services and primary income (current US$)"
FootNote,BFA,BM.GSR.TOTL.CD,2004 (YR2004),"Source: United Nations Conference on Trade and Development, Balance of Payments Online database.",Burkina Faso,"Imports of goods, services and primary income (current US$)"
FootNote,BFA,BM.GSR.TOTL.CD,2001 (YR2001),"Source: United Nations Conference on Trade and Development, Balance of Payments Online database.",Burkina Faso,"Imports of goods, services and primary income (current US$)"
FootNote,BFA,BN.CAB.XOKA.CD,2002 (YR2002),"Source: United Nations Conference on Trade and Development, Balance of Payments Online database.",Burkina Faso,Current account balance (current US$)
FootNote,BFA,BN.CAB.XOKA.CD,2001 (YR2001),"Source: United Nations Conference on Trade and Development, Balance of Payments Online database.",Burkina Faso,Current account balance (current US$)
FootNote,BFA,FI.RES.TOTL.CD,2000 (YR2000),Gap-filled with countries' balance of payments statistics.,Burkina Faso,"Total reserves (includes gold, current US$)"
FootNote,BFA,BX.KLT.DINV.CD.DT,2000 (YR2000),"Source: United Nations Conference on Trade and Development, Foreign Direct Investment Online database.",Burkina Faso,"Foreign direct investment, net inflows in reporting economy (DRS, current US$)"
FootNote,BFA,BX.KLT.DREM.CD.DT,2000 (YR2000),"Source: United Nations Conference on Trade and Development, Balance of Payments Online database.",Burkina Faso,Primary income on FDI (current US$)
FootNote,BFA,BX.GSR.TOTL.CD,2000 (YR2000),Gap-filled with countries' balance of payments statistics.,Burkina Faso,"Exports of goods, services and primary income (current US$)"
FootNote,BFA,BM.GSR.TOTL.CD,2000 (YR2000),"Source: United Nations Conference on Trade and Development, Balance of Payments Online database.",Burkina Faso,"Imports of goods, services and primary income (current US$)"
FootNote,BFA,BX.KLT.DINV.CD.DT,1995 (YR1995),"Source: United Nations Conference on Trade and Development, Foreign Direct Investment Online database.",Burkina Faso,"Foreign direct investment, net inflows in reporting economy (DRS, current US$)"
FootNote,BFA,BN.CAB.XOKA.CD,2000 (YR2000),"Source: United Nations Conference on Trade and Development, Balance of Payments Online database.",Burkina Faso,Current account balance (current US$)
FootNote,BFA,BX.KLT.DINV.CD.DT,1999 (YR1999),"Source: United Nations Conference on Trade and Development, Foreign Direct Investment Online database.",Burkina Faso,"Foreign direct investment, net inflows in reporting economy (DRS, current US$)"
FootNote,BFA,BX.KLT.DINV.CD.DT,1992 (YR1992),"Source: United Nations Conference on Trade and Development, Foreign Direct Investment Online database.",Burkina Faso,"Foreign direct investment, net inflows in reporting economy (DRS, current US$)"
FootNote,BFA,BX.KLT.DINV.CD.DT,1996 (YR1996),"Source: United Nations Conference on Trade and Development, Foreign Direct Investment Online database.",Burkina Faso,"Foreign direct investment, net inflows in reporting economy (DRS, current US$)"
FootNote,BFA,BX.KLT.DINV.CD.DT,1991 (YR1991),"Source: United Nations Conference on Trade and Development, Foreign Direct Investment Online database.",Burkina Faso,"Foreign direct investment, net inflows in reporting economy (DRS, current US$)"
FootNote,BFA,BX.KLT.DINV.CD.DT,1994 (YR1994),"Source: United Nations Conference on Trade and Development, Foreign Direct Investment Online database.",Burkina Faso,"Foreign direct investment, net inflows in reporting economy (DRS, current US$)"
FootNote,BFA,BX.KLT.DINV.CD.DT,1997 (YR1997),"Source: United Nations Conference on Trade and Development, Foreign Direct Investment Online database.",Burkina Faso,"Foreign direct investment, net inflows in reporting economy (DRS, current US$)"
FootNote,BFA,BX.KLT.DINV.CD.DT,1990 (YR1990),"Source: United Nations Conference on Trade and Development, Foreign Direct Investment Online database.",Burkina Faso,"Foreign direct investment, net inflows in reporting economy (DRS, current US$)"
FootNote,BFA,BX.KLT.DINV.CD.DT,1998 (YR1998),"Source: United Nations Conference on Trade and Development, Foreign Direct Investment Online database.",Burkina Faso,"Foreign direct investment, net inflows in reporting economy (DRS, current US$)"
FootNote,BFA,BX.KLT.DINV.CD.DT,1993 (YR1993),"Source: United Nations Conference on Trade and Development, Foreign Direct Investment Online database.",Burkina Faso,"Foreign direct investment, net inflows in reporting economy (DRS, current US$)"
FootNote,BFA,BX.KLT.DINV.CD.DT,1970 (YR1970),"Source: United Nations Conference on Trade and Development, Foreign Direct Investment Online database.",Burkina Faso,"Foreign direct investment, net inflows in reporting economy (DRS, current US$)"
FootNote,BFA,BX.KLT.DINV.CD.DT,1973 (YR1973),"Source: United Nations Conference on Trade and Development, Foreign Direct Investment Online database.",Burkina Faso,"Foreign direct investment, net inflows in reporting economy (DRS, current US$)"
FootNote,BFA,BX.KLT.DINV.CD.DT,1972 (YR1972),"Source: United Nations Conference on Trade and Development, Foreign Direct Investment Online database.",Burkina Faso,"Foreign direct investment, net inflows in reporting economy (DRS, current US$)"
FootNote,BFA,BX.KLT.DINV.CD.DT,1971 (YR1971),"Source: United Nations Conference on Trade and Development, Foreign Direct Investment Online database.",Burkina Faso,"Foreign direct investment, net inflows in reporting economy (DRS, current US$)"
FootNote,BDI,BX.KLT.DINV.CD.DT,2024 (YR2024),"Source: United Nations Conference on Trade and Development, Foreign Direct Investment Online database.",Burundi,"Foreign direct investment, net inflows in reporting economy (DRS, current US$)"
FootNote,BDI,BX.TRF.PWKR.CD.DT,2024 (YR2024),"Data on Personal Transfers and Compensation of Employees are prepared by World Bank staff based on IMF's Balance of Payments statistics and data releases from central banks, national statistical agencies, and World Bank country desks.",Burundi,"Personal transfers and compensation of employees, received (current US$)"
FootNote,BDI,DT.DOD.PVLX.EX.ZS,2009 (YR2009),Data are from debt sustainability analyses for low-income countries. Present value estimates for these countries are for public and publicly guaranteed debt only.,Burundi,"Present value of external debt (% of exports of goods, services and income)"
FootNote,BDI,DT.DOD.DECT.CD,2007 (YR2007),Data include the effects of Enhanced HIPC Initiative.,Burundi,"External debt stocks, total (DOD, current US$)"
FootNote,BDI,DT.DOD.DECT.CD,2008 (YR2008),Data include the effects of Enhanced HIPC Initiative.,Burundi,"External debt stocks, total (DOD, current US$)"
FootNote,BDI,DT.DFR.DPPG.CD,2007 (YR2007),Data include the effects of Enhanced HIPC Initiative.,Burundi,Debt forgiveness or reduction (current US$)
FootNote,BDI,DT.DOD.PVLX.GN.ZS,2009 (YR2009),Data are from debt sustainability analyses for low-income countries. Present value estimates for these countries are for public and publicly guaranteed debt only.,Burundi,Present value of external debt (% of GNI)
FootNote,BDI,DT.DOD.DECT.CD,2009 (YR2009),"Data include the effects of MDRI and HIPC debt relief, and Paris Club debt restructuring agreement.",Burundi,"External debt stocks, total (DOD, current US$)"
FootNote,BDI,DT.DFR.DPPG.CD,2008 (YR2008),Data include the effects of Enhanced HIPC Initiative.,Burundi,Debt forgiveness or reduction (current US$)
FootNote,BDI,DT.DFR.DPPG.CD,2009 (YR2009),Data include the effects of MDRI and HIPC debt relief.,Burundi,Debt forgiveness or reduction (current US$)
FootNote,BDI,DT.DOD.DECT.CD,2010 (YR2010),Data include the effects of MDRI and HIPC debt relief.,Burundi,"External debt stocks, total (DOD, current US$)"
FootNote,BDI,BX.KLT.DINV.CD.DT,1996 (YR1996),"Source: United Nations Conference on Trade and Development, Foreign Direct Investment Online database.",Burundi,"Foreign direct investment, net inflows in reporting economy (DRS, current US$)"
FootNote,BDI,BX.KLT.DINV.CD.DT,1998 (YR1998),"Source: United Nations Conference on Trade and Development, Foreign Direct Investment Online database.",Burundi,"Foreign direct investment, net inflows in reporting economy (DRS, current US$)"
FootNote,BDI,BX.KLT.DINV.CD.DT,1997 (YR1997),"Source: United Nations Conference on Trade and Development, Foreign Direct Investment Online database.",Burundi,"Foreign direct investment, net inflows in reporting economy (DRS, current US$)"
FootNote,KHM,DT.DOD.DECT.CD,2006 (YR2006),Data include the effects of MDRI.,Cambodia,"External debt stocks, total (DOD, current US$)"
FootNote,KHM,DT.DFR.DPPG.CD,2006 (YR2006),Data include the effects of MDRI.,Cambodia,Debt forgiveness or reduction (current US$)
FootNote,CMR,BN.CAB.XOKA.CD,2024 (YR2024),Gap-filled with countries' balance of payments statistics.,Cameroon,Current account balance (current US$)
FootNote,CMR,BX.TRF.PWKR.CD.DT,2024 (YR2024),"Data on Personal Transfers and Compensation of Employees are prepared by World Bank staff based on IMF's Balance of Payments statistics and data releases from central banks, national statistical agencies, and World Bank country desks.",Cameroon,"Personal transfers and compensation of employees, received (current US$)"
FootNote,CMR,BX.KLT.DINV.CD.DT,2024 (YR2024),"Source: United Nations Conference on Trade and Development, Foreign Direct Investment Online database.",Cameroon,"Foreign direct investment, net inflows in reporting economy (DRS, current US$)"
FootNote,CMR,DT.DOD.PVLX.EX.ZS,2009 (YR2009),Data are from debt sustainability analyses for low-income countries. Present value estimates for these countries are for public and publicly guaranteed debt only.,Cameroon,"Present value of external debt (% of exports of goods, services and income)"
FootNote,CMR,DT.DOD.PVLX.GN.ZS,2009 (YR2009),Data are from debt sustainability analyses for low-income countries. Present value estimates for these countries are for public and publicly guaranteed debt only.,Cameroon,Present value of external debt (% of GNI)
FootNote,CMR,DT.DOD.DECT.CD,2006 (YR2006),Data include the effects of MDRI and the Paris Club debt restructuring agreements.,Cameroon,"External debt stocks, total (DOD, current US$)"
FootNote,CMR,DT.DFR.DPPG.CD,2006 (YR2006),Data include the effects of MDRI.,Cameroon,Debt forgiveness or reduction (current US$)
FootNote,CAF,BN.CAB.XOKA.CD,2022 (YR2022),Gap-filled with countries' balance of payments statistics.,Central African Republic,Current account balance (current US$)
FootNote,CAF,BN.CAB.XOKA.CD,2020 (YR2020),Gap-filled with countries' balance of payments statistics.,Central African Republic,Current account balance (current US$)
FootNote,CAF,BN.CAB.XOKA.CD,2019 (YR2019),Gap-filled with countries' balance of payments statistics.,Central African Republic,Current account balance (current US$)
FootNote,CAF,BN.CAB.XOKA.CD,2024 (YR2024),Gap-filled with countries' balance of payments statistics.,Central African Republic,Current account balance (current US$)
FootNote,CAF,BN.CAB.XOKA.CD,2017 (YR2017),"Source: United Nations Conference on Trade and Development, Balance of Payments Online database.",Central African Republic,Current account balance (current US$)
FootNote,CAF,BX.GSR.TOTL.CD,2023 (YR2023),"Data are prepared by World Bank staff based on IMF's Balance of Payments statistics and data releases from central banks, national statistical agencies, and World Bank country desks.",Central African Republic,"Exports of goods, services and primary income (current US$)"
FootNote,CAF,BN.CAB.XOKA.CD,2023 (YR2023),Gap-filled with countries' balance of payments statistics.,Central African Republic,Current account balance (current US$)
FootNote,CAF,BN.CAB.XOKA.CD,2021 (YR2021),Gap-filled with countries' balance of payments statistics.,Central African Republic,Current account balance (current US$)
FootNote,CAF,BN.CAB.XOKA.CD,2018 (YR2018),"Source: United Nations Conference on Trade and Development, Balance of Payments Online database.",Central African Republic,Current account balance (current US$)
FootNote,CAF,BX.GSR.TOTL.CD,2022 (YR2022),"Data are prepared by World Bank staff based on IMF's Balance of Payments statistics and data releases from central banks, national statistical agencies, and World Bank country desks.",Central African Republic,"Exports of goods, services and primary income (current US$)"
FootNote,CAF,BX.GSR.TOTL.CD,2024 (YR2024),"Data are prepared by World Bank staff based on IMF's Balance of Payments statistics and data releases from central banks, national statistical agencies, and World Bank country desks.",Central African Republic,"Exports of goods, services and primary income (current US$)"
FootNote,CAF,BX.GSR.TOTL.CD,2021 (YR2021),"Data are prepared by World Bank staff based on IMF's Balance of Payments statistics and data releases from central banks, national statistical agencies, and World Bank country desks.",Central African Republic,"Exports of goods, services and primary income (current US$)"
FootNote,CAF,BX.GSR.TOTL.CD,2019 (YR2019),"Data are prepared by World Bank staff based on IMF's Balance of Payments statistics and data releases from central banks, national statistical agencies, and World Bank country desks.",Central African Republic,"Exports of goods, services and primary income (current US$)"
FootNote,CAF,BX.GSR.TOTL.CD,2020 (YR2020),"Data are prepared by World Bank staff based on IMF's Balance of Payments statistics and data releases from central banks, national statistical agencies, and World Bank country desks.",Central African Republic,"Exports of goods, services and primary income (current US$)"
FootNote,CAF,BM.GSR.TOTL.CD,2022 (YR2022),"Data are prepared by World Bank staff based on IMF's Balance of Payments statistics and data releases from central banks, national statistical agencies, and World Bank country desks.",Central African Republic,"Imports of goods, services and primary income (current US$)"
FootNote,CAF,BM.GSR.TOTL.CD,2023 (YR2023),"Data are prepared by World Bank staff based on IMF's Balance of Payments statistics and data releases from central banks, national statistical agencies, and World Bank country desks.",Central African Republic,"Imports of goods, services and primary income (current US$)"
FootNote,CAF,BM.GSR.TOTL.CD,2019 (YR2019),"Data are prepared by World Bank staff based on IMF's Balance of Payments statistics and data releases from central banks, national statistical agencies, and World Bank country desks.",Central African Republic,"Imports of goods, services and primary income (current US$)"
FootNote,CAF,BM.GSR.TOTL.CD,2021 (YR2021),"Data are prepared by World Bank staff based on IMF's Balance of Payments statistics and data releases from central banks, national statistical agencies, and World Bank country desks.",Central African Republic,"Imports of goods, services and primary income (current US$)"
FootNote,CAF,BM.GSR.TOTL.CD,2020 (YR2020),"Data are prepared by World Bank staff based on IMF's Balance of Payments statistics and data releases from central banks, national statistical agencies, and World Bank country desks.",Central African Republic,"Imports of goods, services and primary income (current US$)"
FootNote,CAF,BM.GSR.TOTL.CD,2024 (YR2024),"Data are prepared by World Bank staff based on IMF's Balance of Payments statistics and data releases from central banks, national statistical agencies, and World Bank country desks.",Central African Republic,"Imports of goods, services and primary income (current US$)"
FootNote,CAF,BX.KLT.DINV.CD.DT,2021 (YR2021),"Source: United Nations Conference on Trade and Development, Foreign Direct Investment Online database.",Central African Republic,"Foreign direct investment, net inflows in reporting economy (DRS, current US$)"
FootNote,CAF,BX.KLT.DINV.CD.DT,2017 (YR2017),"Source: United Nations Conference on Trade and Development, Foreign Direct Investment Online database.",Central African Republic,"Foreign direct investment, net inflows in reporting economy (DRS, current US$)"
FootNote,CAF,BX.KLT.DINV.CD.DT,2022 (YR2022),"Source: United Nations Conference on Trade and Development, Foreign Direct Investment Online database.",Central African Republic,"Foreign direct investment, net inflows in reporting economy (DRS, current US$)"
FootNote,CAF,BX.KLT.DINV.CD.DT,2024 (YR2024),"Source: United Nations Conference on Trade and Development, Foreign Direct Investment Online database.",Central African Republic,"Foreign direct investment, net inflows in reporting economy (DRS, current US$)"
FootNote,CAF,BX.KLT.DINV.CD.DT,2023 (YR2023),"Source: United Nations Conference on Trade and Development, Foreign Direct Investment Online database.",Central African Republic,"Foreign direct investment, net inflows in reporting economy (DRS, current US$)"
FootNote,CAF,BX.KLT.DINV.CD.DT,2018 (YR2018),"Source: United Nations Conference on Trade and Development, Foreign Direct Investment Online database.",Central African Republic,"Foreign direct investment, net inflows in reporting economy (DRS, current US$)"
FootNote,CAF,BX.KLT.DINV.CD.DT,2019 (YR2019),"Source: United Nations Conference on Trade and Development, Foreign Direct Investment Online database.",Central African Republic,"Foreign direct investment, net inflows in reporting economy (DRS, current US$)"
FootNote,CAF,BX.KLT.DINV.CD.DT,2020 (YR2020),"Source: United Nations Conference on Trade and Development, Foreign Direct Investment Online database.",Central African Republic,"Foreign direct investment, net inflows in reporting economy (DRS, current US$)"
FootNote,CAF,BX.KLT.DINV.CD.DT,2001 (YR2001),"Source: United Nations Conference on Trade and Development, Foreign Direct Investment Online database.",Central African Republic,"Foreign direct investment, net inflows in reporting economy (DRS, current US$)"
FootNote,CAF,BX.KLT.DINV.CD.DT,2009 (YR2009),"Source: United Nations Conference on Trade and Development, Foreign Direct Investment Online database.",Central African Republic,"Foreign direct investment, net inflows in reporting economy (DRS, current US$)"
FootNote,CAF,BX.KLT.DINV.CD.DT,2014 (YR2014),"Source: United Nations Conference on Trade and Development, Foreign Direct Investment Online database.",Central African Republic,"Foreign direct investment, net inflows in reporting economy (DRS, current US$)"
FootNote,CAF,BX.KLT.DINV.CD.DT,2011 (YR2011),"Source: United Nations Conference on Trade and Development, Foreign Direct Investment Online database.",Central African Republic,"Foreign direct investment, net inflows in reporting economy (DRS, current US$)"
FootNote,CAF,BX.KLT.DINV.CD.DT,2010 (YR2010),"Source: United Nations Conference on Trade and Development, Foreign Direct Investment Online database.",Central African Republic,"Foreign direct investment, net inflows in reporting economy (DRS, current US$)"
FootNote,CAF,BX.KLT.DINV.CD.DT,2012 (YR2012),"Source: United Nations Conference on Trade and Development, Foreign Direct Investment Online database.",Central African Republic,"Foreign direct investment, net inflows in reporting economy (DRS, current US$)"
FootNote,CAF,BX.KLT.DINV.CD.DT,2004 (YR2004),"Source: United Nations Conference on Trade and Development, Foreign Direct Investment Online database.",Central African Republic,"Foreign direct investment, net inflows in reporting economy (DRS, current US$)"
FootNote,CAF,BX.KLT.DINV.CD.DT,2007 (YR2007),"Source: United Nations Conference on Trade and Development, Foreign Direct Investment Online database.",Central African Republic,"Foreign direct investment, net inflows in reporting economy (DRS, current US$)"
FootNote,CAF,BX.KLT.DINV.CD.DT,2013 (YR2013),"Source: United Nations Conference on Trade and Development, Foreign Direct Investment Online database.",Central African Republic,"Foreign direct investment, net inflows in reporting economy (DRS, current US$)"
FootNote,CAF,BX.KLT.DINV.CD.DT,2005 (YR2005),"Source: United Nations Conference on Trade and Development, Foreign Direct Investment Online database.",Central African Republic,"Foreign direct investment, net inflows in reporting economy (DRS, current US$)"
FootNote,CAF,BX.KLT.DINV.CD.DT,2003 (YR2003),"Source: United Nations Conference on Trade and Development, Foreign Direct Investment Online database.",Central African Republic,"Foreign direct investment, net inflows in reporting economy (DRS, current US$)"
FootNote,CAF,BX.KLT.DINV.CD.DT,2016 (YR2016),"Source: United Nations Conference on Trade and Development, Foreign Direct Investment Online database.",Central African Republic,"Foreign direct investment, net inflows in reporting economy (DRS, current US$)"
FootNote,CAF,BX.KLT.DINV.CD.DT,2006 (YR2006),"Source: United Nations Conference on Trade and Development, Foreign Direct Investment Online database.",Central African Republic,"Foreign direct investment, net inflows in reporting economy (DRS, current US$)"
FootNote,CAF,BX.KLT.DINV.CD.DT,2002 (YR2002),"Source: United Nations Conference on Trade and Development, Foreign Direct Investment Online database.",Central African Republic,"Foreign direct investment, net inflows in reporting economy (DRS, current US$)"
FootNote,CAF,BX.KLT.DINV.CD.DT,2008 (YR2008),"Source: United Nations Conference on Trade and Development, Foreign Direct Investment Online database.",Central African Republic,"Foreign direct investment, net inflows in reporting economy (DRS, current US$)"
FootNote,CAF,BX.KLT.DINV.CD.DT,2015 (YR2015),"Source: United Nations Conference on Trade and Development, Foreign Direct Investment Online database.",Central African Republic,"Foreign direct investment, net inflows in reporting economy (DRS, current US$)"
FootNote,CAF,BN.CAB.XOKA.CD,2016 (YR2016),"Source: United Nations Conference on Trade and Development, Balance of Payments Online database.",Central African Republic,Current account balance (current US$)
FootNote,CAF,BN.CAB.XOKA.CD,2004 (YR2004),"Source: United Nations Conference on Trade and Development, Balance of Payments Online database.",Central African Republic,Current account balance (current US$)
FootNote,CAF,BN.CAB.XOKA.CD,2012 (YR2012),"Source: United Nations Conference on Trade and Development, Balance of Payments Online database.",Central African Republic,Current account balance (current US$)
FootNote,CAF,BN.CAB.XOKA.CD,2001 (YR2001),"Source: United Nations Conference on Trade and Development, Balance of Payments Online database.",Central African Republic,Current account balance (current US$)
FootNote,CAF,BN.CAB.XOKA.CD,2011 (YR2011),"Source: United Nations Conference on Trade and Development, Balance of Payments Online database.",Central African Republic,Current account balance (current US$)
FootNote,CAF,BN.CAB.XOKA.CD,2008 (YR2008),"Source: United Nations Conference on Trade and Development, Balance of Payments Online database.",Central African Republic,Current account balance (current US$)
FootNote,CAF,BN.CAB.XOKA.CD,2007 (YR2007),"Source: United Nations Conference on Trade and Development, Balance of Payments Online database.",Central African Republic,Current account balance (current US$)
FootNote,CAF,BN.CAB.XOKA.CD,2006 (YR2006),"Source: United Nations Conference on Trade and Development, Balance of Payments Online database.",Central African Republic,Current account balance (current US$)
FootNote,CAF,BN.CAB.XOKA.CD,2010 (YR2010),Gap-filled with countries' balance of payments statistics.,Central African Republic,Current account balance (current US$)
FootNote,CAF,BN.CAB.XOKA.CD,2009 (YR2009),"Source: United Nations Conference on Trade and Development, Balance of Payments Online database.",Central African Republic,Current account balance (current US$)
FootNote,CAF,BN.CAB.XOKA.CD,2013 (YR2013),"Source: United Nations Conference on Trade and Development, Balance of Payments Online database.",Central African Republic,Current account balance (current US$)
FootNote,CAF,BN.CAB.XOKA.CD,2015 (YR2015),"Source: United Nations Conference on Trade and Development, Balance of Payments Online database.",Central African Republic,Current account balance (current US$)
FootNote,CAF,BN.CAB.XOKA.CD,2005 (YR2005),"Source: United Nations Conference on Trade and Development, Balance of Payments Online database.",Central African Republic,Current account balance (current US$)
FootNote,CAF,BN.CAB.XOKA.CD,2014 (YR2014),"Source: United Nations Conference on Trade and Development, Balance of Payments Online database.",Central African Republic,Current account balance (current US$)
FootNote,CAF,BN.CAB.XOKA.CD,2003 (YR2003),"Source: United Nations Conference on Trade and Development, Balance of Payments Online database.",Central African Republic,Current account balance (current US$)
FootNote,CAF,BN.CAB.XOKA.CD,2002 (YR2002),"Source: United Nations Conference on Trade and Development, Balance of Payments Online database.",Central African Republic,Current account balance (current US$)
FootNote,CAF,DT.DOD.PVLX.EX.ZS,2009 (YR2009),Data are from debt sustainability analyses for low-income countries. Present value estimates for these countries are for public and publicly guaranteed debt only.,Central African Republic,"Present value of external debt (% of exports of goods, services and income)"
FootNote,CAF,DT.DFR.DPPG.CD,2008 (YR2008),Data include the effects of Enhanced HIPC Initiative.,Central African Republic,Debt forgiveness or reduction (current US$)
FootNote,CAF,DT.DOD.DECT.CD,2007 (YR2007),"Data include the effects of Enhanced HIPC Initiative, and Paris Club debt restructuring agreement.",Central African Republic,"External debt stocks, total (DOD, current US$)"
FootNote,CAF,DT.DOD.DECT.CD,2008 (YR2008),Data include the effects of Enhanced HIPC Initiative.,Central African Republic,"External debt stocks, total (DOD, current US$)"
FootNote,CAF,DT.DFR.DPPG.CD,2007 (YR2007),Data include the effects of Enhanced HIPC Initiative.,Central African Republic,Debt forgiveness or reduction (current US$)
FootNote,CAF,DT.DOD.PVLX.GN.ZS,2009 (YR2009),Data are from debt sustainability analyses for low-income countries. Present value estimates for these countries are for public and publicly guaranteed debt only.,Central African Republic,Present value of external debt (% of GNI)
FootNote,CAF,DT.DFR.DPPG.CD,2009 (YR2009),Data include the effects of MDRI and HIPC debt relief.,Central African Republic,Debt forgiveness or reduction (current US$)
FootNote,CAF,DT.DOD.DECT.CD,2009 (YR2009),"Data include the effects of MDRI and HIPC debt relief, and Paris Club debt restructuring agreements.",Central African Republic,"External debt stocks, total (DOD, current US$)"
FootNote,CAF,BN.CAB.XOKA.CD,2000 (YR2000),"Source: United Nations Conference on Trade and Development, Balance of Payments Online database.",Central African Republic,Current account balance (current US$)
FootNote,CAF,BX.KLT.DINV.CD.DT,2000 (YR2000),"Source: United Nations Conference on Trade and Development, Foreign Direct Investment Online database.",Central African Republic,"Foreign direct investment, net inflows in reporting economy (DRS, current US$)"
FootNote,CAF,BX.KLT.DINV.CD.DT,1997 (YR1997),"Source: United Nations Conference on Trade and Development, Foreign Direct Investment Online database.",Central African Republic,"Foreign direct investment, net inflows in reporting economy (DRS, current US$)"
FootNote,CAF,BX.KLT.DINV.CD.DT,1996 (YR1996),"Source: United Nations Conference on Trade and Development, Foreign Direct Investment Online database.",Central African Republic,"Foreign direct investment, net inflows in reporting economy (DRS, current US$)"
FootNote,CAF,BX.KLT.DINV.CD.DT,1998 (YR1998),"Source: United Nations Conference on Trade and Development, Foreign Direct Investment Online database.",Central African Republic,"Foreign direct investment, net inflows in reporting economy (DRS, current US$)"
FootNote,CAF,BX.KLT.DINV.CD.DT,1995 (YR1995),"Source: United Nations Conference on Trade and Development, Foreign Direct Investment Online database.",Central African Republic,"Foreign direct investment, net inflows in reporting economy (DRS, current US$)"
FootNote,CAF,BX.KLT.DINV.CD.DT,1999 (YR1999),"Source: United Nations Conference on Trade and Development, Foreign Direct Investment Online database.",Central African Republic,"Foreign direct investment, net inflows in reporting economy (DRS, current US$)"
FootNote,TCD,BX.KLT.DINV.CD.DT,2024 (YR2024),"Source: United Nations Conference on Trade and Development, Foreign Direct Investment Online database.",Chad,"Foreign direct investment, net inflows in reporting economy (DRS, current US$)"
FootNote,TCD,BX.KLT.DINV.CD.DT,2018 (YR2018),"Source: United Nations Conference on Trade and Development, Foreign Direct Investment Online database.",Chad,"Foreign direct investment, net inflows in reporting economy (DRS, current US$)"
FootNote,TCD,BX.KLT.DINV.CD.DT,2022 (YR2022),"Source: United Nations Conference on Trade and Development, Foreign Direct Investment Online database.",Chad,"Foreign direct investment, net inflows in reporting economy (DRS, current US$)"
FootNote,TCD,BX.KLT.DINV.CD.DT,2023 (YR2023),"Source: United Nations Conference on Trade and Development, Foreign Direct Investment Online database.",Chad,"Foreign direct investment, net inflows in reporting economy (DRS, current US$)"
FootNote,TCD,BX.KLT.DINV.CD.DT,2020 (YR2020),"Source: United Nations Conference on Trade and Development, Foreign Direct Investment Online database.",Chad,"Foreign direct investment, net inflows in reporting economy (DRS, current US$)"
FootNote,TCD,BX.KLT.DINV.CD.DT,2017 (YR2017),"Source: United Nations Conference on Trade and Development, Foreign Direct Investment Online database.",Chad,"Foreign direct investment, net inflows in reporting economy (DRS, current US$)"
FootNote,TCD,BX.TRF.PWKR.CD.DT,2018 (YR2018),Gap-filled with countries' balance of payments statistics.,Chad,"Personal transfers and compensation of employees, received (current US$)"
FootNote,TCD,BX.TRF.PWKR.CD.DT,2017 (YR2017),Gap-filled with countries' balance of payments statistics.,Chad,"Personal transfers and compensation of employees, received (current US$)"
FootNote,TCD,BX.KLT.DREM.CD.DT,2018 (YR2018),Gap-filled with countries' balance of payments statistics.,Chad,Primary income on FDI (current US$)
FootNote,TCD,BM.GSR.TOTL.CD,2018 (YR2018),Gap-filled with countries' balance of payments statistics.,Chad,"Imports of goods, services and primary income (current US$)"
FootNote,TCD,BM.GSR.TOTL.CD,2017 (YR2017),Gap-filled with countries' balance of payments statistics.,Chad,"Imports of goods, services and primary income (current US$)"
FootNote,TCD,BX.KLT.DREM.CD.DT,2017 (YR2017),Gap-filled with countries' balance of payments statistics.,Chad,Primary income on FDI (current US$)
FootNote,TCD,BX.GSR.TOTL.CD,2021 (YR2021),"Data are prepared by World Bank staff based on IMF's Balance of Payments statistics and data releases from central banks, national statistical agencies, and World Bank country desks.",Chad,"Exports of goods, services and primary income (current US$)"
FootNote,TCD,BX.GSR.TOTL.CD,2019 (YR2019),"Data are prepared by World Bank staff based on IMF's Balance of Payments statistics and data releases from central banks, national statistical agencies, and World Bank country desks.",Chad,"Exports of goods, services and primary income (current US$)"
FootNote,TCD,BN.CAB.XOKA.CD,2017 (YR2017),Gap-filled with countries' balance of payments statistics.,Chad,Current account balance (current US$)
FootNote,TCD,BN.CAB.XOKA.CD,2021 (YR2021),Gap-filled with countries' balance of payments statistics.,Chad,Current account balance (current US$)
FootNote,TCD,BN.CAB.XOKA.CD,2018 (YR2018),Gap-filled with countries' balance of payments statistics.,Chad,Current account balance (current US$)
FootNote,TCD,BN.CAB.XOKA.CD,2020 (YR2020),Gap-filled with countries' balance of payments statistics.,Chad,Current account balance (current US$)
FootNote,TCD,BN.CAB.XOKA.CD,2023 (YR2023),Gap-filled with countries' balance of payments statistics.,Chad,Current account balance (current US$)
FootNote,TCD,BN.CAB.XOKA.CD,2019 (YR2019),Gap-filled with countries' balance of payments statistics.,Chad,Current account balance (current US$)
FootNote,TCD,BN.CAB.XOKA.CD,2024 (YR2024),Gap-filled with countries' balance of payments statistics.,Chad,Current account balance (current US$)
FootNote,TCD,BN.CAB.XOKA.CD,2022 (YR2022),Gap-filled with countries' balance of payments statistics.,Chad,Current account balance (current US$)
FootNote,TCD,BM.GSR.TOTL.CD,2019 (YR2019),"Data are prepared by World Bank staff based on IMF's Balance of Payments statistics and data releases from central banks, national statistical agencies, and World Bank country desks.",Chad,"Imports of goods, services and primary income (current US$)"
FootNote,TCD,BM.GSR.TOTL.CD,2022 (YR2022),"Data are prepared by World Bank staff based on IMF's Balance of Payments statistics and data releases from central banks, national statistical agencies, and World Bank country desks.",Chad,"Imports of goods, services and primary income (current US$)"
FootNote,TCD,BM.GSR.TOTL.CD,2021 (YR2021),"Data are prepared by World Bank staff based on IMF's Balance of Payments statistics and data releases from central banks, national statistical agencies, and World Bank country desks.",Chad,"Imports of goods, services and primary income (current US$)"
FootNote,TCD,BM.GSR.TOTL.CD,2020 (YR2020),"Data are prepared by World Bank staff based on IMF's Balance of Payments statistics and data releases from central banks, national statistical agencies, and World Bank country desks.",Chad,"Imports of goods, services and primary income (current US$)"
FootNote,TCD,BM.GSR.TOTL.CD,2023 (YR2023),"Data are prepared by World Bank staff based on IMF's Balance of Payments statistics and data releases from central banks, national statistical agencies, and World Bank country desks.",Chad,"Imports of goods, services and primary income (current US$)"
FootNote,TCD,BX.GSR.TOTL.CD,2017 (YR2017),Gap-filled with countries' balance of payments statistics.,Chad,"Exports of goods, services and primary income (current US$)"
FootNote,TCD,BX.GSR.TOTL.CD,2022 (YR2022),"Data are prepared by World Bank staff based on IMF's Balance of Payments statistics and data releases from central banks, national statistical agencies, and World Bank country desks.",Chad,"Exports of goods, services and primary income (current US$)"
FootNote,TCD,BX.GSR.TOTL.CD,2020 (YR2020),"Data are prepared by World Bank staff based on IMF's Balance of Payments statistics and data releases from central banks, national statistical agencies, and World Bank country desks.",Chad,"Exports of goods, services and primary income (current US$)"
FootNote,TCD,BX.GSR.TOTL.CD,2023 (YR2023),"Data are prepared by World Bank staff based on IMF's Balance of Payments statistics and data releases from central banks, national statistical agencies, and World Bank country desks.",Chad,"Exports of goods, services and primary income (current US$)"
FootNote,TCD,BX.GSR.TOTL.CD,2018 (YR2018),Gap-filled with countries' balance of payments statistics.,Chad,"Exports of goods, services and primary income (current US$)"
FootNote,TCD,BX.KLT.DINV.CD.DT,2021 (YR2021),"Source: United Nations Conference on Trade and Development, Foreign Direct Investment Online database.",Chad,"Foreign direct investment, net inflows in reporting economy (DRS, current US$)"
FootNote,TCD,BX.KLT.DINV.CD.DT,2019 (YR2019),"Source: United Nations Conference on Trade and Development, Foreign Direct Investment Online database.",Chad,"Foreign direct investment, net inflows in reporting economy (DRS, current US$)"
FootNote,TCD,BN.CAB.XOKA.CD,2006 (YR2006),"Source: United Nations Conference on Trade and Development, Balance of Payments Online database.",Chad,Current account balance (current US$)
FootNote,TCD,BN.CAB.XOKA.CD,2001 (YR2001),"Source: United Nations Conference on Trade and Development, Balance of Payments Online database.",Chad,Current account balance (current US$)
FootNote,TCD,BN.CAB.XOKA.CD,2005 (YR2005),"Source: United Nations Conference on Trade and Development, Balance of Payments Online database.",Chad,Current account balance (current US$)
FootNote,TCD,BX.GSR.TOTL.CD,2012 (YR2012),Gap-filled with countries' balance of payments statistics.,Chad,"Exports of goods, services and primary income (current US$)"
FootNote,TCD,BX.GSR.TOTL.CD,2014 (YR2014),Gap-filled with countries' balance of payments statistics.,Chad,"Exports of goods, services and primary income (current US$)"
FootNote,TCD,BX.GSR.TOTL.CD,2013 (YR2013),Gap-filled with countries' balance of payments statistics.,Chad,"Exports of goods, services and primary income (current US$)"
FootNote,TCD,BX.GSR.TOTL.CD,2016 (YR2016),Gap-filled with countries' balance of payments statistics.,Chad,"Exports of goods, services and primary income (current US$)"
FootNote,TCD,BM.GSR.TOTL.CD,2010 (YR2010),Gap-filled with countries' balance of payments statistics.,Chad,"Imports of goods, services and primary income (current US$)"
FootNote,TCD,BX.GSR.TOTL.CD,2011 (YR2011),Gap-filled with countries' balance of payments statistics.,Chad,"Exports of goods, services and primary income (current US$)"
FootNote,TCD,BX.GSR.TOTL.CD,2015 (YR2015),Gap-filled with countries' balance of payments statistics.,Chad,"Exports of goods, services and primary income (current US$)"
FootNote,TCD,BX.GSR.TOTL.CD,2010 (YR2010),Gap-filled with countries' balance of payments statistics.,Chad,"Exports of goods, services and primary income (current US$)"
FootNote,TCD,BM.GSR.TOTL.CD,2012 (YR2012),Gap-filled with countries' balance of payments statistics.,Chad,"Imports of goods, services and primary income (current US$)"
FootNote,TCD,BM.GSR.TOTL.CD,2014 (YR2014),Gap-filled with countries' balance of payments statistics.,Chad,"Imports of goods, services and primary income (current US$)"
FootNote,TCD,BM.GSR.TOTL.CD,2011 (YR2011),Gap-filled with countries' balance of payments statistics.,Chad,"Imports of goods, services and primary income (current US$)"
FootNote,TCD,BM.GSR.TOTL.CD,2015 (YR2015),Gap-filled with countries' balance of payments statistics.,Chad,"Imports of goods, services and primary income (current US$)"
FootNote,TCD,BM.GSR.TOTL.CD,2013 (YR2013),Gap-filled with countries' balance of payments statistics.,Chad,"Imports of goods, services and primary income (current US$)"
FootNote,TCD,BM.GSR.TOTL.CD,2016 (YR2016),Gap-filled with countries' balance of payments statistics.,Chad,"Imports of goods, services and primary income (current US$)"
FootNote,TCD,BN.CAB.XOKA.CD,2008 (YR2008),"Source: United Nations Conference on Trade and Development, Balance of Payments Online database.",Chad,Current account balance (current US$)
FootNote,TCD,BN.CAB.XOKA.CD,2013 (YR2013),Gap-filled with countries' balance of payments statistics.,Chad,Current account balance (current US$)
FootNote,TCD,BN.CAB.XOKA.CD,2010 (YR2010),Gap-filled with countries' balance of payments statistics.,Chad,Current account balance (current US$)
FootNote,TCD,BN.CAB.XOKA.CD,2016 (YR2016),Gap-filled with countries' balance of payments statistics.,Chad,Current account balance (current US$)
FootNote,TCD,BN.CAB.XOKA.CD,2012 (YR2012),Gap-filled with countries' balance of payments statistics.,Chad,Current account balance (current US$)
FootNote,TCD,BN.CAB.XOKA.CD,2011 (YR2011),Gap-filled with countries' balance of payments statistics.,Chad,Current account balance (current US$)
FootNote,TCD,BN.CAB.XOKA.CD,2015 (YR2015),Gap-filled with countries' balance of payments statistics.,Chad,Current account balance (current US$)
FootNote,TCD,BN.CAB.XOKA.CD,2014 (YR2014),Gap-filled with countries' balance of payments statistics.,Chad,Current account balance (current US$)
FootNote,TCD,BN.CAB.XOKA.CD,2007 (YR2007),"Source: United Nations Conference on Trade and Development, Balance of Payments Online database.",Chad,Current account balance (current US$)
FootNote,TCD,BN.CAB.XOKA.CD,2009 (YR2009),"Source: United Nations Conference on Trade and Development, Balance of Payments Online database.",Chad,Current account balance (current US$)
FootNote,TCD,BN.CAB.XOKA.CD,2002 (YR2002),"Source: United Nations Conference on Trade and Development, Balance of Payments Online database.",Chad,Current account balance (current US$)
FootNote,TCD,BN.CAB.XOKA.CD,2004 (YR2004),"Source: United Nations Conference on Trade and Development, Balance of Payments Online database.",Chad,Current account balance (current US$)
FootNote,TCD,BN.CAB.XOKA.CD,2003 (YR2003),"Source: United Nations Conference on Trade and Development, Balance of Payments Online database.",Chad,Current account balance (current US$)
FootNote,TCD,DT.DFR.DPPG.CD,2007 (YR2007),Data include the effects of Enhanced HIPC Initiative.,Chad,Debt forgiveness or reduction (current US$)
FootNote,TCD,DT.DOD.DECT.CD,2007 (YR2007),Data include the effects of Enhanced HIPC Initiative.,Chad,"External debt stocks, total (DOD, current US$)"
FootNote,TCD,DT.DOD.PVLX.EX.ZS,2009 (YR2009),Data are from debt sustainability analyses for low-income countries. Present value estimates for these countries are for public and publicly guaranteed debt only.,Chad,"Present value of external debt (% of exports of goods, services and income)"
FootNote,TCD,DT.DOD.PVLX.GN.ZS,2009 (YR2009),Data are from debt sustainability analyses for low-income countries. Present value estimates for these countries are for public and publicly guaranteed debt only.,Chad,Present value of external debt (% of GNI)
FootNote,TCD,BX.TRF.PWKR.CD.DT,2016 (YR2016),Gap-filled with countries' balance of payments statistics.,Chad,"Personal transfers and compensation of employees, received (current US$)"
FootNote,TCD,BX.KLT.DREM.CD.DT,2016 (YR2016),Gap-filled with countries' balance of payments statistics.,Chad,Primary income on FDI (current US$)
FootNote,TCD,BX.KLT.DINV.CD.DT,2009 (YR2009),"Source: United Nations Conference on Trade and Development, Foreign Direct Investment Online database.",Chad,"Foreign direct investment, net inflows in reporting economy (DRS, current US$)"
FootNote,TCD,BX.KLT.DINV.CD.DT,2012 (YR2012),"Source: United Nations Conference on Trade and Development, Foreign Direct Investment Online database.",Chad,"Foreign direct investment, net inflows in reporting economy (DRS, current US$)"
FootNote,TCD,BX.KLT.DINV.CD.DT,2001 (YR2001),"Source: United Nations Conference on Trade and Development, Foreign Direct Investment Online database.",Chad,"Foreign direct investment, net inflows in reporting economy (DRS, current US$)"
FootNote,TCD,BX.KLT.DINV.CD.DT,2007 (YR2007),"Source: United Nations Conference on Trade and Development, Foreign Direct Investment Online database.",Chad,"Foreign direct investment, net inflows in reporting economy (DRS, current US$)"
FootNote,TCD,BX.KLT.DINV.CD.DT,2011 (YR2011),"Source: United Nations Conference on Trade and Development, Foreign Direct Investment Online database.",Chad,"Foreign direct investment, net inflows in reporting economy (DRS, current US$)"
FootNote,TCD,BX.KLT.DINV.CD.DT,2006 (YR2006),"Source: United Nations Conference on Trade and Development, Foreign Direct Investment Online database.",Chad,"Foreign direct investment, net inflows in reporting economy (DRS, current US$)"
FootNote,TCD,BX.KLT.DINV.CD.DT,2004 (YR2004),"Source: United Nations Conference on Trade and Development, Foreign Direct Investment Online database.",Chad,"Foreign direct investment, net inflows in reporting economy (DRS, current US$)"
FootNote,TCD,BX.KLT.DINV.CD.DT,2010 (YR2010),"Source: United Nations Conference on Trade and Development, Foreign Direct Investment Online database.",Chad,"Foreign direct investment, net inflows in reporting economy (DRS, current US$)"
FootNote,TCD,BX.KLT.DINV.CD.DT,2013 (YR2013),"Source: United Nations Conference on Trade and Development, Foreign Direct Investment Online database.",Chad,"Foreign direct investment, net inflows in reporting economy (DRS, current US$)"
FootNote,TCD,BX.KLT.DINV.CD.DT,2005 (YR2005),"Source: United Nations Conference on Trade and Development, Foreign Direct Investment Online database.",Chad,"Foreign direct investment, net inflows in reporting economy (DRS, current US$)"
FootNote,TCD,BX.KLT.DINV.CD.DT,2015 (YR2015),"Source: United Nations Conference on Trade and Development, Foreign Direct Investment Online database.",Chad,"Foreign direct investment, net inflows in reporting economy (DRS, current US$)"
FootNote,TCD,BX.KLT.DINV.CD.DT,2003 (YR2003),"Source: United Nations Conference on Trade and Development, Foreign Direct Investment Online database.",Chad,"Foreign direct investment, net inflows in reporting economy (DRS, current US$)"
FootNote,TCD,BX.KLT.DINV.CD.DT,2008 (YR2008),"Source: United Nations Conference on Trade and Development, Foreign Direct Investment Online database.",Chad,"Foreign direct investment, net inflows in reporting economy (DRS, current US$)"
FootNote,TCD,BX.KLT.DINV.CD.DT,2002 (YR2002),"Source: United Nations Conference on Trade and Development, Foreign Direct Investment Online database.",Chad,"Foreign direct investment, net inflows in reporting economy (DRS, current US$)"
FootNote,TCD,BX.KLT.DINV.CD.DT,2014 (YR2014),"Source: United Nations Conference on Trade and Development, Foreign Direct Investment Online database.",Chad,"Foreign direct investment, net inflows in reporting economy (DRS, current US$)"
FootNote,TCD,BX.KLT.DINV.CD.DT,2016 (YR2016),"Source: United Nations Conference on Trade and Development, Foreign Direct Investment Online database.",Chad,"Foreign direct investment, net inflows in reporting economy (DRS, current US$)"
FootNote,TCD,BX.KLT.DINV.CD.DT,1997 (YR1997),"Source: United Nations Conference on Trade and Development, Foreign Direct Investment Online database.",Chad,"Foreign direct investment, net inflows in reporting economy (DRS, current US$)"
FootNote,TCD,BX.KLT.DINV.CD.DT,1996 (YR1996),"Source: United Nations Conference on Trade and Development, Foreign Direct Investment Online database.",Chad,"Foreign direct investment, net inflows in reporting economy (DRS, current US$)"
FootNote,TCD,BX.KLT.DINV.CD.DT,1990 (YR1990),"Source: United Nations Conference on Trade and Development, Foreign Direct Investment Online database.",Chad,"Foreign direct investment, net inflows in reporting economy (DRS, current US$)"
FootNote,TCD,BX.KLT.DINV.CD.DT,1998 (YR1998),"Source: United Nations Conference on Trade and Development, Foreign Direct Investment Online database.",Chad,"Foreign direct investment, net inflows in reporting economy (DRS, current US$)"
FootNote,TCD,BX.KLT.DINV.CD.DT,2000 (YR2000),"Source: United Nations Conference on Trade and Development, Foreign Direct Investment Online database.",Chad,"Foreign direct investment, net inflows in reporting economy (DRS, current US$)"
FootNote,TCD,BN.CAB.XOKA.CD,2000 (YR2000),"Source: United Nations Conference on Trade and Development, Balance of Payments Online database.",Chad,Current account balance (current US$)
FootNote,TCD,BX.KLT.DINV.CD.DT,1995 (YR1995),"Source: United Nations Conference on Trade and Development, Foreign Direct Investment Online database.",Chad,"Foreign direct investment, net inflows in reporting economy (DRS, current US$)"
FootNote,TCD,BX.KLT.DINV.CD.DT,1999 (YR1999),"Source: United Nations Conference on Trade and Development, Foreign Direct Investment Online database.",Chad,"Foreign direct investment, net inflows in reporting economy (DRS, current US$)"
FootNote,TCD,BX.KLT.DINV.CD.DT,1983 (YR1983),"Source: United Nations Conference on Trade and Development, Foreign Direct Investment Online database.",Chad,"Foreign direct investment, net inflows in reporting economy (DRS, current US$)"
FootNote,TCD,BX.KLT.DINV.CD.DT,1982 (YR1982),"Source: United Nations Conference on Trade and Development, Foreign Direct Investment Online database.",Chad,"Foreign direct investment, net inflows in reporting economy (DRS, current US$)"
FootNote,TCD,BX.KLT.DINV.CD.DT,1981 (YR1981),"Source: United Nations Conference on Trade and Development, Foreign Direct Investment Online database.",Chad,"Foreign direct investment, net inflows in reporting economy (DRS, current US$)"
FootNote,TCD,BX.KLT.DINV.CD.DT,1979 (YR1979),"Source: United Nations Conference on Trade and Development, Foreign Direct Investment Online database.",Chad,"Foreign direct investment, net inflows in reporting economy (DRS, current US$)"
FootNote,TCD,BX.KLT.DINV.CD.DT,1980 (YR1980),"Source: United Nations Conference on Trade and Development, Foreign Direct Investment Online database.",Chad,"Foreign direct investment, net inflows in reporting economy (DRS, current US$)"
FootNote,COM,BM.GSR.TOTL.CD,2024 (YR2024),Gap-filled with countries' balance of payments statistics.,Comoros,"Imports of goods, services and primary income (current US$)"
FootNote,COM,BX.GSR.TOTL.CD,2024 (YR2024),Gap-filled with countries' balance of payments statistics.,Comoros,"Exports of goods, services and primary income (current US$)"
FootNote,COM,BN.CAB.XOKA.CD,2024 (YR2024),Gap-filled with countries' balance of payments statistics.,Comoros,Current account balance (current US$)
FootNote,COM,BX.KLT.DINV.CD.DT,2024 (YR2024),"Source: United Nations Conference on Trade and Development, Foreign Direct Investment Online database.",Comoros,"Foreign direct investment, net inflows in reporting economy (DRS, current US$)"
FootNote,COM,BX.TRF.PWKR.CD.DT,2024 (YR2024),"Data on Personal Transfers and Compensation of Employees are prepared by World Bank staff based on IMF's Balance of Payments statistics and data releases from central banks, national statistical agencies, and World Bank country desks.",Comoros,"Personal transfers and compensation of employees, received (current US$)"
FootNote,COM,BX.KLT.DREM.CD.DT,2024 (YR2024),Gap-filled with countries' balance of payments statistics.,Comoros,Primary income on FDI (current US$)
FootNote,COM,DT.DOD.DECT.CD,2010 (YR2010),Data include the effects of Enhanced HIPC Initiative.,Comoros,"External debt stocks, total (DOD, current US$)"
FootNote,COM,DT.DOD.PVLX.EX.ZS,2009 (YR2009),Data are from debt sustainability analyses for low-income countries. Present value estimates for these countries are for public and publicly guaranteed debt only.,Comoros,"Present value of external debt (% of exports of goods, services and income)"
FootNote,COM,DT.DOD.PVLX.GN.ZS,2009 (YR2009),Data are from debt sustainability analyses for low-income countries. Present value estimates for these countries are for public and publicly guaranteed debt only.,Comoros,Present value of external debt (% of GNI)
FootNote,COM,BN.CAB.XOKA.CD,2002 (YR2002),"Source: United Nations Conference on Trade and Development, Balance of Payments Online database.",Comoros,Current account balance (current US$)
FootNote,COM,BN.CAB.XOKA.CD,2001 (YR2001),"Source: United Nations Conference on Trade and Development, Balance of Payments Online database.",Comoros,Current account balance (current US$)
FootNote,COM,BN.CAB.XOKA.CD,2013 (YR2013),Gap-filled with countries' balance of payments statistics.,Comoros,Current account balance (current US$)
FootNote,COM,BX.GSR.TOTL.CD,2013 (YR2013),Gap-filled with countries' balance of payments statistics.,Comoros,"Exports of goods, services and primary income (current US$)"
FootNote,COM,BM.GSR.TOTL.CD,2013 (YR2013),Gap-filled with countries' balance of payments statistics.,Comoros,"Imports of goods, services and primary income (current US$)"
FootNote,COM,BX.KLT.DINV.CD.DT,2002 (YR2002),"Source: United Nations Conference on Trade and Development, Foreign Direct Investment Online database.",Comoros,"Foreign direct investment, net inflows in reporting economy (DRS, current US$)"
FootNote,COM,BX.KLT.DINV.CD.DT,2001 (YR2001),"Source: United Nations Conference on Trade and Development, Foreign Direct Investment Online database.",Comoros,"Foreign direct investment, net inflows in reporting economy (DRS, current US$)"
FootNote,COM,BX.KLT.DINV.CD.DT,1996 (YR1996),"Source: United Nations Conference on Trade and Development, Foreign Direct Investment Online database.",Comoros,"Foreign direct investment, net inflows in reporting economy (DRS, current US$)"
FootNote,COM,BN.CAB.XOKA.CD,2000 (YR2000),"Source: United Nations Conference on Trade and Development, Balance of Payments Online database.",Comoros,Current account balance (current US$)
FootNote,COM,BX.KLT.DINV.CD.DT,2000 (YR2000),"Source: United Nations Conference on Trade and Development, Foreign Direct Investment Online database.",Comoros,"Foreign direct investment, net inflows in reporting economy (DRS, current US$)"
FootNote,COM,BX.KLT.DINV.CD.DT,1998 (YR1998),"Source: United Nations Conference on Trade and Development, Foreign Direct Investment Online database.",Comoros,"Foreign direct investment, net inflows in reporting economy (DRS, current US$)"
FootNote,COM,BX.KLT.DINV.CD.DT,1997 (YR1997),"Source: United Nations Conference on Trade and Development, Foreign Direct Investment Online database.",Comoros,"Foreign direct investment, net inflows in reporting economy (DRS, current US$)"
FootNote,COM,BX.KLT.DINV.CD.DT,1999 (YR1999),"Source: United Nations Conference on Trade and Development, Foreign Direct Investment Online database.",Comoros,"Foreign direct investment, net inflows in reporting economy (DRS, current US$)"
FootNote,COM,BX.KLT.DINV.CD.DT,1982 (YR1982),"Source: United Nations Conference on Trade and Development, Foreign Direct Investment Online database.",Comoros,"Foreign direct investment, net inflows in reporting economy (DRS, current US$)"
FootNote,COD,DT.DFR.DPPG.CD,2009 (YR2009),Data include the effects of Enhanced HIPC Initiative.,"Congo, Dem. Rep.",Debt forgiveness or reduction (current US$)
FootNote,COD,DT.DOD.DECT.CD,2009 (YR2009),Data include the effects of Enhanced HIPC Initiative.,"Congo, Dem. Rep.","External debt stocks, total (DOD, current US$)"
FootNote,COD,DT.DFR.DPPG.CD,2007 (YR2007),Data include the effects of Enhanced HIPC Initiative.,"Congo, Dem. Rep.",Debt forgiveness or reduction (current US$)
FootNote,COD,DT.DOD.DECT.CD,2008 (YR2008),Data include the effects of Enhanced HIPC Initiative.,"Congo, Dem. Rep.","External debt stocks, total (DOD, current US$)"
FootNote,COD,DT.DOD.PVLX.CD,2012 (YR2012),Data are from debt sustainability analyses for low-income countries. Present value estimates for these countries are for public and publicly guaranteed debt only.,"Congo, Dem. Rep.",Present value of external debt (current US$)
FootNote,COD,DT.DOD.DECT.CD,2010 (YR2010),Data include the effects of MDRI and HIPC debt relief.,"Congo, Dem. Rep.","External debt stocks, total (DOD, current US$)"
FootNote,COD,DT.DOD.PVLX.EX.ZS,2009 (YR2009),Data are from debt sustainability analyses for low-income countries. Present value estimates for these countries are for public and publicly guaranteed debt only.,"Congo, Dem. Rep.","Present value of external debt (% of exports of goods, services and income)"
FootNote,COD,DT.DFR.DPPG.CD,2008 (YR2008),Data include the effects of Enhanced HIPC Initiative.,"Congo, Dem. Rep.",Debt forgiveness or reduction (current US$)
FootNote,COD,DT.DOD.DECT.CD,2007 (YR2007),Data include the effects of Enhanced HIPC Initiative.,"Congo, Dem. Rep.","External debt stocks, total (DOD, current US$)"
FootNote,COD,DT.DOD.PVLX.GN.ZS,2009 (YR2009),Data are from debt sustainability analyses for low-income countries. Present value estimates for these countries are for public and publicly guaranteed debt only.,"Congo, Dem. Rep.",Present value of external debt (% of GNI)
FootNote,COD,BN.CAB.XOKA.CD,2004 (YR2004),"Source: United Nations Conference on Trade and Development, Balance of Payments Online database.","Congo, Dem. Rep.",Current account balance (current US$)
FootNote,COD,BN.CAB.XOKA.CD,2002 (YR2002),"Source: United Nations Conference on Trade and Development, Balance of Payments Online database.","Congo, Dem. Rep.",Current account balance (current US$)
FootNote,COD,BN.CAB.XOKA.CD,2001 (YR2001),"Source: United Nations Conference on Trade and Development, Balance of Payments Online database.","Congo, Dem. Rep.",Current account balance (current US$)
FootNote,COD,BN.CAB.XOKA.CD,2003 (YR2003),"Source: United Nations Conference on Trade and Development, Balance of Payments Online database.","Congo, Dem. Rep.",Current account balance (current US$)
FootNote,COD,BX.KLT.DINV.CD.DT,2002 (YR2002),"Source: United Nations Conference on Trade and Development, Foreign Direct Investment Online database.","Congo, Dem. Rep.","Foreign direct investment, net inflows in reporting economy (DRS, current US$)"
FootNote,COD,BX.KLT.DINV.CD.DT,2001 (YR2001),"Source: United Nations Conference on Trade and Development, Foreign Direct Investment Online database.","Congo, Dem. Rep.","Foreign direct investment, net inflows in reporting economy (DRS, current US$)"
FootNote,COD,BX.KLT.DINV.CD.DT,2004 (YR2004),"Source: United Nations Conference on Trade and Development, Foreign Direct Investment Online database.","Congo, Dem. Rep.","Foreign direct investment, net inflows in reporting economy (DRS, current US$)"
FootNote,COD,BX.KLT.DINV.CD.DT,2003 (YR2003),"Source: United Nations Conference on Trade and Development, Foreign Direct Investment Online database.","Congo, Dem. Rep.","Foreign direct investment, net inflows in reporting economy (DRS, current US$)"
FootNote,COD,BX.KLT.DINV.CD.DT,2000 (YR2000),"Source: United Nations Conference on Trade and Development, Foreign Direct Investment Online database.","Congo, Dem. Rep.","Foreign direct investment, net inflows in reporting economy (DRS, current US$)"
FootNote,COD,BN.CAB.XOKA.CD,2000 (YR2000),"Source: United Nations Conference on Trade and Development, Balance of Payments Online database.","Congo, Dem. Rep.",Current account balance (current US$)
FootNote,COD,BX.KLT.DINV.CD.DT,1992 (YR1992),"Source: United Nations Conference on Trade and Development, Foreign Direct Investment Online database.","Congo, Dem. Rep.","Foreign direct investment, net inflows in reporting economy (DRS, current US$)"
FootNote,COD,BX.KLT.DINV.CD.DT,1996 (YR1996),"Source: United Nations Conference on Trade and Development, Foreign Direct Investment Online database.","Congo, Dem. Rep.","Foreign direct investment, net inflows in reporting economy (DRS, current US$)"
FootNote,COD,BX.KLT.DINV.CD.DT,1997 (YR1997),"Source: United Nations Conference on Trade and Development, Foreign Direct Investment Online database.","Congo, Dem. Rep.","Foreign direct investment, net inflows in reporting economy (DRS, current US$)"
FootNote,COD,BX.KLT.DINV.CD.DT,1998 (YR1998),"Source: United Nations Conference on Trade and Development, Foreign Direct Investment Online database.","Congo, Dem. Rep.","Foreign direct investment, net inflows in reporting economy (DRS, current US$)"
FootNote,COD,BX.KLT.DINV.CD.DT,1991 (YR1991),"Source: United Nations Conference on Trade and Development, Foreign Direct Investment Online database.","Congo, Dem. Rep.","Foreign direct investment, net inflows in reporting economy (DRS, current US$)"
FootNote,COD,BX.KLT.DINV.CD.DT,1993 (YR1993),"Source: United Nations Conference on Trade and Development, Foreign Direct Investment Online database.","Congo, Dem. Rep.","Foreign direct investment, net inflows in reporting economy (DRS, current US$)"
FootNote,COD,BX.KLT.DINV.CD.DT,1994 (YR1994),"Source: United Nations Conference on Trade and Development, Foreign Direct Investment Online database.","Congo, Dem. Rep.","Foreign direct investment, net inflows in reporting economy (DRS, current US$)"
FootNote,COD,BX.KLT.DINV.CD.DT,1995 (YR1995),"Source: United Nations Conference on Trade and Development, Foreign Direct Investment Online database.","Congo, Dem. Rep.","Foreign direct investment, net inflows in reporting economy (DRS, current US$)"
FootNote,COD,BX.KLT.DINV.CD.DT,1999 (YR1999),"Source: United Nations Conference on Trade and Development, Foreign Direct Investment Online database.","Congo, Dem. Rep.","Foreign direct investment, net inflows in reporting economy (DRS, current US$)"
FootNote,COD,BX.KLT.DINV.CD.DT,1990 (YR1990),"Source: United Nations Conference on Trade and Development, Foreign Direct Investment Online database.","Congo, Dem. Rep.","Foreign direct investment, net inflows in reporting economy (DRS, current US$)"
FootNote,COD,BX.KLT.DINV.CD.DT,1986 (YR1986),"Source: United Nations Conference on Trade and Development, Foreign Direct Investment Online database.","Congo, Dem. Rep.","Foreign direct investment, net inflows in reporting economy (DRS, current US$)"
FootNote,COD,BX.KLT.DINV.CD.DT,1985 (YR1985),"Source: United Nations Conference on Trade and Development, Foreign Direct Investment Online database.","Congo, Dem. Rep.","Foreign direct investment, net inflows in reporting economy (DRS, current US$)"
FootNote,COD,BX.KLT.DINV.CD.DT,1987 (YR1987),"Source: United Nations Conference on Trade and Development, Foreign Direct Investment Online database.","Congo, Dem. Rep.","Foreign direct investment, net inflows in reporting economy (DRS, current US$)"
FootNote,COD,BX.KLT.DINV.CD.DT,1988 (YR1988),"Source: United Nations Conference on Trade and Development, Foreign Direct Investment Online database.","Congo, Dem. Rep.","Foreign direct investment, net inflows in reporting economy (DRS, current US$)"
FootNote,COD,BX.KLT.DINV.CD.DT,1989 (YR1989),"Source: United Nations Conference on Trade and Development, Foreign Direct Investment Online database.","Congo, Dem. Rep.","Foreign direct investment, net inflows in reporting economy (DRS, current US$)"
FootNote,COD,BX.KLT.DINV.CD.DT,1970 (YR1970),"Source: United Nations Conference on Trade and Development, Foreign Direct Investment Online database.","Congo, Dem. Rep.","Foreign direct investment, net inflows in reporting economy (DRS, current US$)"
FootNote,COD,BX.KLT.DINV.CD.DT,1973 (YR1973),"Source: United Nations Conference on Trade and Development, Foreign Direct Investment Online database.","Congo, Dem. Rep.","Foreign direct investment, net inflows in reporting economy (DRS, current US$)"
FootNote,COD,BX.KLT.DINV.CD.DT,1971 (YR1971),"Source: United Nations Conference on Trade and Development, Foreign Direct Investment Online database.","Congo, Dem. Rep.","Foreign direct investment, net inflows in reporting economy (DRS, current US$)"
FootNote,COD,BX.KLT.DINV.CD.DT,1976 (YR1976),"Source: United Nations Conference on Trade and Development, Foreign Direct Investment Online database.","Congo, Dem. Rep.","Foreign direct investment, net inflows in reporting economy (DRS, current US$)"
FootNote,COD,BX.KLT.DINV.CD.DT,1979 (YR1979),"Source: United Nations Conference on Trade and Development, Foreign Direct Investment Online database.","Congo, Dem. Rep.","Foreign direct investment, net inflows in reporting economy (DRS, current US$)"
FootNote,COD,BX.KLT.DINV.CD.DT,1977 (YR1977),"Source: United Nations Conference on Trade and Development, Foreign Direct Investment Online database.","Congo, Dem. Rep.","Foreign direct investment, net inflows in reporting economy (DRS, current US$)"
FootNote,COD,BX.KLT.DINV.CD.DT,1974 (YR1974),"Source: United Nations Conference on Trade and Development, Foreign Direct Investment Online database.","Congo, Dem. Rep.","Foreign direct investment, net inflows in reporting economy (DRS, current US$)"
FootNote,COD,BX.KLT.DINV.CD.DT,1980 (YR1980),"Source: United Nations Conference on Trade and Development, Foreign Direct Investment Online database.","Congo, Dem. Rep.","Foreign direct investment, net inflows in reporting economy (DRS, current US$)"
FootNote,COD,BX.KLT.DINV.CD.DT,1975 (YR1975),"Source: United Nations Conference on Trade and Development, Foreign Direct Investment Online database.","Congo, Dem. Rep.","Foreign direct investment, net inflows in reporting economy (DRS, current US$)"
FootNote,COD,BX.KLT.DINV.CD.DT,1982 (YR1982),"Source: United Nations Conference on Trade and Development, Foreign Direct Investment Online database.","Congo, Dem. Rep.","Foreign direct investment, net inflows in reporting economy (DRS, current US$)"
FootNote,COD,BX.KLT.DINV.CD.DT,1981 (YR1981),"Source: United Nations Conference on Trade and Development, Foreign Direct Investment Online database.","Congo, Dem. Rep.","Foreign direct investment, net inflows in reporting economy (DRS, current US$)"
FootNote,COD,BX.KLT.DINV.CD.DT,1978 (YR1978),"Source: United Nations Conference on Trade and Development, Foreign Direct Investment Online database.","Congo, Dem. Rep.","Foreign direct investment, net inflows in reporting economy (DRS, current US$)"
FootNote,COD,BX.KLT.DINV.CD.DT,1984 (YR1984),"Source: United Nations Conference on Trade and Development, Foreign Direct Investment Online database.","Congo, Dem. Rep.","Foreign direct investment, net inflows in reporting economy (DRS, current US$)"
FootNote,COD,BX.KLT.DINV.CD.DT,1983 (YR1983),"Source: United Nations Conference on Trade and Development, Foreign Direct Investment Online database.","Congo, Dem. Rep.","Foreign direct investment, net inflows in reporting economy (DRS, current US$)"
FootNote,COD,BX.KLT.DINV.CD.DT,1972 (YR1972),"Source: United Nations Conference on Trade and Development, Foreign Direct Investment Online database.","Congo, Dem. Rep.","Foreign direct investment, net inflows in reporting economy (DRS, current US$)"
FootNote,COG,BX.TRF.PWKR.CD.DT,2024 (YR2024),"Data on Personal Transfers and Compensation of Employees are prepared by World Bank staff based on IMF's Balance of Payments statistics and data releases from central banks, national statistical agencies, and World Bank country desks.","Congo, Rep.","Personal transfers and compensation of employees, received (current US$)"
FootNote,COG,BX.TRF.PWKR.CD.DT,2023 (YR2023),"Source: United Nations Conference on Trade and Development, Balance of Payments Online database.","Congo, Rep.","Personal transfers and compensation of employees, received (current US$)"
FootNote,COG,BX.TRF.PWKR.CD.DT,2018 (YR2018),"Source: United Nations Conference on Trade and Development, Balance of Payments Online database.","Congo, Rep.","Personal transfers and compensation of employees, received (current US$)"
FootNote,COG,BX.KLT.DINV.CD.DT,2017 (YR2017),"Source: United Nations Conference on Trade and Development, Foreign Direct Investment Online database.","Congo, Rep.","Foreign direct investment, net inflows in reporting economy (DRS, current US$)"
FootNote,COG,BX.KLT.DINV.CD.DT,2022 (YR2022),"Source: United Nations Conference on Trade and Development, Foreign Direct Investment Online database.","Congo, Rep.","Foreign direct investment, net inflows in reporting economy (DRS, current US$)"
FootNote,COG,BX.KLT.DINV.CD.DT,2024 (YR2024),"Source: United Nations Conference on Trade and Development, Foreign Direct Investment Online database.","Congo, Rep.","Foreign direct investment, net inflows in reporting economy (DRS, current US$)"
FootNote,COG,BX.KLT.DINV.CD.DT,2018 (YR2018),"Source: United Nations Conference on Trade and Development, Foreign Direct Investment Online database.","Congo, Rep.","Foreign direct investment, net inflows in reporting economy (DRS, current US$)"
FootNote,COG,BX.TRF.PWKR.CD.DT,2017 (YR2017),"Source: United Nations Conference on Trade and Development, Balance of Payments Online database.","Congo, Rep.","Personal transfers and compensation of employees, received (current US$)"
FootNote,COG,BX.TRF.PWKR.CD.DT,2022 (YR2022),"Source: United Nations Conference on Trade and Development, Balance of Payments Online database.","Congo, Rep.","Personal transfers and compensation of employees, received (current US$)"
FootNote,COG,BX.KLT.DINV.CD.DT,2023 (YR2023),"Source: United Nations Conference on Trade and Development, Foreign Direct Investment Online database.","Congo, Rep.","Foreign direct investment, net inflows in reporting economy (DRS, current US$)"
FootNote,COG,BX.GSR.TOTL.CD,2022 (YR2022),"Data are prepared by World Bank staff based on IMF's Balance of Payments statistics and data releases from central banks, national statistical agencies, and World Bank country desks.","Congo, Rep.","Exports of goods, services and primary income (current US$)"
FootNote,COG,BN.CAB.XOKA.CD,2017 (YR2017),Gap-filled with countries' balance of payments statistics.,"Congo, Rep.",Current account balance (current US$)
FootNote,COG,BN.CAB.XOKA.CD,2022 (YR2022),Gap-filled with countries' balance of payments statistics.,"Congo, Rep.",Current account balance (current US$)
FootNote,COG,BN.CAB.XOKA.CD,2024 (YR2024),Gap-filled with countries' balance of payments statistics.,"Congo, Rep.",Current account balance (current US$)
FootNote,COG,BN.CAB.XOKA.CD,2023 (YR2023),Gap-filled with countries' balance of payments statistics.,"Congo, Rep.",Current account balance (current US$)
FootNote,COG,BN.CAB.XOKA.CD,2018 (YR2018),Gap-filled with countries' balance of payments statistics.,"Congo, Rep.",Current account balance (current US$)
FootNote,COG,BX.GSR.TOTL.CD,2023 (YR2023),"Data are prepared by World Bank staff based on IMF's Balance of Payments statistics and data releases from central banks, national statistical agencies, and World Bank country desks.","Congo, Rep.","Exports of goods, services and primary income (current US$)"
FootNote,COG,BX.GSR.TOTL.CD,2024 (YR2024),"Data are prepared by World Bank staff based on IMF's Balance of Payments statistics and data releases from central banks, national statistical agencies, and World Bank country desks.","Congo, Rep.","Exports of goods, services and primary income (current US$)"
FootNote,COG,BM.GSR.TOTL.CD,2024 (YR2024),"Data are prepared by World Bank staff based on IMF's Balance of Payments statistics and data releases from central banks, national statistical agencies, and World Bank country desks.","Congo, Rep.","Imports of goods, services and primary income (current US$)"
FootNote,COG,BM.GSR.TOTL.CD,2022 (YR2022),"Data are prepared by World Bank staff based on IMF's Balance of Payments statistics and data releases from central banks, national statistical agencies, and World Bank country desks.","Congo, Rep.","Imports of goods, services and primary income (current US$)"
FootNote,COG,BM.GSR.TOTL.CD,2023 (YR2023),"Data are prepared by World Bank staff based on IMF's Balance of Payments statistics and data releases from central banks, national statistical agencies, and World Bank country desks.","Congo, Rep.","Imports of goods, services and primary income (current US$)"
FootNote,COG,DT.DOD.PVLX.EX.ZS,2009 (YR2009),Data are from debt sustainability analyses for low-income countries. Present value estimates for these countries are for public and publicly guaranteed debt only.,"Congo, Rep.","Present value of external debt (% of exports of goods, services and income)"
FootNote,COG,DT.DOD.PVLX.GN.ZS,2009 (YR2009),Data are from debt sustainability analyses for low-income countries. Present value estimates for these countries are for public and publicly guaranteed debt only.,"Congo, Rep.",Present value of external debt (% of GNI)
FootNote,COG,DT.DOD.DECT.CD,2009 (YR2009),Data include the effects of Enhanced HIPC Initiative.,"Congo, Rep.","External debt stocks, total (DOD, current US$)"
FootNote,COG,DT.DFR.DPPG.CD,2007 (YR2007),Data include the effects of Enhanced HIPC Initiative.,"Congo, Rep.",Debt forgiveness or reduction (current US$)
FootNote,COG,DT.DFR.DPPG.CD,2008 (YR2008),Data include the effects of Enhanced HIPC Initiative.,"Congo, Rep.",Debt forgiveness or reduction (current US$)
FootNote,COG,DT.DFR.DPPG.CD,2009 (YR2009),Data include the effects of Enhanced HIPC Initiative.,"Congo, Rep.",Debt forgiveness or reduction (current US$)
FootNote,COG,DT.DOD.DECT.CD,2007 (YR2007),Data include the effects of Enhanced HIPC Initiative and London Club debt restructuring agreement.,"Congo, Rep.","External debt stocks, total (DOD, current US$)"
FootNote,COG,DT.DOD.DECT.CD,2008 (YR2008),Data include the effects of Enhanced HIPC Initiative and Paris Club debt restructuring agreement.,"Congo, Rep.","External debt stocks, total (DOD, current US$)"
FootNote,COG,DT.DOD.DECT.CD,2010 (YR2010),Data include the effects of MDRI and HIPC debt relief.,"Congo, Rep.","External debt stocks, total (DOD, current US$)"
FootNote,COG,BX.KLT.DINV.CD.DT,1989 (YR1989),"Source: United Nations Conference on Trade and Development, Foreign Direct Investment Online database.","Congo, Rep.","Foreign direct investment, net inflows in reporting economy (DRS, current US$)"
FootNote,COG,BX.KLT.DINV.CD.DT,1990 (YR1990),"Source: United Nations Conference on Trade and Development, Foreign Direct Investment Online database.","Congo, Rep.","Foreign direct investment, net inflows in reporting economy (DRS, current US$)"
FootNote,COG,BX.KLT.DINV.CD.DT,1991 (YR1991),"Source: United Nations Conference on Trade and Development, Foreign Direct Investment Online database.","Congo, Rep.","Foreign direct investment, net inflows in reporting economy (DRS, current US$)"
FootNote,COG,BX.KLT.DINV.CD.DT,1994 (YR1994),"Source: United Nations Conference on Trade and Development, Foreign Direct Investment Online database.","Congo, Rep.","Foreign direct investment, net inflows in reporting economy (DRS, current US$)"
FootNote,COG,BX.KLT.DINV.CD.DT,1992 (YR1992),"Source: United Nations Conference on Trade and Development, Foreign Direct Investment Online database.","Congo, Rep.","Foreign direct investment, net inflows in reporting economy (DRS, current US$)"
FootNote,COG,BX.KLT.DINV.CD.DT,1993 (YR1993),"Source: United Nations Conference on Trade and Development, Foreign Direct Investment Online database.","Congo, Rep.","Foreign direct investment, net inflows in reporting economy (DRS, current US$)"
FootNote,CIV,BX.KLT.DINV.CD.DT,2024 (YR2024),"Source: United Nations Conference on Trade and Development, Foreign Direct Investment Online database.",Côte d'Ivoire,"Foreign direct investment, net inflows in reporting economy (DRS, current US$)"
FootNote,CIV,BX.TRF.PWKR.CD.DT,2024 (YR2024),"Data on Personal Transfers and Compensation of Employees are prepared by World Bank staff based on IMF's Balance of Payments statistics and data releases from central banks, national statistical agencies, and World Bank country desks.",Côte d'Ivoire,"Personal transfers and compensation of employees, received (current US$)"
FootNote,CIV,BX.TRF.PWKR.CD.DT,2023 (YR2023),"Source: United Nations Conference on Trade and Development, Balance of Payments Online database.",Côte d'Ivoire,"Personal transfers and compensation of employees, received (current US$)"
FootNote,CIV,BM.GSR.TOTL.CD,2024 (YR2024),Gap-filled with countries' balance of payments statistics.,Côte d'Ivoire,"Imports of goods, services and primary income (current US$)"
FootNote,CIV,BX.GSR.TOTL.CD,2023 (YR2023),Gap-filled with countries' balance of payments statistics.,Côte d'Ivoire,"Exports of goods, services and primary income (current US$)"
FootNote,CIV,BX.GSR.TOTL.CD,2024 (YR2024),Gap-filled with countries' balance of payments statistics.,Côte d'Ivoire,"Exports of goods, services and primary income (current US$)"
FootNote,CIV,BN.CAB.XOKA.CD,2024 (YR2024),Gap-filled with countries' balance of payments statistics.,Côte d'Ivoire,Current account balance (current US$)
FootNote,CIV,BN.CAB.XOKA.CD,2023 (YR2023),Gap-filled with countries' balance of payments statistics.,Côte d'Ivoire,Current account balance (current US$)
FootNote,CIV,DT.DOD.DECT.CD,2009 (YR2009),Data include the effects of Paris Club debt restructuring agreements.,Côte d'Ivoire,"External debt stocks, total (DOD, current US$)"
FootNote,CIV,DT.DOD.PVLX.EX.ZS,2009 (YR2009),Data are from debt sustainability analyses for low-income countries. Present value estimates for these countries are for public and publicly guaranteed debt only.,Côte d'Ivoire,"Present value of external debt (% of exports of goods, services and income)"
FootNote,CIV,DT.DOD.PVLX.GN.ZS,2009 (YR2009),Data are from debt sustainability analyses for low-income countries. Present value estimates for these countries are for public and publicly guaranteed debt only.,Côte d'Ivoire,Present value of external debt (% of GNI)
FootNote,CIV,BN.CAB.XOKA.CD,2001 (YR2001),"Source: United Nations Conference on Trade and Development, Balance of Payments Online database.",Côte d'Ivoire,Current account balance (current US$)
FootNote,CIV,BN.CAB.XOKA.CD,2003 (YR2003),"Source: United Nations Conference on Trade and Development, Balance of Payments Online database.",Côte d'Ivoire,Current account balance (current US$)
FootNote,CIV,BN.CAB.XOKA.CD,2004 (YR2004),"Source: United Nations Conference on Trade and Development, Balance of Payments Online database.",Côte d'Ivoire,Current account balance (current US$)
FootNote,CIV,BN.CAB.XOKA.CD,2002 (YR2002),"Source: United Nations Conference on Trade and Development, Balance of Payments Online database.",Côte d'Ivoire,Current account balance (current US$)
FootNote,CIV,BM.GSR.TOTL.CD,2002 (YR2002),"Source: United Nations Conference on Trade and Development, Balance of Payments Online database.",Côte d'Ivoire,"Imports of goods, services and primary income (current US$)"
FootNote,CIV,BM.GSR.TOTL.CD,2003 (YR2003),"Source: United Nations Conference on Trade and Development, Balance of Payments Online database.",Côte d'Ivoire,"Imports of goods, services and primary income (current US$)"
FootNote,CIV,BX.KLT.DINV.CD.DT,2003 (YR2003),"Source: United Nations Conference on Trade and Development, Foreign Direct Investment Online database.",Côte d'Ivoire,"Foreign direct investment, net inflows in reporting economy (DRS, current US$)"
FootNote,CIV,BX.KLT.DINV.CD.DT,2004 (YR2004),"Source: United Nations Conference on Trade and Development, Foreign Direct Investment Online database.",Côte d'Ivoire,"Foreign direct investment, net inflows in reporting economy (DRS, current US$)"
FootNote,CIV,FI.RES.TOTL.CD,2012 (YR2012),Gap-filled with countries' balance of payments statistics.,Côte d'Ivoire,"Total reserves (includes gold, current US$)"
FootNote,CIV,FI.RES.TOTL.CD,2007 (YR2007),Gap-filled with countries' balance of payments statistics.,Côte d'Ivoire,"Total reserves (includes gold, current US$)"
FootNote,CIV,FI.RES.TOTL.CD,2016 (YR2016),Gap-filled with countries' balance of payments statistics.,Côte d'Ivoire,"Total reserves (includes gold, current US$)"
FootNote,CIV,FI.RES.TOTL.CD,2010 (YR2010),Gap-filled with countries' balance of payments statistics.,Côte d'Ivoire,"Total reserves (includes gold, current US$)"
FootNote,CIV,FI.RES.TOTL.CD,2006 (YR2006),Gap-filled with countries' balance of payments statistics.,Côte d'Ivoire,"Total reserves (includes gold, current US$)"
FootNote,CIV,FI.RES.TOTL.CD,2013 (YR2013),Gap-filled with countries' balance of payments statistics.,Côte d'Ivoire,"Total reserves (includes gold, current US$)"
FootNote,CIV,FI.RES.TOTL.CD,2011 (YR2011),Gap-filled with countries' balance of payments statistics.,Côte d'Ivoire,"Total reserves (includes gold, current US$)"
FootNote,CIV,FI.RES.TOTL.CD,2005 (YR2005),Gap-filled with countries' balance of payments statistics.,Côte d'Ivoire,"Total reserves (includes gold, current US$)"
FootNote,CIV,FI.RES.TOTL.CD,2015 (YR2015),Gap-filled with countries' balance of payments statistics.,Côte d'Ivoire,"Total reserves (includes gold, current US$)"
FootNote,CIV,FI.RES.TOTL.CD,2008 (YR2008),Gap-filled with countries' balance of payments statistics.,Côte d'Ivoire,"Total reserves (includes gold, current US$)"
FootNote,CIV,FI.RES.TOTL.CD,2002 (YR2002),Gap-filled with countries' balance of payments statistics.,Côte d'Ivoire,"Total reserves (includes gold, current US$)"
FootNote,CIV,FI.RES.TOTL.CD,2004 (YR2004),Gap-filled with countries' balance of payments statistics.,Côte d'Ivoire,"Total reserves (includes gold, current US$)"
FootNote,CIV,FI.RES.TOTL.CD,2003 (YR2003),Gap-filled with countries' balance of payments statistics.,Côte d'Ivoire,"Total reserves (includes gold, current US$)"
FootNote,CIV,FI.RES.TOTL.CD,2009 (YR2009),Gap-filled with countries' balance of payments statistics.,Côte d'Ivoire,"Total reserves (includes gold, current US$)"
FootNote,CIV,FI.RES.TOTL.CD,2014 (YR2014),Gap-filled with countries' balance of payments statistics.,Côte d'Ivoire,"Total reserves (includes gold, current US$)"
FootNote,CIV,FI.RES.TOTL.CD,2001 (YR2001),Gap-filled with countries' balance of payments statistics.,Côte d'Ivoire,"Total reserves (includes gold, current US$)"
FootNote,CIV,BX.KLT.DINV.CD.DT,2001 (YR2001),"Source: United Nations Conference on Trade and Development, Foreign Direct Investment Online database.",Côte d'Ivoire,"Foreign direct investment, net inflows in reporting economy (DRS, current US$)"
FootNote,CIV,BM.GSR.TOTL.CD,2004 (YR2004),"Source: United Nations Conference on Trade and Development, Balance of Payments Online database.",Côte d'Ivoire,"Imports of goods, services and primary income (current US$)"
FootNote,CIV,BM.GSR.TOTL.CD,2001 (YR2001),"Source: United Nations Conference on Trade and Development, Balance of Payments Online database.",Côte d'Ivoire,"Imports of goods, services and primary income (current US$)"
FootNote,CIV,BX.KLT.DINV.CD.DT,2002 (YR2002),"Source: United Nations Conference on Trade and Development, Foreign Direct Investment Online database.",Côte d'Ivoire,"Foreign direct investment, net inflows in reporting economy (DRS, current US$)"
FootNote,CIV,BN.CAB.XOKA.CD,2000 (YR2000),"Source: United Nations Conference on Trade and Development, Balance of Payments Online database.",Côte d'Ivoire,Current account balance (current US$)
FootNote,CIV,BM.GSR.TOTL.CD,2000 (YR2000),"Source: United Nations Conference on Trade and Development, Balance of Payments Online database.",Côte d'Ivoire,"Imports of goods, services and primary income (current US$)"
FootNote,CIV,BX.KLT.DINV.CD.DT,2000 (YR2000),"Source: United Nations Conference on Trade and Development, Foreign Direct Investment Online database.",Côte d'Ivoire,"Foreign direct investment, net inflows in reporting economy (DRS, current US$)"
FootNote,CIV,FI.RES.TOTL.CD,2000 (YR2000),Gap-filled with countries' balance of payments statistics.,Côte d'Ivoire,"Total reserves (includes gold, current US$)"
FootNote,DJI,DT.DOD.DECT.CD,2008 (YR2008),Data include the effects of Paris Club debt restructuring agreement.,Djibouti,"External debt stocks, total (DOD, current US$)"
FootNote,DMA,BX.KLT.DINV.CD.DT,1977 (YR1977),"Source: United Nations Conference on Trade and Development, Foreign Direct Investment Online database.",Dominica,"Foreign direct investment, net inflows in reporting economy (DRS, current US$)"
FootNote,DMA,BX.KLT.DINV.CD.DT,1981 (YR1981),"Source: United Nations Conference on Trade and Development, Foreign Direct Investment Online database.",Dominica,"Foreign direct investment, net inflows in reporting economy (DRS, current US$)"
FootNote,DOM,DT.DOD.DECT.CD,2005 (YR2005),Data include the effects of Paris Club debt restructuring agreement.,Dominican Republic,"External debt stocks, total (DOD, current US$)"
FootNote,EGY,BX.KLT.DINV.CD.DT,2023 (YR2023),"Source: United Nations Conference on Trade and Development, Foreign Direct Investment Online database.","Egypt, Arab Rep.","Foreign direct investment, net inflows in reporting economy (DRS, current US$)"
FootNote,EGY,BX.KLT.DINV.CD.DT,2020 (YR2020),"Source: United Nations Conference on Trade and Development, Foreign Direct Investment Online database.","Egypt, Arab Rep.","Foreign direct investment, net inflows in reporting economy (DRS, current US$)"
FootNote,EGY,BX.KLT.DINV.CD.DT,2017 (YR2017),"Source: United Nations Conference on Trade and Development, Foreign Direct Investment Online database.","Egypt, Arab Rep.","Foreign direct investment, net inflows in reporting economy (DRS, current US$)"
FootNote,EGY,BX.KLT.DINV.CD.DT,2022 (YR2022),"Source: United Nations Conference on Trade and Development, Foreign Direct Investment Online database.","Egypt, Arab Rep.","Foreign direct investment, net inflows in reporting economy (DRS, current US$)"
FootNote,EGY,BX.KLT.DINV.CD.DT,2018 (YR2018),"Source: United Nations Conference on Trade and Development, Foreign Direct Investment Online database.","Egypt, Arab Rep.","Foreign direct investment, net inflows in reporting economy (DRS, current US$)"
FootNote,EGY,BX.KLT.DINV.CD.DT,2021 (YR2021),"Source: United Nations Conference on Trade and Development, Foreign Direct Investment Online database.","Egypt, Arab Rep.","Foreign direct investment, net inflows in reporting economy (DRS, current US$)"
FootNote,EGY,BX.KLT.DINV.CD.DT,2019 (YR2019),"Source: United Nations Conference on Trade and Development, Foreign Direct Investment Online database.","Egypt, Arab Rep.","Foreign direct investment, net inflows in reporting economy (DRS, current US$)"
FootNote,EGY,BX.KLT.DINV.CD.DT,2024 (YR2024),"Source: United Nations Conference on Trade and Development, Foreign Direct Investment Online database.","Egypt, Arab Rep.","Foreign direct investment, net inflows in reporting economy (DRS, current US$)"
FootNote,EGY,BX.KLT.DINV.CD.DT,2015 (YR2015),"Source: United Nations Conference on Trade and Development, Foreign Direct Investment Online database.","Egypt, Arab Rep.","Foreign direct investment, net inflows in reporting economy (DRS, current US$)"
FootNote,EGY,BX.KLT.DINV.CD.DT,2014 (YR2014),"Source: United Nations Conference on Trade and Development, Foreign Direct Investment Online database.","Egypt, Arab Rep.","Foreign direct investment, net inflows in reporting economy (DRS, current US$)"
FootNote,EGY,BX.KLT.DINV.CD.DT,2003 (YR2003),"Source: United Nations Conference on Trade and Development, Foreign Direct Investment Online database.","Egypt, Arab Rep.","Foreign direct investment, net inflows in reporting economy (DRS, current US$)"
FootNote,EGY,BX.KLT.DINV.CD.DT,2002 (YR2002),"Source: United Nations Conference on Trade and Development, Foreign Direct Investment Online database.","Egypt, Arab Rep.","Foreign direct investment, net inflows in reporting economy (DRS, current US$)"
FootNote,EGY,BX.KLT.DINV.CD.DT,2005 (YR2005),"Source: United Nations Conference on Trade and Development, Foreign Direct Investment Online database.","Egypt, Arab Rep.","Foreign direct investment, net inflows in reporting economy (DRS, current US$)"
FootNote,EGY,BX.KLT.DINV.CD.DT,2016 (YR2016),"Source: United Nations Conference on Trade and Development, Foreign Direct Investment Online database.","Egypt, Arab Rep.","Foreign direct investment, net inflows in reporting economy (DRS, current US$)"
FootNote,EGY,BX.KLT.DINV.CD.DT,2012 (YR2012),"Source: United Nations Conference on Trade and Development, Foreign Direct Investment Online database.","Egypt, Arab Rep.","Foreign direct investment, net inflows in reporting economy (DRS, current US$)"
FootNote,EGY,BX.KLT.DINV.CD.DT,2004 (YR2004),"Source: United Nations Conference on Trade and Development, Foreign Direct Investment Online database.","Egypt, Arab Rep.","Foreign direct investment, net inflows in reporting economy (DRS, current US$)"
FootNote,EGY,BX.KLT.DINV.CD.DT,2010 (YR2010),"Source: United Nations Conference on Trade and Development, Foreign Direct Investment Online database.","Egypt, Arab Rep.","Foreign direct investment, net inflows in reporting economy (DRS, current US$)"
FootNote,EGY,BX.KLT.DINV.CD.DT,2009 (YR2009),"Source: United Nations Conference on Trade and Development, Foreign Direct Investment Online database.","Egypt, Arab Rep.","Foreign direct investment, net inflows in reporting economy (DRS, current US$)"
FootNote,EGY,BX.KLT.DINV.CD.DT,2013 (YR2013),"Source: United Nations Conference on Trade and Development, Foreign Direct Investment Online database.","Egypt, Arab Rep.","Foreign direct investment, net inflows in reporting economy (DRS, current US$)"
FootNote,EGY,BX.KLT.DINV.CD.DT,2006 (YR2006),"Source: United Nations Conference on Trade and Development, Foreign Direct Investment Online database.","Egypt, Arab Rep.","Foreign direct investment, net inflows in reporting economy (DRS, current US$)"
FootNote,EGY,BX.KLT.DINV.CD.DT,2001 (YR2001),"Source: United Nations Conference on Trade and Development, Foreign Direct Investment Online database.","Egypt, Arab Rep.","Foreign direct investment, net inflows in reporting economy (DRS, current US$)"
FootNote,EGY,BX.KLT.DINV.CD.DT,2011 (YR2011),"Source: United Nations Conference on Trade and Development, Foreign Direct Investment Online database.","Egypt, Arab Rep.","Foreign direct investment, net inflows in reporting economy (DRS, current US$)"
FootNote,EGY,BX.KLT.DINV.CD.DT,2008 (YR2008),"Source: United Nations Conference on Trade and Development, Foreign Direct Investment Online database.","Egypt, Arab Rep.","Foreign direct investment, net inflows in reporting economy (DRS, current US$)"
FootNote,EGY,BX.KLT.DINV.CD.DT,2007 (YR2007),"Source: United Nations Conference on Trade and Development, Foreign Direct Investment Online database.","Egypt, Arab Rep.","Foreign direct investment, net inflows in reporting economy (DRS, current US$)"
FootNote,EGY,BX.KLT.DINV.CD.DT,2000 (YR2000),"Source: United Nations Conference on Trade and Development, Foreign Direct Investment Online database.","Egypt, Arab Rep.","Foreign direct investment, net inflows in reporting economy (DRS, current US$)"
FootNote,SLV,BX.KLT.DINV.CD.DT,1994 (YR1994),"Source: United Nations Conference on Trade and Development, Foreign Direct Investment Online database.",El Salvador,"Foreign direct investment, net inflows in reporting economy (DRS, current US$)"
FootNote,GNQ,BX.KLT.DREM.CD.DT,2018 (YR2018),Gap-filled with countries' balance of payments statistics.,Equatorial Guinea,Primary income on FDI (current US$)
FootNote,GNQ,BX.KLT.DREM.CD.DT,2022 (YR2022),Gap-filled with countries' balance of payments statistics.,Equatorial Guinea,Primary income on FDI (current US$)
FootNote,GNQ,BX.KLT.DREM.CD.DT,2019 (YR2019),Gap-filled with countries' balance of payments statistics.,Equatorial Guinea,Primary income on FDI (current US$)
FootNote,GNQ,BX.KLT.DREM.CD.DT,2021 (YR2021),Gap-filled with countries' balance of payments statistics.,Equatorial Guinea,Primary income on FDI (current US$)
FootNote,GNQ,BX.KLT.DREM.CD.DT,2017 (YR2017),Gap-filled with countries' balance of payments statistics.,Equatorial Guinea,Primary income on FDI (current US$)
FootNote,GNQ,BX.KLT.DREM.CD.DT,2020 (YR2020),Gap-filled with countries' balance of payments statistics.,Equatorial Guinea,Primary income on FDI (current US$)
FootNote,GNQ,BX.KLT.DREM.CD.DT,2023 (YR2023),Gap-filled with countries' balance of payments statistics.,Equatorial Guinea,Primary income on FDI (current US$)
FootNote,GNQ,BM.GSR.TOTL.CD,2021 (YR2021),Gap-filled with countries' balance of payments statistics.,Equatorial Guinea,"Imports of goods, services and primary income (current US$)"
FootNote,GNQ,BM.GSR.TOTL.CD,2022 (YR2022),Gap-filled with countries' balance of payments statistics.,Equatorial Guinea,"Imports of goods, services and primary income (current US$)"
FootNote,GNQ,BX.TRF.PWKR.CD.DT,2017 (YR2017),Gap-filled with countries' balance of payments statistics.,Equatorial Guinea,"Personal transfers and compensation of employees, received (current US$)"
FootNote,GNQ,BX.TRF.PWKR.CD.DT,2022 (YR2022),Gap-filled with countries' balance of payments statistics.,Equatorial Guinea,"Personal transfers and compensation of employees, received (current US$)"
FootNote,GNQ,BX.TRF.PWKR.CD.DT,2018 (YR2018),Gap-filled with countries' balance of payments statistics.,Equatorial Guinea,"Personal transfers and compensation of employees, received (current US$)"
FootNote,GNQ,BX.TRF.PWKR.CD.DT,2023 (YR2023),Gap-filled with countries' balance of payments statistics.,Equatorial Guinea,"Personal transfers and compensation of employees, received (current US$)"
FootNote,GNQ,BX.TRF.PWKR.CD.DT,2021 (YR2021),Gap-filled with countries' balance of payments statistics.,Equatorial Guinea,"Personal transfers and compensation of employees, received (current US$)"
FootNote,GNQ,BX.TRF.PWKR.CD.DT,2019 (YR2019),Gap-filled with countries' balance of payments statistics.,Equatorial Guinea,"Personal transfers and compensation of employees, received (current US$)"
FootNote,GNQ,BX.TRF.PWKR.CD.DT,2020 (YR2020),Gap-filled with countries' balance of payments statistics.,Equatorial Guinea,"Personal transfers and compensation of employees, received (current US$)"
FootNote,GNQ,BX.KLT.DINV.CD.DT,2024 (YR2024),"Source: United Nations Conference on Trade and Development, Foreign Direct Investment Online database.",Equatorial Guinea,"Foreign direct investment, net inflows in reporting economy (DRS, current US$)"
FootNote,GNQ,BX.KLT.DINV.CD.DT,2018 (YR2018),"Source: United Nations Conference on Trade and Development, Foreign Direct Investment Online database.",Equatorial Guinea,"Foreign direct investment, net inflows in reporting economy (DRS, current US$)"
FootNote,GNQ,BX.KLT.DINV.CD.DT,2020 (YR2020),"Source: United Nations Conference on Trade and Development, Foreign Direct Investment Online database.",Equatorial Guinea,"Foreign direct investment, net inflows in reporting economy (DRS, current US$)"
FootNote,GNQ,BX.KLT.DINV.CD.DT,2017 (YR2017),"Source: United Nations Conference on Trade and Development, Foreign Direct Investment Online database.",Equatorial Guinea,"Foreign direct investment, net inflows in reporting economy (DRS, current US$)"
FootNote,GNQ,BX.KLT.DINV.CD.DT,2023 (YR2023),"Source: United Nations Conference on Trade and Development, Foreign Direct Investment Online database.",Equatorial Guinea,"Foreign direct investment, net inflows in reporting economy (DRS, current US$)"
FootNote,GNQ,BX.KLT.DINV.CD.DT,2022 (YR2022),"Source: United Nations Conference on Trade and Development, Foreign Direct Investment Online database.",Equatorial Guinea,"Foreign direct investment, net inflows in reporting economy (DRS, current US$)"
FootNote,GNQ,BX.KLT.DINV.CD.DT,2019 (YR2019),"Source: United Nations Conference on Trade and Development, Foreign Direct Investment Online database.",Equatorial Guinea,"Foreign direct investment, net inflows in reporting economy (DRS, current US$)"
FootNote,GNQ,BX.GSR.TOTL.CD,2018 (YR2018),Gap-filled with countries' balance of payments statistics.,Equatorial Guinea,"Exports of goods, services and primary income (current US$)"
FootNote,GNQ,BX.GSR.TOTL.CD,2021 (YR2021),Gap-filled with countries' balance of payments statistics.,Equatorial Guinea,"Exports of goods, services and primary income (current US$)"
FootNote,GNQ,BX.GSR.TOTL.CD,2020 (YR2020),Gap-filled with countries' balance of payments statistics.,Equatorial Guinea,"Exports of goods, services and primary income (current US$)"
FootNote,GNQ,BX.GSR.TOTL.CD,2023 (YR2023),Gap-filled with countries' balance of payments statistics.,Equatorial Guinea,"Exports of goods, services and primary income (current US$)"
FootNote,GNQ,BX.GSR.TOTL.CD,2019 (YR2019),Gap-filled with countries' balance of payments statistics.,Equatorial Guinea,"Exports of goods, services and primary income (current US$)"
FootNote,GNQ,BX.GSR.TOTL.CD,2022 (YR2022),Gap-filled with countries' balance of payments statistics.,Equatorial Guinea,"Exports of goods, services and primary income (current US$)"
FootNote,GNQ,BM.GSR.TOTL.CD,2017 (YR2017),Gap-filled with countries' balance of payments statistics.,Equatorial Guinea,"Imports of goods, services and primary income (current US$)"
FootNote,GNQ,BM.GSR.TOTL.CD,2023 (YR2023),Gap-filled with countries' balance of payments statistics.,Equatorial Guinea,"Imports of goods, services and primary income (current US$)"
FootNote,GNQ,BM.GSR.TOTL.CD,2018 (YR2018),Gap-filled with countries' balance of payments statistics.,Equatorial Guinea,"Imports of goods, services and primary income (current US$)"
FootNote,GNQ,BM.GSR.TOTL.CD,2020 (YR2020),Gap-filled with countries' balance of payments statistics.,Equatorial Guinea,"Imports of goods, services and primary income (current US$)"
FootNote,GNQ,BX.GSR.TOTL.CD,2017 (YR2017),Gap-filled with countries' balance of payments statistics.,Equatorial Guinea,"Exports of goods, services and primary income (current US$)"
FootNote,GNQ,BM.GSR.TOTL.CD,2019 (YR2019),Gap-filled with countries' balance of payments statistics.,Equatorial Guinea,"Imports of goods, services and primary income (current US$)"
FootNote,GNQ,BN.CAB.XOKA.CD,2021 (YR2021),Gap-filled with countries' balance of payments statistics.,Equatorial Guinea,Current account balance (current US$)
FootNote,GNQ,BN.CAB.XOKA.CD,2024 (YR2024),Gap-filled with countries' balance of payments statistics.,Equatorial Guinea,Current account balance (current US$)
FootNote,GNQ,BN.CAB.XOKA.CD,2023 (YR2023),Gap-filled with countries' balance of payments statistics.,Equatorial Guinea,Current account balance (current US$)
FootNote,GNQ,BN.CAB.XOKA.CD,2020 (YR2020),Gap-filled with countries' balance of payments statistics.,Equatorial Guinea,Current account balance (current US$)
FootNote,GNQ,BN.CAB.XOKA.CD,2017 (YR2017),Gap-filled with countries' balance of payments statistics.,Equatorial Guinea,Current account balance (current US$)
FootNote,GNQ,BN.CAB.XOKA.CD,2022 (YR2022),Gap-filled with countries' balance of payments statistics.,Equatorial Guinea,Current account balance (current US$)
FootNote,GNQ,BN.CAB.XOKA.CD,2018 (YR2018),Gap-filled with countries' balance of payments statistics.,Equatorial Guinea,Current account balance (current US$)
FootNote,GNQ,BN.CAB.XOKA.CD,2019 (YR2019),Gap-filled with countries' balance of payments statistics.,Equatorial Guinea,Current account balance (current US$)
FootNote,GNQ,BX.PEF.TOTL.CD.DT,2023 (YR2023),Gap-filled with countries' balance of payments statistics.,Equatorial Guinea,"Portfolio investment, equity (DRS, current US$)"
FootNote,GNQ,BX.PEF.TOTL.CD.DT,2018 (YR2018),Gap-filled with countries' balance of payments statistics.,Equatorial Guinea,"Portfolio investment, equity (DRS, current US$)"
FootNote,GNQ,BX.PEF.TOTL.CD.DT,2022 (YR2022),Gap-filled with countries' balance of payments statistics.,Equatorial Guinea,"Portfolio investment, equity (DRS, current US$)"
FootNote,GNQ,BX.PEF.TOTL.CD.DT,2017 (YR2017),Gap-filled with countries' balance of payments statistics.,Equatorial Guinea,"Portfolio investment, equity (DRS, current US$)"
FootNote,GNQ,BX.PEF.TOTL.CD.DT,2020 (YR2020),Gap-filled with countries' balance of payments statistics.,Equatorial Guinea,"Portfolio investment, equity (DRS, current US$)"
FootNote,GNQ,BX.KLT.DINV.CD.DT,2021 (YR2021),"Source: United Nations Conference on Trade and Development, Foreign Direct Investment Online database.",Equatorial Guinea,"Foreign direct investment, net inflows in reporting economy (DRS, current US$)"
FootNote,GNQ,BX.PEF.TOTL.CD.DT,2021 (YR2021),Gap-filled with countries' balance of payments statistics.,Equatorial Guinea,"Portfolio investment, equity (DRS, current US$)"
FootNote,GNQ,BX.PEF.TOTL.CD.DT,2019 (YR2019),Gap-filled with countries' balance of payments statistics.,Equatorial Guinea,"Portfolio investment, equity (DRS, current US$)"
FootNote,GNQ,BN.CAB.XOKA.CD,2015 (YR2015),Gap-filled with countries' balance of payments statistics.,Equatorial Guinea,Current account balance (current US$)
FootNote,GNQ,BN.CAB.XOKA.CD,2010 (YR2010),Gap-filled with countries' balance of payments statistics.,Equatorial Guinea,Current account balance (current US$)
FootNote,GNQ,BN.CAB.XOKA.CD,2013 (YR2013),Gap-filled with countries' balance of payments statistics.,Equatorial Guinea,Current account balance (current US$)
FootNote,GNQ,BN.CAB.XOKA.CD,2016 (YR2016),Gap-filled with countries' balance of payments statistics.,Equatorial Guinea,Current account balance (current US$)
FootNote,GNQ,BN.CAB.XOKA.CD,2014 (YR2014),Gap-filled with countries' balance of payments statistics.,Equatorial Guinea,Current account balance (current US$)
FootNote,GNQ,BN.CAB.XOKA.CD,2011 (YR2011),Gap-filled with countries' balance of payments statistics.,Equatorial Guinea,Current account balance (current US$)
FootNote,GNQ,BN.CAB.XOKA.CD,2012 (YR2012),Gap-filled with countries' balance of payments statistics.,Equatorial Guinea,Current account balance (current US$)
FootNote,GNQ,BM.GSR.TOTL.CD,2012 (YR2012),Gap-filled with countries' balance of payments statistics.,Equatorial Guinea,"Imports of goods, services and primary income (current US$)"
FootNote,GNQ,BM.GSR.TOTL.CD,2013 (YR2013),Gap-filled with countries' balance of payments statistics.,Equatorial Guinea,"Imports of goods, services and primary income (current US$)"
FootNote,GNQ,BM.GSR.TOTL.CD,2010 (YR2010),Gap-filled with countries' balance of payments statistics.,Equatorial Guinea,"Imports of goods, services and primary income (current US$)"
FootNote,GNQ,BX.GSR.TOTL.CD,2010 (YR2010),Gap-filled with countries' balance of payments statistics.,Equatorial Guinea,"Exports of goods, services and primary income (current US$)"
FootNote,GNQ,BM.GSR.TOTL.CD,2011 (YR2011),Gap-filled with countries' balance of payments statistics.,Equatorial Guinea,"Imports of goods, services and primary income (current US$)"
FootNote,GNQ,BM.GSR.TOTL.CD,2014 (YR2014),Gap-filled with countries' balance of payments statistics.,Equatorial Guinea,"Imports of goods, services and primary income (current US$)"
FootNote,GNQ,BM.GSR.TOTL.CD,2016 (YR2016),Gap-filled with countries' balance of payments statistics.,Equatorial Guinea,"Imports of goods, services and primary income (current US$)"
FootNote,GNQ,BM.GSR.TOTL.CD,2015 (YR2015),Gap-filled with countries' balance of payments statistics.,Equatorial Guinea,"Imports of goods, services and primary income (current US$)"
FootNote,GNQ,BX.GSR.TOTL.CD,2014 (YR2014),Gap-filled with countries' balance of payments statistics.,Equatorial Guinea,"Exports of goods, services and primary income (current US$)"
FootNote,GNQ,BX.GSR.TOTL.CD,2013 (YR2013),Gap-filled with countries' balance of payments statistics.,Equatorial Guinea,"Exports of goods, services and primary income (current US$)"
FootNote,GNQ,BX.GSR.TOTL.CD,2016 (YR2016),Gap-filled with countries' balance of payments statistics.,Equatorial Guinea,"Exports of goods, services and primary income (current US$)"
FootNote,GNQ,BX.GSR.TOTL.CD,2011 (YR2011),Gap-filled with countries' balance of payments statistics.,Equatorial Guinea,"Exports of goods, services and primary income (current US$)"
FootNote,GNQ,BX.GSR.TOTL.CD,2015 (YR2015),Gap-filled with countries' balance of payments statistics.,Equatorial Guinea,"Exports of goods, services and primary income (current US$)"
FootNote,GNQ,BX.GSR.TOTL.CD,2012 (YR2012),Gap-filled with countries' balance of payments statistics.,Equatorial Guinea,"Exports of goods, services and primary income (current US$)"
FootNote,GNQ,BX.PEF.TOTL.CD.DT,2016 (YR2016),Gap-filled with countries' balance of payments statistics.,Equatorial Guinea,"Portfolio investment, equity (DRS, current US$)"
FootNote,GNQ,BX.KLT.DINV.CD.DT,2007 (YR2007),"Source: United Nations Conference on Trade and Development, Foreign Direct Investment Online database.",Equatorial Guinea,"Foreign direct investment, net inflows in reporting economy (DRS, current US$)"
FootNote,GNQ,BX.KLT.DINV.CD.DT,2009 (YR2009),"Source: United Nations Conference on Trade and Development, Foreign Direct Investment Online database.",Equatorial Guinea,"Foreign direct investment, net inflows in reporting economy (DRS, current US$)"
FootNote,GNQ,BX.KLT.DINV.CD.DT,2002 (YR2002),"Source: United Nations Conference on Trade and Development, Foreign Direct Investment Online database.",Equatorial Guinea,"Foreign direct investment, net inflows in reporting economy (DRS, current US$)"
FootNote,GNQ,BX.KLT.DINV.CD.DT,2014 (YR2014),"Source: United Nations Conference on Trade and Development, Foreign Direct Investment Online database.",Equatorial Guinea,"Foreign direct investment, net inflows in reporting economy (DRS, current US$)"
FootNote,GNQ,BX.KLT.DINV.CD.DT,2011 (YR2011),"Source: United Nations Conference on Trade and Development, Foreign Direct Investment Online database.",Equatorial Guinea,"Foreign direct investment, net inflows in reporting economy (DRS, current US$)"
FootNote,GNQ,BX.KLT.DINV.CD.DT,2015 (YR2015),"Source: United Nations Conference on Trade and Development, Foreign Direct Investment Online database.",Equatorial Guinea,"Foreign direct investment, net inflows in reporting economy (DRS, current US$)"
FootNote,GNQ,BX.KLT.DINV.CD.DT,2012 (YR2012),"Source: United Nations Conference on Trade and Development, Foreign Direct Investment Online database.",Equatorial Guinea,"Foreign direct investment, net inflows in reporting economy (DRS, current US$)"
FootNote,GNQ,BX.KLT.DINV.CD.DT,2004 (YR2004),"Source: United Nations Conference on Trade and Development, Foreign Direct Investment Online database.",Equatorial Guinea,"Foreign direct investment, net inflows in reporting economy (DRS, current US$)"
FootNote,GNQ,BX.KLT.DINV.CD.DT,2005 (YR2005),"Source: United Nations Conference on Trade and Development, Foreign Direct Investment Online database.",Equatorial Guinea,"Foreign direct investment, net inflows in reporting economy (DRS, current US$)"
FootNote,GNQ,BX.KLT.DINV.CD.DT,2003 (YR2003),"Source: United Nations Conference on Trade and Development, Foreign Direct Investment Online database.",Equatorial Guinea,"Foreign direct investment, net inflows in reporting economy (DRS, current US$)"
FootNote,GNQ,BX.KLT.DINV.CD.DT,2016 (YR2016),"Source: United Nations Conference on Trade and Development, Foreign Direct Investment Online database.",Equatorial Guinea,"Foreign direct investment, net inflows in reporting economy (DRS, current US$)"
FootNote,GNQ,BX.KLT.DINV.CD.DT,2008 (YR2008),"Source: United Nations Conference on Trade and Development, Foreign Direct Investment Online database.",Equatorial Guinea,"Foreign direct investment, net inflows in reporting economy (DRS, current US$)"
FootNote,GNQ,BX.KLT.DINV.CD.DT,2001 (YR2001),"Source: United Nations Conference on Trade and Development, Foreign Direct Investment Online database.",Equatorial Guinea,"Foreign direct investment, net inflows in reporting economy (DRS, current US$)"
FootNote,GNQ,BX.KLT.DINV.CD.DT,2013 (YR2013),"Source: United Nations Conference on Trade and Development, Foreign Direct Investment Online database.",Equatorial Guinea,"Foreign direct investment, net inflows in reporting economy (DRS, current US$)"
FootNote,GNQ,BX.KLT.DINV.CD.DT,2006 (YR2006),"Source: United Nations Conference on Trade and Development, Foreign Direct Investment Online database.",Equatorial Guinea,"Foreign direct investment, net inflows in reporting economy (DRS, current US$)"
FootNote,GNQ,BX.KLT.DINV.CD.DT,2010 (YR2010),"Source: United Nations Conference on Trade and Development, Foreign Direct Investment Online database.",Equatorial Guinea,"Foreign direct investment, net inflows in reporting economy (DRS, current US$)"
FootNote,GNQ,BX.TRF.PWKR.CD.DT,2010 (YR2010),Gap-filled with countries' balance of payments statistics.,Equatorial Guinea,"Personal transfers and compensation of employees, received (current US$)"
FootNote,GNQ,BX.TRF.PWKR.CD.DT,2011 (YR2011),Gap-filled with countries' balance of payments statistics.,Equatorial Guinea,"Personal transfers and compensation of employees, received (current US$)"
FootNote,GNQ,BX.TRF.PWKR.CD.DT,2015 (YR2015),Gap-filled with countries' balance of payments statistics.,Equatorial Guinea,"Personal transfers and compensation of employees, received (current US$)"
FootNote,GNQ,BX.TRF.PWKR.CD.DT,2016 (YR2016),Gap-filled with countries' balance of payments statistics.,Equatorial Guinea,"Personal transfers and compensation of employees, received (current US$)"
FootNote,GNQ,BX.TRF.PWKR.CD.DT,2014 (YR2014),Gap-filled with countries' balance of payments statistics.,Equatorial Guinea,"Personal transfers and compensation of employees, received (current US$)"
FootNote,GNQ,BX.KLT.DREM.CD.DT,2013 (YR2013),Gap-filled with countries' balance of payments statistics.,Equatorial Guinea,Primary income on FDI (current US$)
FootNote,GNQ,BX.KLT.DREM.CD.DT,2015 (YR2015),Gap-filled with countries' balance of payments statistics.,Equatorial Guinea,Primary income on FDI (current US$)
FootNote,GNQ,BX.KLT.DREM.CD.DT,2010 (YR2010),Gap-filled with countries' balance of payments statistics.,Equatorial Guinea,Primary income on FDI (current US$)
FootNote,GNQ,BX.KLT.DREM.CD.DT,2011 (YR2011),Gap-filled with countries' balance of payments statistics.,Equatorial Guinea,Primary income on FDI (current US$)
FootNote,GNQ,BX.KLT.DREM.CD.DT,2012 (YR2012),Gap-filled with countries' balance of payments statistics.,Equatorial Guinea,Primary income on FDI (current US$)
FootNote,GNQ,BX.KLT.DREM.CD.DT,2014 (YR2014),Gap-filled with countries' balance of payments statistics.,Equatorial Guinea,Primary income on FDI (current US$)
FootNote,GNQ,BX.KLT.DREM.CD.DT,2016 (YR2016),Gap-filled with countries' balance of payments statistics.,Equatorial Guinea,Primary income on FDI (current US$)
FootNote,GNQ,BX.TRF.PWKR.CD.DT,2013 (YR2013),Gap-filled with countries' balance of payments statistics.,Equatorial Guinea,"Personal transfers and compensation of employees, received (current US$)"
FootNote,GNQ,BX.TRF.PWKR.CD.DT,2012 (YR2012),Gap-filled with countries' balance of payments statistics.,Equatorial Guinea,"Personal transfers and compensation of employees, received (current US$)"
FootNote,GNQ,BX.KLT.DINV.CD.DT,2000 (YR2000),"Source: United Nations Conference on Trade and Development, Foreign Direct Investment Online database.",Equatorial Guinea,"Foreign direct investment, net inflows in reporting economy (DRS, current US$)"
FootNote,ERI,BX.KLT.DINV.CD.DT,2024 (YR2024),"Source: United Nations Conference on Trade and Development, Foreign Direct Investment Online database.",Eritrea,"Foreign direct investment, net inflows in reporting economy (DRS, current US$)"
FootNote,ERI,BX.KLT.DINV.CD.DT,2019 (YR2019),"Source: United Nations Conference on Trade and Development, Foreign Direct Investment Online database.",Eritrea,"Foreign direct investment, net inflows in reporting economy (DRS, current US$)"
FootNote,ERI,BX.KLT.DINV.CD.DT,2020 (YR2020),"Source: United Nations Conference on Trade and Development, Foreign Direct Investment Online database.",Eritrea,"Foreign direct investment, net inflows in reporting economy (DRS, current US$)"
FootNote,ERI,BX.KLT.DINV.CD.DT,2022 (YR2022),"Source: United Nations Conference on Trade and Development, Foreign Direct Investment Online database.",Eritrea,"Foreign direct investment, net inflows in reporting economy (DRS, current US$)"
FootNote,ERI,BX.KLT.DINV.CD.DT,2017 (YR2017),"Source: United Nations Conference on Trade and Development, Foreign Direct Investment Online database.",Eritrea,"Foreign direct investment, net inflows in reporting economy (DRS, current US$)"
FootNote,ERI,BX.KLT.DINV.CD.DT,2023 (YR2023),"Source: United Nations Conference on Trade and Development, Foreign Direct Investment Online database.",Eritrea,"Foreign direct investment, net inflows in reporting economy (DRS, current US$)"
FootNote,ERI,BX.KLT.DINV.CD.DT,2018 (YR2018),"Source: United Nations Conference on Trade and Development, Foreign Direct Investment Online database.",Eritrea,"Foreign direct investment, net inflows in reporting economy (DRS, current US$)"
FootNote,ERI,BX.KLT.DINV.CD.DT,2021 (YR2021),"Source: United Nations Conference on Trade and Development, Foreign Direct Investment Online database.",Eritrea,"Foreign direct investment, net inflows in reporting economy (DRS, current US$)"
FootNote,ERI,BN.CAB.XOKA.CD,2024 (YR2024),Gap-filled with countries' balance of payments statistics.,Eritrea,Current account balance (current US$)
FootNote,ERI,BN.CAB.XOKA.CD,2021 (YR2021),Gap-filled with countries' balance of payments statistics.,Eritrea,Current account balance (current US$)
FootNote,ERI,BN.CAB.XOKA.CD,2022 (YR2022),Gap-filled with countries' balance of payments statistics.,Eritrea,Current account balance (current US$)
FootNote,ERI,BN.CAB.XOKA.CD,2019 (YR2019),Gap-filled with countries' balance of payments statistics.,Eritrea,Current account balance (current US$)
FootNote,ERI,BN.CAB.XOKA.CD,2017 (YR2017),"Source: United Nations Conference on Trade and Development, Balance of Payments Online database.",Eritrea,Current account balance (current US$)
FootNote,ERI,BN.CAB.XOKA.CD,2018 (YR2018),"Source: United Nations Conference on Trade and Development, Balance of Payments Online database.",Eritrea,Current account balance (current US$)
FootNote,ERI,BN.CAB.XOKA.CD,2020 (YR2020),Gap-filled with countries' balance of payments statistics.,Eritrea,Current account balance (current US$)
FootNote,ERI,BN.CAB.XOKA.CD,2023 (YR2023),Gap-filled with countries' balance of payments statistics.,Eritrea,Current account balance (current US$)
FootNote,ERI,BX.KLT.DINV.CD.DT,2002 (YR2002),"Source: United Nations Conference on Trade and Development, Foreign Direct Investment Online database.",Eritrea,"Foreign direct investment, net inflows in reporting economy (DRS, current US$)"
FootNote,ERI,BX.KLT.DINV.CD.DT,2008 (YR2008),"Source: United Nations Conference on Trade and Development, Foreign Direct Investment Online database.",Eritrea,"Foreign direct investment, net inflows in reporting economy (DRS, current US$)"
FootNote,ERI,BX.KLT.DINV.CD.DT,2016 (YR2016),"Source: United Nations Conference on Trade and Development, Foreign Direct Investment Online database.",Eritrea,"Foreign direct investment, net inflows in reporting economy (DRS, current US$)"
FootNote,ERI,BX.KLT.DINV.CD.DT,2004 (YR2004),"Source: United Nations Conference on Trade and Development, Foreign Direct Investment Online database.",Eritrea,"Foreign direct investment, net inflows in reporting economy (DRS, current US$)"
FootNote,ERI,BX.KLT.DINV.CD.DT,2005 (YR2005),"Source: United Nations Conference on Trade and Development, Foreign Direct Investment Online database.",Eritrea,"Foreign direct investment, net inflows in reporting economy (DRS, current US$)"
FootNote,ERI,BX.KLT.DINV.CD.DT,2015 (YR2015),"Source: United Nations Conference on Trade and Development, Foreign Direct Investment Online database.",Eritrea,"Foreign direct investment, net inflows in reporting economy (DRS, current US$)"
FootNote,ERI,BX.KLT.DINV.CD.DT,2009 (YR2009),"Source: United Nations Conference on Trade and Development, Foreign Direct Investment Online database.",Eritrea,"Foreign direct investment, net inflows in reporting economy (DRS, current US$)"
FootNote,ERI,BX.KLT.DINV.CD.DT,2003 (YR2003),"Source: United Nations Conference on Trade and Development, Foreign Direct Investment Online database.",Eritrea,"Foreign direct investment, net inflows in reporting economy (DRS, current US$)"
FootNote,ERI,BX.KLT.DINV.CD.DT,2001 (YR2001),"Source: United Nations Conference on Trade and Development, Foreign Direct Investment Online database.",Eritrea,"Foreign direct investment, net inflows in reporting economy (DRS, current US$)"
FootNote,ERI,BX.KLT.DINV.CD.DT,2007 (YR2007),"Source: United Nations Conference on Trade and Development, Foreign Direct Investment Online database.",Eritrea,"Foreign direct investment, net inflows in reporting economy (DRS, current US$)"
FootNote,ERI,BX.KLT.DINV.CD.DT,2014 (YR2014),"Source: United Nations Conference on Trade and Development, Foreign Direct Investment Online database.",Eritrea,"Foreign direct investment, net inflows in reporting economy (DRS, current US$)"
FootNote,ERI,BX.KLT.DINV.CD.DT,2013 (YR2013),"Source: United Nations Conference on Trade and Development, Foreign Direct Investment Online database.",Eritrea,"Foreign direct investment, net inflows in reporting economy (DRS, current US$)"
FootNote,ERI,BX.KLT.DINV.CD.DT,2006 (YR2006),"Source: United Nations Conference on Trade and Development, Foreign Direct Investment Online database.",Eritrea,"Foreign direct investment, net inflows in reporting economy (DRS, current US$)"
FootNote,ERI,BX.KLT.DINV.CD.DT,2012 (YR2012),"Source: United Nations Conference on Trade and Development, Foreign Direct Investment Online database.",Eritrea,"Foreign direct investment, net inflows in reporting economy (DRS, current US$)"
FootNote,ERI,BX.KLT.DINV.CD.DT,2010 (YR2010),"Source: United Nations Conference on Trade and Development, Foreign Direct Investment Online database.",Eritrea,"Foreign direct investment, net inflows in reporting economy (DRS, current US$)"
FootNote,ERI,BX.KLT.DINV.CD.DT,2011 (YR2011),"Source: United Nations Conference on Trade and Development, Foreign Direct Investment Online database.",Eritrea,"Foreign direct investment, net inflows in reporting economy (DRS, current US$)"
FootNote,ERI,BN.CAB.XOKA.CD,2010 (YR2010),"Source: United Nations Conference on Trade and Development, Balance of Payments Online database.",Eritrea,Current account balance (current US$)
FootNote,ERI,BN.CAB.XOKA.CD,2001 (YR2001),"Source: United Nations Conference on Trade and Development, Balance of Payments Online database.",Eritrea,Current account balance (current US$)
FootNote,ERI,BN.CAB.XOKA.CD,2002 (YR2002),"Source: United Nations Conference on Trade and Development, Balance of Payments Online database.",Eritrea,Current account balance (current US$)
FootNote,ERI,BN.CAB.XOKA.CD,2011 (YR2011),"Source: United Nations Conference on Trade and Development, Balance of Payments Online database.",Eritrea,Current account balance (current US$)
FootNote,ERI,BN.CAB.XOKA.CD,2009 (YR2009),"Source: United Nations Conference on Trade and Development, Balance of Payments Online database.",Eritrea,Current account balance (current US$)
FootNote,ERI,BN.CAB.XOKA.CD,2007 (YR2007),"Source: United Nations Conference on Trade and Development, Balance of Payments Online database.",Eritrea,Current account balance (current US$)
FootNote,ERI,BN.CAB.XOKA.CD,2004 (YR2004),"Source: United Nations Conference on Trade and Development, Balance of Payments Online database.",Eritrea,Current account balance (current US$)
FootNote,ERI,BN.CAB.XOKA.CD,2016 (YR2016),"Source: United Nations Conference on Trade and Development, Balance of Payments Online database.",Eritrea,Current account balance (current US$)
FootNote,ERI,BN.CAB.XOKA.CD,2013 (YR2013),"Source: United Nations Conference on Trade and Development, Balance of Payments Online database.",Eritrea,Current account balance (current US$)
FootNote,ERI,BN.CAB.XOKA.CD,2014 (YR2014),"Source: United Nations Conference on Trade and Development, Balance of Payments Online database.",Eritrea,Current account balance (current US$)
FootNote,ERI,BN.CAB.XOKA.CD,2005 (YR2005),"Source: United Nations Conference on Trade and Development, Balance of Payments Online database.",Eritrea,Current account balance (current US$)
FootNote,ERI,BN.CAB.XOKA.CD,2012 (YR2012),"Source: United Nations Conference on Trade and Development, Balance of Payments Online database.",Eritrea,Current account balance (current US$)
FootNote,ERI,BN.CAB.XOKA.CD,2006 (YR2006),"Source: United Nations Conference on Trade and Development, Balance of Payments Online database.",Eritrea,Current account balance (current US$)
FootNote,ERI,BN.CAB.XOKA.CD,2003 (YR2003),"Source: United Nations Conference on Trade and Development, Balance of Payments Online database.",Eritrea,Current account balance (current US$)
FootNote,ERI,BN.CAB.XOKA.CD,2008 (YR2008),"Source: United Nations Conference on Trade and Development, Balance of Payments Online database.",Eritrea,Current account balance (current US$)
FootNote,ERI,BN.CAB.XOKA.CD,2015 (YR2015),"Source: United Nations Conference on Trade and Development, Balance of Payments Online database.",Eritrea,Current account balance (current US$)
FootNote,ERI,DT.DOD.PVLX.EX.ZS,2009 (YR2009),Data are from debt sustainability analyses for low-income countries. Present value estimates for these countries are for public and publicly guaranteed debt only.,Eritrea,"Present value of external debt (% of exports of goods, services and income)"
FootNote,ERI,DT.DOD.PVLX.GN.ZS,2009 (YR2009),Data are from debt sustainability analyses for low-income countries. Present value estimates for these countries are for public and publicly guaranteed debt only.,Eritrea,Present value of external debt (% of GNI)
FootNote,SWZ,BX.KLT.DINV.CD.DT,2024 (YR2024),Gap-filled with countries' balance of payments statistics.,Eswatini,"Foreign direct investment, net inflows in reporting economy (DRS, current US$)"
FootNote,SWZ,BX.TRF.PWKR.CD.DT,2024 (YR2024),"Data on Personal Transfers and Compensation of Employees are prepared by World Bank staff based on IMF's Balance of Payments statistics and data releases from central banks, national statistical agencies, and World Bank country desks.",Eswatini,"Personal transfers and compensation of employees, received (current US$)"
FootNote,SWZ,BX.GSR.TOTL.CD,2024 (YR2024),Gap-filled with countries' balance of payments statistics.,Eswatini,"Exports of goods, services and primary income (current US$)"
FootNote,SWZ,BM.GSR.TOTL.CD,2024 (YR2024),Gap-filled with countries' balance of payments statistics.,Eswatini,"Imports of goods, services and primary income (current US$)"
FootNote,SWZ,BN.CAB.XOKA.CD,2024 (YR2024),Gap-filled with countries' balance of payments statistics.,Eswatini,Current account balance (current US$)
FootNote,SWZ,BX.KLT.DINV.CD.DT,1973 (YR1973),"Source: United Nations Conference on Trade and Development, Foreign Direct Investment Online database.",Eswatini,"Foreign direct investment, net inflows in reporting economy (DRS, current US$)"
FootNote,SWZ,BX.KLT.DINV.CD.DT,1972 (YR1972),"Source: United Nations Conference on Trade and Development, Foreign Direct Investment Online database.",Eswatini,"Foreign direct investment, net inflows in reporting economy (DRS, current US$)"
FootNote,ETH,BN.CAB.XOKA.CD,2024 (YR2024),Gap-filled with countries' balance of payments statistics.,Ethiopia,Current account balance (current US$)
FootNote,ETH,BX.GSR.TOTL.CD,2024 (YR2024),Gap-filled with countries' balance of payments statistics.,Ethiopia,"Exports of goods, services and primary income (current US$)"
FootNote,ETH,BM.GSR.TOTL.CD,2024 (YR2024),Gap-filled with countries' balance of payments statistics.,Ethiopia,"Imports of goods, services and primary income (current US$)"
FootNote,ETH,BX.KLT.DINV.CD.DT,2024 (YR2024),"Source: United Nations Conference on Trade and Development, Foreign Direct Investment Online database.",Ethiopia,"Foreign direct investment, net inflows in reporting economy (DRS, current US$)"
FootNote,ETH,BX.TRF.PWKR.CD.DT,2024 (YR2024),"Data on Personal Transfers and Compensation of Employees are prepared by World Bank staff based on IMF's Balance of Payments statistics and data releases from central banks, national statistical agencies, and World Bank country desks.",Ethiopia,"Personal transfers and compensation of employees, received (current US$)"
FootNote,ETH,DT.DOD.PVLX.GN.ZS,2009 (YR2009),Data are from debt sustainability analyses for low-income countries. Present value estimates for these countries are for public and publicly guaranteed debt only.,Ethiopia,Present value of external debt (% of GNI)
FootNote,ETH,DT.DOD.PVLX.EX.ZS,2009 (YR2009),Data are from debt sustainability analyses for low-income countries. Present value estimates for these countries are for public and publicly guaranteed debt only.,Ethiopia,"Present value of external debt (% of exports of goods, services and income)"
FootNote,ETH,DT.DFR.DPPG.CD,2006 (YR2006),Data include the effects of MDRI.,Ethiopia,Debt forgiveness or reduction (current US$)
FootNote,ETH,DT.DOD.DECT.CD,2006 (YR2006),Data include the effects of MDRI.,Ethiopia,"External debt stocks, total (DOD, current US$)"
FootNote,ETH,BX.KLT.DINV.CD.DT,2001 (YR2001),"Source: United Nations Conference on Trade and Development, Foreign Direct Investment Online database.",Ethiopia,"Foreign direct investment, net inflows in reporting economy (DRS, current US$)"
FootNote,ETH,BX.KLT.DINV.CD.DT,2002 (YR2002),"Source: United Nations Conference on Trade and Development, Foreign Direct Investment Online database.",Ethiopia,"Foreign direct investment, net inflows in reporting economy (DRS, current US$)"
FootNote,ETH,BX.KLT.DINV.CD.DT,2000 (YR2000),"Source: United Nations Conference on Trade and Development, Foreign Direct Investment Online database.",Ethiopia,"Foreign direct investment, net inflows in reporting economy (DRS, current US$)"
FootNote,ETH,BX.KLT.DINV.CD.DT,1997 (YR1997),"Source: United Nations Conference on Trade and Development, Foreign Direct Investment Online database.",Ethiopia,"Foreign direct investment, net inflows in reporting economy (DRS, current US$)"
FootNote,ETH,BX.KLT.DINV.CD.DT,1993 (YR1993),"Source: United Nations Conference on Trade and Development, Foreign Direct Investment Online database.",Ethiopia,"Foreign direct investment, net inflows in reporting economy (DRS, current US$)"
FootNote,ETH,BX.KLT.DINV.CD.DT,1999 (YR1999),"Source: United Nations Conference on Trade and Development, Foreign Direct Investment Online database.",Ethiopia,"Foreign direct investment, net inflows in reporting economy (DRS, current US$)"
FootNote,ETH,BX.KLT.DINV.CD.DT,1995 (YR1995),"Source: United Nations Conference on Trade and Development, Foreign Direct Investment Online database.",Ethiopia,"Foreign direct investment, net inflows in reporting economy (DRS, current US$)"
FootNote,ETH,BX.KLT.DINV.CD.DT,1994 (YR1994),"Source: United Nations Conference on Trade and Development, Foreign Direct Investment Online database.",Ethiopia,"Foreign direct investment, net inflows in reporting economy (DRS, current US$)"
FootNote,ETH,BX.KLT.DINV.CD.DT,1996 (YR1996),"Source: United Nations Conference on Trade and Development, Foreign Direct Investment Online database.",Ethiopia,"Foreign direct investment, net inflows in reporting economy (DRS, current US$)"
FootNote,ETH,BX.KLT.DINV.CD.DT,1998 (YR1998),"Source: United Nations Conference on Trade and Development, Foreign Direct Investment Online database.",Ethiopia,"Foreign direct investment, net inflows in reporting economy (DRS, current US$)"
FootNote,ETH,BX.KLT.DINV.CD.DT,1992 (YR1992),"Source: United Nations Conference on Trade and Development, Foreign Direct Investment Online database.",Ethiopia,"Foreign direct investment, net inflows in reporting economy (DRS, current US$)"
FootNote,FJI,BX.TRF.PWKR.CD.DT,2024 (YR2024),"Data on Personal Transfers and Compensation of Employees are prepared by World Bank staff based on IMF's Balance of Payments statistics and data releases from central banks, national statistical agencies, and World Bank country desks.",Fiji,"Personal transfers and compensation of employees, received (current US$)"
FootNote,FJI,BX.KLT.DREM.CD.DT,2023 (YR2023),Gap-filled with countries' balance of payments statistics.,Fiji,Primary income on FDI (current US$)
FootNote,FJI,BM.GSR.TOTL.CD,2023 (YR2023),Gap-filled with countries' balance of payments statistics.,Fiji,"Imports of goods, services and primary income (current US$)"
FootNote,FJI,BM.GSR.TOTL.CD,2024 (YR2024),Gap-filled with countries' balance of payments statistics.,Fiji,"Imports of goods, services and primary income (current US$)"
FootNote,FJI,BX.TRF.PWKR.CD.DT,2023 (YR2023),Gap-filled with countries' balance of payments statistics.,Fiji,"Personal transfers and compensation of employees, received (current US$)"
FootNote,FJI,BX.KLT.DINV.CD.DT,2024 (YR2024),"Source: United Nations Conference on Trade and Development, Foreign Direct Investment Online database.",Fiji,"Foreign direct investment, net inflows in reporting economy (DRS, current US$)"
FootNote,FJI,BX.KLT.DINV.CD.DT,2023 (YR2023),Gap-filled with countries' balance of payments statistics.,Fiji,"Foreign direct investment, net inflows in reporting economy (DRS, current US$)"
FootNote,FJI,BX.GSR.TOTL.CD,2023 (YR2023),Gap-filled with countries' balance of payments statistics.,Fiji,"Exports of goods, services and primary income (current US$)"
FootNote,FJI,BX.GSR.TOTL.CD,2024 (YR2024),Gap-filled with countries' balance of payments statistics.,Fiji,"Exports of goods, services and primary income (current US$)"
FootNote,FJI,BN.CAB.XOKA.CD,2024 (YR2024),Gap-filled with countries' balance of payments statistics.,Fiji,Current account balance (current US$)
FootNote,FJI,BN.CAB.XOKA.CD,2023 (YR2023),Gap-filled with countries' balance of payments statistics.,Fiji,Current account balance (current US$)
FootNote,GAB,BN.CAB.XOKA.CD,2018 (YR2018),Gap-filled with countries' balance of payments statistics.,Gabon,Current account balance (current US$)
FootNote,GAB,BN.CAB.XOKA.CD,2019 (YR2019),Gap-filled with countries' balance of payments statistics.,Gabon,Current account balance (current US$)
FootNote,GAB,BN.CAB.XOKA.CD,2022 (YR2022),Gap-filled with countries' balance of payments statistics.,Gabon,Current account balance (current US$)
FootNote,GAB,BN.CAB.XOKA.CD,2021 (YR2021),Gap-filled with countries' balance of payments statistics.,Gabon,Current account balance (current US$)
FootNote,GAB,BN.CAB.XOKA.CD,2024 (YR2024),Gap-filled with countries' balance of payments statistics.,Gabon,Current account balance (current US$)
FootNote,GAB,BN.CAB.XOKA.CD,2017 (YR2017),Gap-filled with countries' balance of payments statistics.,Gabon,Current account balance (current US$)
FootNote,GAB,BN.CAB.XOKA.CD,2020 (YR2020),Gap-filled with countries' balance of payments statistics.,Gabon,Current account balance (current US$)
FootNote,GAB,BN.CAB.XOKA.CD,2023 (YR2023),Gap-filled with countries' balance of payments statistics.,Gabon,Current account balance (current US$)
FootNote,GAB,BX.GSR.TOTL.CD,2018 (YR2018),Gap-filled with countries' balance of payments statistics.,Gabon,"Exports of goods, services and primary income (current US$)"
FootNote,GAB,BX.GSR.TOTL.CD,2021 (YR2021),Gap-filled with countries' balance of payments statistics.,Gabon,"Exports of goods, services and primary income (current US$)"
FootNote,GAB,BM.GSR.TOTL.CD,2020 (YR2020),Gap-filled with countries' balance of payments statistics.,Gabon,"Imports of goods, services and primary income (current US$)"
FootNote,GAB,BM.GSR.TOTL.CD,2017 (YR2017),Gap-filled with countries' balance of payments statistics.,Gabon,"Imports of goods, services and primary income (current US$)"
FootNote,GAB,BM.GSR.TOTL.CD,2019 (YR2019),Gap-filled with countries' balance of payments statistics.,Gabon,"Imports of goods, services and primary income (current US$)"
FootNote,GAB,BX.GSR.TOTL.CD,2017 (YR2017),Gap-filled with countries' balance of payments statistics.,Gabon,"Exports of goods, services and primary income (current US$)"
FootNote,GAB,BX.GSR.TOTL.CD,2019 (YR2019),Gap-filled with countries' balance of payments statistics.,Gabon,"Exports of goods, services and primary income (current US$)"
FootNote,GAB,BX.GSR.TOTL.CD,2020 (YR2020),Gap-filled with countries' balance of payments statistics.,Gabon,"Exports of goods, services and primary income (current US$)"
FootNote,GAB,BX.KLT.DINV.CD.DT,2022 (YR2022),"Source: United Nations Conference on Trade and Development, Foreign Direct Investment Online database.",Gabon,"Foreign direct investment, net inflows in reporting economy (DRS, current US$)"
FootNote,GAB,BX.KLT.DINV.CD.DT,2020 (YR2020),"Source: United Nations Conference on Trade and Development, Foreign Direct Investment Online database.",Gabon,"Foreign direct investment, net inflows in reporting economy (DRS, current US$)"
FootNote,GAB,BX.KLT.DINV.CD.DT,2023 (YR2023),"Source: United Nations Conference on Trade and Development, Foreign Direct Investment Online database.",Gabon,"Foreign direct investment, net inflows in reporting economy (DRS, current US$)"
FootNote,GAB,BX.KLT.DINV.CD.DT,2017 (YR2017),"Source: United Nations Conference on Trade and Development, Foreign Direct Investment Online database.",Gabon,"Foreign direct investment, net inflows in reporting economy (DRS, current US$)"
FootNote,GAB,BX.KLT.DINV.CD.DT,2018 (YR2018),"Source: United Nations Conference on Trade and Development, Foreign Direct Investment Online database.",Gabon,"Foreign direct investment, net inflows in reporting economy (DRS, current US$)"
FootNote,GAB,BX.KLT.DINV.CD.DT,2024 (YR2024),"Source: United Nations Conference on Trade and Development, Foreign Direct Investment Online database.",Gabon,"Foreign direct investment, net inflows in reporting economy (DRS, current US$)"
FootNote,GAB,BX.KLT.DINV.CD.DT,2019 (YR2019),"Source: United Nations Conference on Trade and Development, Foreign Direct Investment Online database.",Gabon,"Foreign direct investment, net inflows in reporting economy (DRS, current US$)"
FootNote,GAB,BX.KLT.DINV.CD.DT,2021 (YR2021),"Source: United Nations Conference on Trade and Development, Foreign Direct Investment Online database.",Gabon,"Foreign direct investment, net inflows in reporting economy (DRS, current US$)"
FootNote,GAB,BX.TRF.PWKR.CD.DT,2018 (YR2018),Gap-filled with countries' balance of payments statistics.,Gabon,"Personal transfers and compensation of employees, received (current US$)"
FootNote,GAB,BX.TRF.PWKR.CD.DT,2017 (YR2017),Gap-filled with countries' balance of payments statistics.,Gabon,"Personal transfers and compensation of employees, received (current US$)"
FootNote,GAB,BX.TRF.PWKR.CD.DT,2020 (YR2020),Gap-filled with countries' balance of payments statistics.,Gabon,"Personal transfers and compensation of employees, received (current US$)"
FootNote,GAB,BX.TRF.PWKR.CD.DT,2019 (YR2019),Gap-filled with countries' balance of payments statistics.,Gabon,"Personal transfers and compensation of employees, received (current US$)"
FootNote,GAB,BX.TRF.PWKR.CD.DT,2022 (YR2022),"Source: United Nations Conference on Trade and Development, Balance of Payments Online database.",Gabon,"Personal transfers and compensation of employees, received (current US$)"
FootNote,GAB,BX.TRF.PWKR.CD.DT,2021 (YR2021),Gap-filled with countries' balance of payments statistics.,Gabon,"Personal transfers and compensation of employees, received (current US$)"
FootNote,GAB,BX.TRF.PWKR.CD.DT,2023 (YR2023),"Source: United Nations Conference on Trade and Development, Balance of Payments Online database.",Gabon,"Personal transfers and compensation of employees, received (current US$)"
FootNote,GAB,BM.GSR.TOTL.CD,2021 (YR2021),Gap-filled with countries' balance of payments statistics.,Gabon,"Imports of goods, services and primary income (current US$)"
FootNote,GAB,BM.GSR.TOTL.CD,2018 (YR2018),Gap-filled with countries' balance of payments statistics.,Gabon,"Imports of goods, services and primary income (current US$)"
FootNote,GAB,BX.KLT.DREM.CD.DT,2017 (YR2017),Gap-filled with countries' balance of payments statistics.,Gabon,Primary income on FDI (current US$)
FootNote,GAB,BX.KLT.DREM.CD.DT,2018 (YR2018),Gap-filled with countries' balance of payments statistics.,Gabon,Primary income on FDI (current US$)
FootNote,GAB,BX.KLT.DREM.CD.DT,2021 (YR2021),Gap-filled with countries' balance of payments statistics.,Gabon,Primary income on FDI (current US$)
FootNote,GAB,BX.KLT.DREM.CD.DT,2019 (YR2019),Gap-filled with countries' balance of payments statistics.,Gabon,Primary income on FDI (current US$)
FootNote,GAB,BX.KLT.DREM.CD.DT,2020 (YR2020),Gap-filled with countries' balance of payments statistics.,Gabon,Primary income on FDI (current US$)
FootNote,GAB,BX.KLT.DINV.CD.DT,2016 (YR2016),"Source: United Nations Conference on Trade and Development, Foreign Direct Investment Online database.",Gabon,"Foreign direct investment, net inflows in reporting economy (DRS, current US$)"
FootNote,GAB,BX.KLT.DREM.CD.DT,2016 (YR2016),Gap-filled with countries' balance of payments statistics.,Gabon,Primary income on FDI (current US$)
FootNote,GAB,BX.TRF.PWKR.CD.DT,2016 (YR2016),Gap-filled with countries' balance of payments statistics.,Gabon,"Personal transfers and compensation of employees, received (current US$)"
FootNote,GAB,BX.KLT.DINV.CD.DT,2006 (YR2006),"Source: United Nations Conference on Trade and Development, Foreign Direct Investment Online database.",Gabon,"Foreign direct investment, net inflows in reporting economy (DRS, current US$)"
FootNote,GAB,DT.DOD.DECT.CD,2007 (YR2007),Data include the effects of Paris Club debt buyback agreement.,Gabon,"External debt stocks, total (DOD, current US$)"
FootNote,GAB,BX.GSR.TOTL.CD,2016 (YR2016),Gap-filled with countries' balance of payments statistics.,Gabon,"Exports of goods, services and primary income (current US$)"
FootNote,GAB,BM.GSR.TOTL.CD,2016 (YR2016),Gap-filled with countries' balance of payments statistics.,Gabon,"Imports of goods, services and primary income (current US$)"
FootNote,GAB,BN.CAB.XOKA.CD,2016 (YR2016),Gap-filled with countries' balance of payments statistics.,Gabon,Current account balance (current US$)
FootNote,GAB,BN.CAB.XOKA.CD,2006 (YR2006),"Source: United Nations Conference on Trade and Development, Balance of Payments Online database.",Gabon,Current account balance (current US$)
FootNote,GMB,DT.DFR.DPPG.CD,2008 (YR2008),Data include the effects of MDRI and HIPC debt relief.,"Gambia, The",Debt forgiveness or reduction (current US$)
FootNote,GMB,DT.DOD.DECT.CD,2008 (YR2008),Data include the effects of MDRI and HIPC debt relief.,"Gambia, The","External debt stocks, total (DOD, current US$)"
FootNote,GMB,DT.DOD.PVLX.GN.ZS,2009 (YR2009),Data are from debt sustainability analyses for low-income countries. Present value estimates for these countries are for public and publicly guaranteed debt only.,"Gambia, The",Present value of external debt (% of GNI)
FootNote,GMB,DT.DOD.PVLX.EX.ZS,2009 (YR2009),Data are from debt sustainability analyses for low-income countries. Present value estimates for these countries are for public and publicly guaranteed debt only.,"Gambia, The","Present value of external debt (% of exports of goods, services and income)"
FootNote,GMB,BN.CAB.XOKA.CD,2002 (YR2002),"Source: United Nations Conference on Trade and Development, Balance of Payments Online database.","Gambia, The",Current account balance (current US$)
FootNote,GMB,BN.CAB.XOKA.CD,2001 (YR2001),"Source: United Nations Conference on Trade and Development, Balance of Payments Online database.","Gambia, The",Current account balance (current US$)
FootNote,GMB,BX.KLT.DINV.CD.DT,2002 (YR2002),"Source: United Nations Conference on Trade and Development, Foreign Direct Investment Online database.","Gambia, The","Foreign direct investment, net inflows in reporting economy (DRS, current US$)"
FootNote,GMB,BX.KLT.DINV.CD.DT,2001 (YR2001),"Source: United Nations Conference on Trade and Development, Foreign Direct Investment Online database.","Gambia, The","Foreign direct investment, net inflows in reporting economy (DRS, current US$)"
FootNote,GMB,BX.KLT.DINV.CD.DT,1990 (YR1990),"Source: United Nations Conference on Trade and Development, Foreign Direct Investment Online database.","Gambia, The","Foreign direct investment, net inflows in reporting economy (DRS, current US$)"
FootNote,GMB,BX.KLT.DINV.CD.DT,1986 (YR1986),"Source: United Nations Conference on Trade and Development, Foreign Direct Investment Online database.","Gambia, The","Foreign direct investment, net inflows in reporting economy (DRS, current US$)"
FootNote,GMB,BX.KLT.DINV.CD.DT,1985 (YR1985),"Source: United Nations Conference on Trade and Development, Foreign Direct Investment Online database.","Gambia, The","Foreign direct investment, net inflows in reporting economy (DRS, current US$)"
FootNote,GMB,BX.KLT.DINV.CD.DT,2000 (YR2000),"Source: United Nations Conference on Trade and Development, Foreign Direct Investment Online database.","Gambia, The","Foreign direct investment, net inflows in reporting economy (DRS, current US$)"
FootNote,GMB,BN.CAB.XOKA.CD,2000 (YR2000),"Source: United Nations Conference on Trade and Development, Balance of Payments Online database.","Gambia, The",Current account balance (current US$)
FootNote,GMB,BX.KLT.DINV.CD.DT,1983 (YR1983),"Source: United Nations Conference on Trade and Development, Foreign Direct Investment Online database.","Gambia, The","Foreign direct investment, net inflows in reporting economy (DRS, current US$)"
FootNote,GMB,BX.KLT.DINV.CD.DT,1980 (YR1980),"Source: United Nations Conference on Trade and Development, Foreign Direct Investment Online database.","Gambia, The","Foreign direct investment, net inflows in reporting economy (DRS, current US$)"
FootNote,GMB,BX.KLT.DINV.CD.DT,1982 (YR1982),"Source: United Nations Conference on Trade and Development, Foreign Direct Investment Online database.","Gambia, The","Foreign direct investment, net inflows in reporting economy (DRS, current US$)"
FootNote,GMB,BX.KLT.DINV.CD.DT,1984 (YR1984),"Source: United Nations Conference on Trade and Development, Foreign Direct Investment Online database.","Gambia, The","Foreign direct investment, net inflows in reporting economy (DRS, current US$)"
FootNote,GEO,SP.POP.TOTL,2019 (YR2019),Extrapolated assuming the same growth rate as previous 6 months.,Georgia,"Population, total"
FootNote,GHA,FI.RES.TOTL.CD,2024 (YR2024),Gap-filled with countries' balance of payments statistics.,Ghana,"Total reserves (includes gold, current US$)"
FootNote,GHA,DT.DFR.DPPG.CD,2006 (YR2006),Data include the effects of MDRI.,Ghana,Debt forgiveness or reduction (current US$)
FootNote,GHA,DT.DOD.DECT.CD,2006 (YR2006),Data include the effects of MDRI.,Ghana,"External debt stocks, total (DOD, current US$)"
FootNote,GHA,DT.DOD.PVLX.EX.ZS,2009 (YR2009),Data are from debt sustainability analyses for low-income countries. Present value estimates for these countries are for public and publicly guaranteed debt only.,Ghana,"Present value of external debt (% of exports of goods, services and income)"
FootNote,GHA,DT.DOD.PVLX.GN.ZS,2009 (YR2009),Data are from debt sustainability analyses for low-income countries. Present value estimates for these countries are for public and publicly guaranteed debt only.,Ghana,Present value of external debt (% of GNI)
FootNote,GHA,DT.DOD.DECT.CD,2005 (YR2005),Data include the effects of a Paris Club debt restructuring agreement.,Ghana,"External debt stocks, total (DOD, current US$)"
FootNote,GRD,DT.DOD.DECT.CD,2006 (YR2006),Data include the effects of Paris Club debt restructuring agreement.,Grenada,"External debt stocks, total (DOD, current US$)"
FootNote,GIN,DT.DOD.DECT.CD,2008 (YR2008),Data include the effects of Enhanced HIPC Initiative and Paris Club debt restructuring agreement.,Guinea,"External debt stocks, total (DOD, current US$)"
FootNote,GIN,DT.DFR.DPPG.CD,2007 (YR2007),Data include the effects of Enhanced HIPC Initiative.,Guinea,Debt forgiveness or reduction (current US$)
FootNote,GIN,DT.DOD.PVLX.EX.ZS,2009 (YR2009),Data are from debt sustainability analyses for low-income countries. Present value estimates for these countries are for public and publicly guaranteed debt only.,Guinea,"Present value of external debt (% of exports of goods, services and income)"
FootNote,GIN,DT.DOD.PVLX.GN.ZS,2009 (YR2009),Data are from debt sustainability analyses for low-income countries. Present value estimates for these countries are for public and publicly guaranteed debt only.,Guinea,Present value of external debt (% of GNI)
FootNote,GIN,DT.DFR.DPPG.CD,2008 (YR2008),Data include the effects of Enhanced HIPC Initiative.,Guinea,Debt forgiveness or reduction (current US$)
FootNote,GIN,DT.DOD.DECT.CD,2007 (YR2007),Data include the effects of Enhanced HIPC Initiative.,Guinea,"External debt stocks, total (DOD, current US$)"
FootNote,GNB,FI.RES.TOTL.CD,2022 (YR2022),Gap-filled with countries' balance of payments statistics.,Guinea-Bissau,"Total reserves (includes gold, current US$)"
FootNote,GNB,FI.RES.TOTL.CD,2018 (YR2018),Gap-filled with countries' balance of payments statistics.,Guinea-Bissau,"Total reserves (includes gold, current US$)"
FootNote,GNB,FI.RES.TOTL.CD,2019 (YR2019),Gap-filled with countries' balance of payments statistics.,Guinea-Bissau,"Total reserves (includes gold, current US$)"
FootNote,GNB,FI.RES.TOTL.CD,2021 (YR2021),Gap-filled with countries' balance of payments statistics.,Guinea-Bissau,"Total reserves (includes gold, current US$)"
FootNote,GNB,FI.RES.TOTL.CD,2017 (YR2017),Gap-filled with countries' balance of payments statistics.,Guinea-Bissau,"Total reserves (includes gold, current US$)"
FootNote,GNB,FI.RES.TOTL.CD,2020 (YR2020),Gap-filled with countries' balance of payments statistics.,Guinea-Bissau,"Total reserves (includes gold, current US$)"
FootNote,GNB,BX.KLT.DINV.CD.DT,2024 (YR2024),"Source: United Nations Conference on Trade and Development, Foreign Direct Investment Online database.",Guinea-Bissau,"Foreign direct investment, net inflows in reporting economy (DRS, current US$)"
FootNote,GNB,BN.CAB.XOKA.CD,2024 (YR2024),Gap-filled with countries' balance of payments statistics.,Guinea-Bissau,Current account balance (current US$)
FootNote,GNB,BM.GSR.TOTL.CD,2024 (YR2024),Gap-filled with countries' balance of payments statistics.,Guinea-Bissau,"Imports of goods, services and primary income (current US$)"
FootNote,GNB,BX.GSR.TOTL.CD,2024 (YR2024),Gap-filled with countries' balance of payments statistics.,Guinea-Bissau,"Exports of goods, services and primary income (current US$)"
FootNote,GNB,BX.TRF.PWKR.CD.DT,2024 (YR2024),"Data on Personal Transfers and Compensation of Employees are prepared by World Bank staff based on IMF's Balance of Payments statistics and data releases from central banks, national statistical agencies, and World Bank country desks.",Guinea-Bissau,"Personal transfers and compensation of employees, received (current US$)"
FootNote,GNB,FI.RES.TOTL.CD,2002 (YR2002),Gap-filled with countries' balance of payments statistics.,Guinea-Bissau,"Total reserves (includes gold, current US$)"
FootNote,GNB,FI.RES.TOTL.CD,2003 (YR2003),Gap-filled with countries' balance of payments statistics.,Guinea-Bissau,"Total reserves (includes gold, current US$)"
FootNote,GNB,FI.RES.TOTL.CD,2008 (YR2008),Gap-filled with countries' balance of payments statistics.,Guinea-Bissau,"Total reserves (includes gold, current US$)"
FootNote,GNB,FI.RES.TOTL.CD,2013 (YR2013),Gap-filled with countries' balance of payments statistics.,Guinea-Bissau,"Total reserves (includes gold, current US$)"
FootNote,GNB,FI.RES.TOTL.CD,2009 (YR2009),Gap-filled with countries' balance of payments statistics.,Guinea-Bissau,"Total reserves (includes gold, current US$)"
FootNote,GNB,FI.RES.TOTL.CD,2004 (YR2004),Gap-filled with countries' balance of payments statistics.,Guinea-Bissau,"Total reserves (includes gold, current US$)"
FootNote,GNB,FI.RES.TOTL.CD,2015 (YR2015),Gap-filled with countries' balance of payments statistics.,Guinea-Bissau,"Total reserves (includes gold, current US$)"
FootNote,GNB,FI.RES.TOTL.CD,2010 (YR2010),Gap-filled with countries' balance of payments statistics.,Guinea-Bissau,"Total reserves (includes gold, current US$)"
FootNote,GNB,FI.RES.TOTL.CD,2006 (YR2006),Gap-filled with countries' balance of payments statistics.,Guinea-Bissau,"Total reserves (includes gold, current US$)"
FootNote,GNB,FI.RES.TOTL.CD,2007 (YR2007),Gap-filled with countries' balance of payments statistics.,Guinea-Bissau,"Total reserves (includes gold, current US$)"
FootNote,GNB,FI.RES.TOTL.CD,2011 (YR2011),Gap-filled with countries' balance of payments statistics.,Guinea-Bissau,"Total reserves (includes gold, current US$)"
FootNote,GNB,FI.RES.TOTL.CD,2014 (YR2014),Gap-filled with countries' balance of payments statistics.,Guinea-Bissau,"Total reserves (includes gold, current US$)"
FootNote,GNB,FI.RES.TOTL.CD,2001 (YR2001),Gap-filled with countries' balance of payments statistics.,Guinea-Bissau,"Total reserves (includes gold, current US$)"
FootNote,GNB,FI.RES.TOTL.CD,2016 (YR2016),Gap-filled with countries' balance of payments statistics.,Guinea-Bissau,"Total reserves (includes gold, current US$)"
FootNote,GNB,FI.RES.TOTL.CD,2005 (YR2005),Gap-filled with countries' balance of payments statistics.,Guinea-Bissau,"Total reserves (includes gold, current US$)"
FootNote,GNB,FI.RES.TOTL.CD,2012 (YR2012),Gap-filled with countries' balance of payments statistics.,Guinea-Bissau,"Total reserves (includes gold, current US$)"
FootNote,GNB,DT.DFR.DPPG.CD,2009 (YR2009),Data include the effects of Enhanced HIPC Initiative.,Guinea-Bissau,Debt forgiveness or reduction (current US$)
FootNote,GNB,DT.DOD.DECT.CD,2008 (YR2008),Data include the effects of Enhanced HIPC Initiative.,Guinea-Bissau,"External debt stocks, total (DOD, current US$)"
FootNote,GNB,DT.DOD.DECT.CD,2009 (YR2009),Data include the effects of Enhanced HIPC Initiative.,Guinea-Bissau,"External debt stocks, total (DOD, current US$)"
FootNote,GNB,DT.DFR.DPPG.CD,2008 (YR2008),Data include the effects of Enhanced HIPC Initiative.,Guinea-Bissau,Debt forgiveness or reduction (current US$)
FootNote,GNB,DT.DFR.DPPG.CD,2007 (YR2007),Data include the effects of Enhanced HIPC Initiative.,Guinea-Bissau,Debt forgiveness or reduction (current US$)
FootNote,GNB,DT.DOD.DECT.CD,2007 (YR2007),Data include the effects of Enhanced HIPC Initiative.,Guinea-Bissau,"External debt stocks, total (DOD, current US$)"
FootNote,GNB,DT.DOD.PVLX.EX.ZS,2009 (YR2009),Data are from debt sustainability analyses for low-income countries. Present value estimates for these countries are for public and publicly guaranteed debt only.,Guinea-Bissau,"Present value of external debt (% of exports of goods, services and income)"
FootNote,GNB,DT.DOD.PVLX.GN.ZS,2009 (YR2009),Data are from debt sustainability analyses for low-income countries. Present value estimates for these countries are for public and publicly guaranteed debt only.,Guinea-Bissau,Present value of external debt (% of GNI)
FootNote,GNB,DT.DOD.DECT.CD,2010 (YR2010),Data include the effects of Enhanced HIPC Initiative.,Guinea-Bissau,"External debt stocks, total (DOD, current US$)"
FootNote,GNB,BX.KLT.DINV.CD.DT,2000 (YR2000),"Source: United Nations Conference on Trade and Development, Foreign Direct Investment Online database.",Guinea-Bissau,"Foreign direct investment, net inflows in reporting economy (DRS, current US$)"
FootNote,GNB,FI.RES.TOTL.CD,2000 (YR2000),Gap-filled with countries' balance of payments statistics.,Guinea-Bissau,"Total reserves (includes gold, current US$)"
FootNote,GNB,BX.KLT.DINV.CD.DT,1994 (YR1994),"Source: United Nations Conference on Trade and Development, Foreign Direct Investment Online database.",Guinea-Bissau,"Foreign direct investment, net inflows in reporting economy (DRS, current US$)"
FootNote,GNB,BX.KLT.DINV.CD.DT,1997 (YR1997),"Source: United Nations Conference on Trade and Development, Foreign Direct Investment Online database.",Guinea-Bissau,"Foreign direct investment, net inflows in reporting economy (DRS, current US$)"
FootNote,GNB,BN.CAB.XOKA.CD,2000 (YR2000),"Source: United Nations Conference on Trade and Development, Balance of Payments Online database.",Guinea-Bissau,Current account balance (current US$)
FootNote,GNB,BX.KLT.DINV.CD.DT,1995 (YR1995),"Source: United Nations Conference on Trade and Development, Foreign Direct Investment Online database.",Guinea-Bissau,"Foreign direct investment, net inflows in reporting economy (DRS, current US$)"
FootNote,GNB,BX.KLT.DINV.CD.DT,1990 (YR1990),"Source: United Nations Conference on Trade and Development, Foreign Direct Investment Online database.",Guinea-Bissau,"Foreign direct investment, net inflows in reporting economy (DRS, current US$)"
FootNote,GNB,BX.KLT.DINV.CD.DT,1986 (YR1986),"Source: United Nations Conference on Trade and Development, Foreign Direct Investment Online database.",Guinea-Bissau,"Foreign direct investment, net inflows in reporting economy (DRS, current US$)"
FootNote,GNB,BX.KLT.DINV.CD.DT,1985 (YR1985),"Source: United Nations Conference on Trade and Development, Foreign Direct Investment Online database.",Guinea-Bissau,"Foreign direct investment, net inflows in reporting economy (DRS, current US$)"
FootNote,GNB,BX.KLT.DINV.CD.DT,1987 (YR1987),"Source: United Nations Conference on Trade and Development, Foreign Direct Investment Online database.",Guinea-Bissau,"Foreign direct investment, net inflows in reporting economy (DRS, current US$)"
FootNote,GNB,BX.KLT.DINV.CD.DT,1989 (YR1989),"Source: United Nations Conference on Trade and Development, Foreign Direct Investment Online database.",Guinea-Bissau,"Foreign direct investment, net inflows in reporting economy (DRS, current US$)"
FootNote,GNB,BX.KLT.DINV.CD.DT,1988 (YR1988),"Source: United Nations Conference on Trade and Development, Foreign Direct Investment Online database.",Guinea-Bissau,"Foreign direct investment, net inflows in reporting economy (DRS, current US$)"
FootNote,GNB,BX.KLT.DINV.CD.DT,1999 (YR1999),"Source: United Nations Conference on Trade and Development, Foreign Direct Investment Online database.",Guinea-Bissau,"Foreign direct investment, net inflows in reporting economy (DRS, current US$)"
FootNote,GNB,BX.KLT.DINV.CD.DT,1998 (YR1998),"Source: United Nations Conference on Trade and Development, Foreign Direct Investment Online database.",Guinea-Bissau,"Foreign direct investment, net inflows in reporting economy (DRS, current US$)"
FootNote,GNB,BX.KLT.DINV.CD.DT,1993 (YR1993),"Source: United Nations Conference on Trade and Development, Foreign Direct Investment Online database.",Guinea-Bissau,"Foreign direct investment, net inflows in reporting economy (DRS, current US$)"
FootNote,GNB,BX.KLT.DINV.CD.DT,1996 (YR1996),"Source: United Nations Conference on Trade and Development, Foreign Direct Investment Online database.",Guinea-Bissau,"Foreign direct investment, net inflows in reporting economy (DRS, current US$)"
FootNote,GNB,BX.KLT.DINV.CD.DT,1991 (YR1991),"Source: United Nations Conference on Trade and Development, Foreign Direct Investment Online database.",Guinea-Bissau,"Foreign direct investment, net inflows in reporting economy (DRS, current US$)"
FootNote,GNB,BX.KLT.DINV.CD.DT,1992 (YR1992),"Source: United Nations Conference on Trade and Development, Foreign Direct Investment Online database.",Guinea-Bissau,"Foreign direct investment, net inflows in reporting economy (DRS, current US$)"
FootNote,GNB,BX.KLT.DINV.CD.DT,1975 (YR1975),"Source: United Nations Conference on Trade and Development, Foreign Direct Investment Online database.",Guinea-Bissau,"Foreign direct investment, net inflows in reporting economy (DRS, current US$)"
FootNote,GNB,BX.KLT.DINV.CD.DT,1979 (YR1979),"Source: United Nations Conference on Trade and Development, Foreign Direct Investment Online database.",Guinea-Bissau,"Foreign direct investment, net inflows in reporting economy (DRS, current US$)"
FootNote,GNB,BX.KLT.DINV.CD.DT,1977 (YR1977),"Source: United Nations Conference on Trade and Development, Foreign Direct Investment Online database.",Guinea-Bissau,"Foreign direct investment, net inflows in reporting economy (DRS, current US$)"
FootNote,GNB,BX.KLT.DINV.CD.DT,1984 (YR1984),"Source: United Nations Conference on Trade and Development, Foreign Direct Investment Online database.",Guinea-Bissau,"Foreign direct investment, net inflows in reporting economy (DRS, current US$)"
FootNote,GUY,BN.CAB.XOKA.CD,2024 (YR2024),Gap-filled with countries' balance of payments statistics.,Guyana,Current account balance (current US$)
FootNote,GUY,BX.GSR.TOTL.CD,2024 (YR2024),Gap-filled with countries' balance of payments statistics.,Guyana,"Exports of goods, services and primary income (current US$)"
FootNote,GUY,BX.KLT.DINV.CD.DT,2024 (YR2024),Gap-filled with countries' balance of payments statistics.,Guyana,"Foreign direct investment, net inflows in reporting economy (DRS, current US$)"
FootNote,GUY,BM.GSR.TOTL.CD,2024 (YR2024),Gap-filled with countries' balance of payments statistics.,Guyana,"Imports of goods, services and primary income (current US$)"
FootNote,GUY,BX.TRF.PWKR.CD.DT,2024 (YR2024),"Data on Personal Transfers and Compensation of Employees are prepared by World Bank staff based on IMF's Balance of Payments statistics and data releases from central banks, national statistical agencies, and World Bank country desks.",Guyana,"Personal transfers and compensation of employees, received (current US$)"
FootNote,GUY,DT.DFR.DPPG.CD,2006 (YR2006),Data include the effects of MDRI.,Guyana,Debt forgiveness or reduction (current US$)
FootNote,GUY,DT.DOD.DECT.CD,2006 (YR2006),Data include the effects of MDRI.,Guyana,"External debt stocks, total (DOD, current US$)"
FootNote,GUY,DT.DOD.PVLX.GN.ZS,2009 (YR2009),Data are from debt sustainability analyses for low-income countries. Present value estimates for these countries are for public and publicly guaranteed debt only.,Guyana,Present value of external debt (% of GNI)
FootNote,GUY,DT.DOD.PVLX.EX.ZS,2009 (YR2009),Data are from debt sustainability analyses for low-income countries. Present value estimates for these countries are for public and publicly guaranteed debt only.,Guyana,"Present value of external debt (% of exports of goods, services and income)"
FootNote,GUY,BX.KLT.DINV.CD.DT,1991 (YR1991),"Source: United Nations Conference on Trade and Development, Foreign Direct Investment Online database.",Guyana,"Foreign direct investment, net inflows in reporting economy (DRS, current US$)"
FootNote,GUY,BX.KLT.DINV.CD.DT,1990 (YR1990),"Source: United Nations Conference on Trade and Development, Foreign Direct Investment Online database.",Guyana,"Foreign direct investment, net inflows in reporting economy (DRS, current US$)"
FootNote,GUY,BX.KLT.DINV.CD.DT,1987 (YR1987),"Source: United Nations Conference on Trade and Development, Foreign Direct Investment Online database.",Guyana,"Foreign direct investment, net inflows in reporting economy (DRS, current US$)"
FootNote,GUY,BX.KLT.DINV.CD.DT,1988 (YR1988),"Source: United Nations Conference on Trade and Development, Foreign Direct Investment Online database.",Guyana,"Foreign direct investment, net inflows in reporting economy (DRS, current US$)"
FootNote,GUY,BX.KLT.DINV.CD.DT,1986 (YR1986),"Source: United Nations Conference on Trade and Development, Foreign Direct Investment Online database.",Guyana,"Foreign direct investment, net inflows in reporting economy (DRS, current US$)"
FootNote,GUY,BX.KLT.DINV.CD.DT,1989 (YR1989),"Source: United Nations Conference on Trade and Development, Foreign Direct Investment Online database.",Guyana,"Foreign direct investment, net inflows in reporting economy (DRS, current US$)"
FootNote,GUY,BX.KLT.DINV.CD.DT,1978 (YR1978),"Source: United Nations Conference on Trade and Development, Foreign Direct Investment Online database.",Guyana,"Foreign direct investment, net inflows in reporting economy (DRS, current US$)"
FootNote,HTI,BX.TRF.PWKR.CD.DT,2024 (YR2024),"Data on Personal Transfers and Compensation of Employees are prepared by World Bank staff based on IMF's Balance of Payments statistics and data releases from central banks, national statistical agencies, and World Bank country desks.",Haiti,"Personal transfers and compensation of employees, received (current US$)"
FootNote,HTI,BX.GSR.TOTL.CD,2024 (YR2024),"Data are prepared by World Bank staff based on IMF's Balance of Payments statistics and data releases from central banks, national statistical agencies, and World Bank country desks.",Haiti,"Exports of goods, services and primary income (current US$)"
FootNote,HTI,BM.GSR.TOTL.CD,2024 (YR2024),"Data are prepared by World Bank staff based on IMF's Balance of Payments statistics and data releases from central banks, national statistical agencies, and World Bank country desks.",Haiti,"Imports of goods, services and primary income (current US$)"
FootNote,HTI,BN.CAB.XOKA.CD,2024 (YR2024),"Data are prepared by World Bank staff based on IMF's Balance of Payments statistics and data releases from central banks, national statistical agencies, and World Bank country desks",Haiti,Current account balance (current US$)
FootNote,HTI,BX.KLT.DINV.CD.DT,2024 (YR2024),"Source: United Nations Conference on Trade and Development, Foreign Direct Investment Online database.",Haiti,"Foreign direct investment, net inflows in reporting economy (DRS, current US$)"
FootNote,HTI,DT.DFR.DPPG.CD,2008 (YR2008),Data include the effects of Enhanced HIPC Initiative.,Haiti,Debt forgiveness or reduction (current US$)
FootNote,HTI,DT.DFR.DPPG.CD,2009 (YR2009),Data include the effects of MDRI and HIPC debt relief.,Haiti,Debt forgiveness or reduction (current US$)
FootNote,HTI,DT.DOD.DECT.CD,2009 (YR2009),"Data include the effects of MDRI and HIPC debt relief, and Paris Club debt restructuring agreement.",Haiti,"External debt stocks, total (DOD, current US$)"
FootNote,HTI,DT.DOD.DECT.CD,2010 (YR2010),Data include the effects of MDRI.,Haiti,"External debt stocks, total (DOD, current US$)"
FootNote,HTI,DT.DOD.DECT.CD,2006 (YR2006),Data include the effects of Paris Club debt restructuring agreement.,Haiti,"External debt stocks, total (DOD, current US$)"
FootNote,HTI,DT.DOD.PVLX.EX.ZS,2009 (YR2009),Data are from debt sustainability analyses for low-income countries. Present value estimates for these countries are for public and publicly guaranteed debt only.,Haiti,"Present value of external debt (% of exports of goods, services and income)"
FootNote,HTI,DT.DOD.PVLX.GN.ZS,2009 (YR2009),Data are from debt sustainability analyses for low-income countries. Present value estimates for these countries are for public and publicly guaranteed debt only.,Haiti,Present value of external debt (% of GNI)
FootNote,HTI,DT.DFR.DPPG.CD,2007 (YR2007),Data include the effects of Enhanced HIPC Initiative.,Haiti,Debt forgiveness or reduction (current US$)
FootNote,HTI,DT.DOD.DECT.CD,2008 (YR2008),Data include the effects of Enhanced HIPC Initiative.,Haiti,"External debt stocks, total (DOD, current US$)"
FootNote,HTI,DT.DOD.DECT.CD,2007 (YR2007),Data include the effects of Enhanced HIPC Initiative.,Haiti,"External debt stocks, total (DOD, current US$)"
FootNote,HTI,BX.KLT.DINV.CD.DT,1990 (YR1990),"Source: United Nations Conference on Trade and Development, Foreign Direct Investment Online database.",Haiti,"Foreign direct investment, net inflows in reporting economy (DRS, current US$)"
FootNote,HTI,BX.KLT.DINV.CD.DT,1994 (YR1994),"Source: United Nations Conference on Trade and Development, Foreign Direct Investment Online database.",Haiti,"Foreign direct investment, net inflows in reporting economy (DRS, current US$)"
FootNote,HND,DT.DOD.DECT.CD,2005 (YR2005),Data include the effects of a Paris Club debt restructuring agreement.,Honduras,"External debt stocks, total (DOD, current US$)"
FootNote,HND,DT.DOD.PVLX.GN.ZS,2009 (YR2009),Data are from debt sustainability analyses for low-income countries. Present value estimates for these countries are for public and publicly guaranteed debt only.,Honduras,Present value of external debt (% of GNI)
FootNote,HND,DT.DOD.PVLX.EX.ZS,2009 (YR2009),Data are from debt sustainability analyses for low-income countries. Present value estimates for these countries are for public and publicly guaranteed debt only.,Honduras,"Present value of external debt (% of exports of goods, services and income)"
FootNote,HND,DT.DOD.DECT.CD,2007 (YR2007),Data include the effects of MDRI.,Honduras,"External debt stocks, total (DOD, current US$)"
FootNote,HND,DT.DFR.DPPG.CD,2007 (YR2007),Data include the effects of MDRI.,Honduras,Debt forgiveness or reduction (current US$)
FootNote,IND,BX.KLT.DINV.CD.DT,1990 (YR1990),"Source: United Nations Conference on Trade and Development, Foreign Direct Investment Online database.",India,"Foreign direct investment, net inflows in reporting economy (DRS, current US$)"
FootNote,IND,BX.KLT.DINV.CD.DT,1988 (YR1988),"Source: United Nations Conference on Trade and Development, Foreign Direct Investment Online database.",India,"Foreign direct investment, net inflows in reporting economy (DRS, current US$)"
FootNote,IND,BX.KLT.DINV.CD.DT,1985 (YR1985),"Source: United Nations Conference on Trade and Development, Foreign Direct Investment Online database.",India,"Foreign direct investment, net inflows in reporting economy (DRS, current US$)"
FootNote,IND,BX.KLT.DINV.CD.DT,1986 (YR1986),"Source: United Nations Conference on Trade and Development, Foreign Direct Investment Online database.",India,"Foreign direct investment, net inflows in reporting economy (DRS, current US$)"
FootNote,IND,BX.KLT.DINV.CD.DT,1989 (YR1989),"Source: United Nations Conference on Trade and Development, Foreign Direct Investment Online database.",India,"Foreign direct investment, net inflows in reporting economy (DRS, current US$)"
FootNote,IND,BX.KLT.DINV.CD.DT,1987 (YR1987),"Source: United Nations Conference on Trade and Development, Foreign Direct Investment Online database.",India,"Foreign direct investment, net inflows in reporting economy (DRS, current US$)"
FootNote,IND,BX.KLT.DINV.CD.DT,1977 (YR1977),"Source: United Nations Conference on Trade and Development, Foreign Direct Investment Online database.",India,"Foreign direct investment, net inflows in reporting economy (DRS, current US$)"
FootNote,IND,BX.KLT.DINV.CD.DT,1978 (YR1978),"Source: United Nations Conference on Trade and Development, Foreign Direct Investment Online database.",India,"Foreign direct investment, net inflows in reporting economy (DRS, current US$)"
FootNote,IND,BX.KLT.DINV.CD.DT,1981 (YR1981),"Source: United Nations Conference on Trade and Development, Foreign Direct Investment Online database.",India,"Foreign direct investment, net inflows in reporting economy (DRS, current US$)"
FootNote,IND,BX.KLT.DINV.CD.DT,1983 (YR1983),"Source: United Nations Conference on Trade and Development, Foreign Direct Investment Online database.",India,"Foreign direct investment, net inflows in reporting economy (DRS, current US$)"
FootNote,IND,BX.KLT.DINV.CD.DT,1980 (YR1980),"Source: United Nations Conference on Trade and Development, Foreign Direct Investment Online database.",India,"Foreign direct investment, net inflows in reporting economy (DRS, current US$)"
FootNote,IND,BX.KLT.DINV.CD.DT,1979 (YR1979),"Source: United Nations Conference on Trade and Development, Foreign Direct Investment Online database.",India,"Foreign direct investment, net inflows in reporting economy (DRS, current US$)"
FootNote,IND,BX.KLT.DINV.CD.DT,1984 (YR1984),"Source: United Nations Conference on Trade and Development, Foreign Direct Investment Online database.",India,"Foreign direct investment, net inflows in reporting economy (DRS, current US$)"
FootNote,IND,BX.KLT.DINV.CD.DT,1982 (YR1982),"Source: United Nations Conference on Trade and Development, Foreign Direct Investment Online database.",India,"Foreign direct investment, net inflows in reporting economy (DRS, current US$)"
FootNote,IDN,DT.DOD.DECT.CD,2005 (YR2005),Data include the effects of a Tsunami-related Paris Club debt restructuring agreement.,Indonesia,"External debt stocks, total (DOD, current US$)"
FootNote,IRN,BX.KLT.DINV.CD.DT,2018 (YR2018),"Source: United Nations Conference on Trade and Development, Foreign Direct Investment Online database.","Iran, Islamic Rep.","Foreign direct investment, net inflows in reporting economy (DRS, current US$)"
FootNote,IRN,BN.CAB.XOKA.CD,2017 (YR2017),Gap-filled with countries' balance of payments statistics.,"Iran, Islamic Rep.",Current account balance (current US$)
FootNote,IRN,BN.CAB.XOKA.CD,2019 (YR2019),Gap-filled with countries' balance of payments statistics.,"Iran, Islamic Rep.",Current account balance (current US$)
FootNote,IRN,BN.CAB.XOKA.CD,2023 (YR2023),Gap-filled with countries' balance of payments statistics.,"Iran, Islamic Rep.",Current account balance (current US$)
FootNote,IRN,BN.CAB.XOKA.CD,2021 (YR2021),Gap-filled with countries' balance of payments statistics.,"Iran, Islamic Rep.",Current account balance (current US$)
FootNote,IRN,BN.CAB.XOKA.CD,2018 (YR2018),Gap-filled with countries' balance of payments statistics.,"Iran, Islamic Rep.",Current account balance (current US$)
FootNote,IRN,BN.CAB.XOKA.CD,2022 (YR2022),Gap-filled with countries' balance of payments statistics.,"Iran, Islamic Rep.",Current account balance (current US$)
FootNote,IRN,BN.CAB.XOKA.CD,2020 (YR2020),Gap-filled with countries' balance of payments statistics.,"Iran, Islamic Rep.",Current account balance (current US$)
FootNote,IRN,BN.CAB.XOKA.CD,2024 (YR2024),Gap-filled with countries' balance of payments statistics.,"Iran, Islamic Rep.",Current account balance (current US$)
FootNote,IRN,BX.GSR.TOTL.CD,2024 (YR2024),Gap-filled with countries' balance of payments statistics.,"Iran, Islamic Rep.","Exports of goods, services and primary income (current US$)"
FootNote,IRN,BM.GSR.TOTL.CD,2023 (YR2023),Gap-filled with countries' balance of payments statistics.,"Iran, Islamic Rep.","Imports of goods, services and primary income (current US$)"
FootNote,IRN,BM.GSR.TOTL.CD,2021 (YR2021),Gap-filled with countries' balance of payments statistics.,"Iran, Islamic Rep.","Imports of goods, services and primary income (current US$)"
FootNote,IRN,BM.GSR.TOTL.CD,2019 (YR2019),Gap-filled with countries' balance of payments statistics.,"Iran, Islamic Rep.","Imports of goods, services and primary income (current US$)"
FootNote,IRN,BM.GSR.TOTL.CD,2018 (YR2018),Gap-filled with countries' balance of payments statistics.,"Iran, Islamic Rep.","Imports of goods, services and primary income (current US$)"
FootNote,IRN,BM.GSR.TOTL.CD,2024 (YR2024),Gap-filled with countries' balance of payments statistics.,"Iran, Islamic Rep.","Imports of goods, services and primary income (current US$)"
FootNote,IRN,BM.GSR.TOTL.CD,2022 (YR2022),Gap-filled with countries' balance of payments statistics.,"Iran, Islamic Rep.","Imports of goods, services and primary income (current US$)"
FootNote,IRN,BX.GSR.TOTL.CD,2021 (YR2021),Gap-filled with countries' balance of payments statistics.,"Iran, Islamic Rep.","Exports of goods, services and primary income (current US$)"
FootNote,IRN,BX.GSR.TOTL.CD,2018 (YR2018),Gap-filled with countries' balance of payments statistics.,"Iran, Islamic Rep.","Exports of goods, services and primary income (current US$)"
FootNote,IRN,BX.GSR.TOTL.CD,2019 (YR2019),Gap-filled with countries' balance of payments statistics.,"Iran, Islamic Rep.","Exports of goods, services and primary income (current US$)"
FootNote,IRN,BX.GSR.TOTL.CD,2022 (YR2022),Gap-filled with countries' balance of payments statistics.,"Iran, Islamic Rep.","Exports of goods, services and primary income (current US$)"
FootNote,IRN,BX.GSR.TOTL.CD,2017 (YR2017),Gap-filled with countries' balance of payments statistics.,"Iran, Islamic Rep.","Exports of goods, services and primary income (current US$)"
FootNote,IRN,BX.GSR.TOTL.CD,2023 (YR2023),Gap-filled with countries' balance of payments statistics.,"Iran, Islamic Rep.","Exports of goods, services and primary income (current US$)"
FootNote,IRN,BX.GSR.TOTL.CD,2020 (YR2020),Gap-filled with countries' balance of payments statistics.,"Iran, Islamic Rep.","Exports of goods, services and primary income (current US$)"
FootNote,IRN,BX.TRF.PWKR.CD.DT,2019 (YR2019),"Source: United Nations Conference on Trade and Development, Balance of Payments Online database.","Iran, Islamic Rep.","Personal transfers and compensation of employees, received (current US$)"
FootNote,IRN,BM.GSR.TOTL.CD,2017 (YR2017),Gap-filled with countries' balance of payments statistics.,"Iran, Islamic Rep.","Imports of goods, services and primary income (current US$)"
FootNote,IRN,BM.GSR.TOTL.CD,2020 (YR2020),Gap-filled with countries' balance of payments statistics.,"Iran, Islamic Rep.","Imports of goods, services and primary income (current US$)"
FootNote,IRN,BX.TRF.PWKR.CD.DT,2018 (YR2018),"Source: United Nations Conference on Trade and Development, Balance of Payments Online database.","Iran, Islamic Rep.","Personal transfers and compensation of employees, received (current US$)"
FootNote,IRN,BX.TRF.PWKR.CD.DT,2020 (YR2020),"Source: United Nations Conference on Trade and Development, Balance of Payments Online database.","Iran, Islamic Rep.","Personal transfers and compensation of employees, received (current US$)"
FootNote,IRN,BX.TRF.PWKR.CD.DT,2022 (YR2022),"Source: United Nations Conference on Trade and Development, Balance of Payments Online database.","Iran, Islamic Rep.","Personal transfers and compensation of employees, received (current US$)"
FootNote,IRN,BX.TRF.PWKR.CD.DT,2017 (YR2017),"Source: United Nations Conference on Trade and Development, Balance of Payments Online database.","Iran, Islamic Rep.","Personal transfers and compensation of employees, received (current US$)"
FootNote,IRN,BX.TRF.PWKR.CD.DT,2023 (YR2023),"Source: United Nations Conference on Trade and Development, Balance of Payments Online database.","Iran, Islamic Rep.","Personal transfers and compensation of employees, received (current US$)"
FootNote,IRN,BX.TRF.PWKR.CD.DT,2021 (YR2021),"Source: United Nations Conference on Trade and Development, Balance of Payments Online database.","Iran, Islamic Rep.","Personal transfers and compensation of employees, received (current US$)"
FootNote,IRN,BX.KLT.DINV.CD.DT,2023 (YR2023),"Source: United Nations Conference on Trade and Development, Foreign Direct Investment Online database.","Iran, Islamic Rep.","Foreign direct investment, net inflows in reporting economy (DRS, current US$)"
FootNote,IRN,BX.KLT.DINV.CD.DT,2019 (YR2019),"Source: United Nations Conference on Trade and Development, Foreign Direct Investment Online database.","Iran, Islamic Rep.","Foreign direct investment, net inflows in reporting economy (DRS, current US$)"
FootNote,IRN,BX.KLT.DINV.CD.DT,2024 (YR2024),"Source: United Nations Conference on Trade and Development, Foreign Direct Investment Online database.","Iran, Islamic Rep.","Foreign direct investment, net inflows in reporting economy (DRS, current US$)"
FootNote,IRN,BX.KLT.DINV.CD.DT,2022 (YR2022),"Source: United Nations Conference on Trade and Development, Foreign Direct Investment Online database.","Iran, Islamic Rep.","Foreign direct investment, net inflows in reporting economy (DRS, current US$)"
FootNote,IRN,BX.KLT.DINV.CD.DT,2021 (YR2021),"Source: United Nations Conference on Trade and Development, Foreign Direct Investment Online database.","Iran, Islamic Rep.","Foreign direct investment, net inflows in reporting economy (DRS, current US$)"
FootNote,IRN,BX.KLT.DINV.CD.DT,2017 (YR2017),"Source: United Nations Conference on Trade and Development, Foreign Direct Investment Online database.","Iran, Islamic Rep.","Foreign direct investment, net inflows in reporting economy (DRS, current US$)"
FootNote,IRN,BX.KLT.DINV.CD.DT,2020 (YR2020),"Source: United Nations Conference on Trade and Development, Foreign Direct Investment Online database.","Iran, Islamic Rep.","Foreign direct investment, net inflows in reporting economy (DRS, current US$)"
FootNote,IRN,BX.GSR.TOTL.CD,2004 (YR2004),Gap-filled with countries' balance of payments statistics.,"Iran, Islamic Rep.","Exports of goods, services and primary income (current US$)"
FootNote,IRN,BX.GSR.TOTL.CD,2008 (YR2008),Gap-filled with countries' balance of payments statistics.,"Iran, Islamic Rep.","Exports of goods, services and primary income (current US$)"
FootNote,IRN,BX.GSR.TOTL.CD,2012 (YR2012),Gap-filled with countries' balance of payments statistics.,"Iran, Islamic Rep.","Exports of goods, services and primary income (current US$)"
FootNote,IRN,BX.GSR.TOTL.CD,2014 (YR2014),Gap-filled with countries' balance of payments statistics.,"Iran, Islamic Rep.","Exports of goods, services and primary income (current US$)"
FootNote,IRN,BX.GSR.TOTL.CD,2013 (YR2013),Gap-filled with countries' balance of payments statistics.,"Iran, Islamic Rep.","Exports of goods, services and primary income (current US$)"
FootNote,IRN,BX.GSR.TOTL.CD,2002 (YR2002),Gap-filled with countries' balance of payments statistics.,"Iran, Islamic Rep.","Exports of goods, services and primary income (current US$)"
FootNote,IRN,BX.GSR.TOTL.CD,2001 (YR2001),Gap-filled with countries' balance of payments statistics.,"Iran, Islamic Rep.","Exports of goods, services and primary income (current US$)"
FootNote,IRN,BN.CAB.XOKA.CD,2008 (YR2008),"Source: United Nations Conference on Trade and Development, Balance of Payments Online database.","Iran, Islamic Rep.",Current account balance (current US$)
FootNote,IRN,BN.CAB.XOKA.CD,2001 (YR2001),"Source: United Nations Conference on Trade and Development, Balance of Payments Online database.","Iran, Islamic Rep.",Current account balance (current US$)
FootNote,IRN,BN.CAB.XOKA.CD,2009 (YR2009),"Source: United Nations Conference on Trade and Development, Balance of Payments Online database.","Iran, Islamic Rep.",Current account balance (current US$)
FootNote,IRN,BM.GSR.TOTL.CD,2007 (YR2007),Gap-filled with countries' balance of payments statistics.,"Iran, Islamic Rep.","Imports of goods, services and primary income (current US$)"
FootNote,IRN,BM.GSR.TOTL.CD,2009 (YR2009),Gap-filled with countries' balance of payments statistics.,"Iran, Islamic Rep.","Imports of goods, services and primary income (current US$)"
FootNote,IRN,BM.GSR.TOTL.CD,2010 (YR2010),Gap-filled with countries' balance of payments statistics.,"Iran, Islamic Rep.","Imports of goods, services and primary income (current US$)"
FootNote,IRN,BM.GSR.TOTL.CD,2002 (YR2002),Gap-filled with countries' balance of payments statistics.,"Iran, Islamic Rep.","Imports of goods, services and primary income (current US$)"
FootNote,IRN,BM.GSR.TOTL.CD,2015 (YR2015),Gap-filled with countries' balance of payments statistics.,"Iran, Islamic Rep.","Imports of goods, services and primary income (current US$)"
FootNote,IRN,BM.GSR.TOTL.CD,2006 (YR2006),Gap-filled with countries' balance of payments statistics.,"Iran, Islamic Rep.","Imports of goods, services and primary income (current US$)"
FootNote,IRN,BX.GSR.TOTL.CD,2007 (YR2007),Gap-filled with countries' balance of payments statistics.,"Iran, Islamic Rep.","Exports of goods, services and primary income (current US$)"
FootNote,IRN,BX.GSR.TOTL.CD,2005 (YR2005),Gap-filled with countries' balance of payments statistics.,"Iran, Islamic Rep.","Exports of goods, services and primary income (current US$)"
FootNote,IRN,BX.GSR.TOTL.CD,2011 (YR2011),Gap-filled with countries' balance of payments statistics.,"Iran, Islamic Rep.","Exports of goods, services and primary income (current US$)"
FootNote,IRN,BX.GSR.TOTL.CD,2010 (YR2010),Gap-filled with countries' balance of payments statistics.,"Iran, Islamic Rep.","Exports of goods, services and primary income (current US$)"
FootNote,IRN,BX.GSR.TOTL.CD,2009 (YR2009),Gap-filled with countries' balance of payments statistics.,"Iran, Islamic Rep.","Exports of goods, services and primary income (current US$)"
FootNote,IRN,BX.GSR.TOTL.CD,2016 (YR2016),Gap-filled with countries' balance of payments statistics.,"Iran, Islamic Rep.","Exports of goods, services and primary income (current US$)"
FootNote,IRN,BX.GSR.TOTL.CD,2006 (YR2006),Gap-filled with countries' balance of payments statistics.,"Iran, Islamic Rep.","Exports of goods, services and primary income (current US$)"
FootNote,IRN,BX.GSR.TOTL.CD,2015 (YR2015),Gap-filled with countries' balance of payments statistics.,"Iran, Islamic Rep.","Exports of goods, services and primary income (current US$)"
FootNote,IRN,BX.GSR.TOTL.CD,2003 (YR2003),Gap-filled with countries' balance of payments statistics.,"Iran, Islamic Rep.","Exports of goods, services and primary income (current US$)"
FootNote,IRN,BM.GSR.TOTL.CD,2004 (YR2004),Gap-filled with countries' balance of payments statistics.,"Iran, Islamic Rep.","Imports of goods, services and primary income (current US$)"
FootNote,IRN,BM.GSR.TOTL.CD,2011 (YR2011),Gap-filled with countries' balance of payments statistics.,"Iran, Islamic Rep.","Imports of goods, services and primary income (current US$)"
FootNote,IRN,BM.GSR.TOTL.CD,2001 (YR2001),Gap-filled with countries' balance of payments statistics.,"Iran, Islamic Rep.","Imports of goods, services and primary income (current US$)"
FootNote,IRN,BM.GSR.TOTL.CD,2003 (YR2003),Gap-filled with countries' balance of payments statistics.,"Iran, Islamic Rep.","Imports of goods, services and primary income (current US$)"
FootNote,IRN,BM.GSR.TOTL.CD,2013 (YR2013),Gap-filled with countries' balance of payments statistics.,"Iran, Islamic Rep.","Imports of goods, services and primary income (current US$)"
FootNote,IRN,BM.GSR.TOTL.CD,2014 (YR2014),Gap-filled with countries' balance of payments statistics.,"Iran, Islamic Rep.","Imports of goods, services and primary income (current US$)"
FootNote,IRN,BM.GSR.TOTL.CD,2016 (YR2016),Gap-filled with countries' balance of payments statistics.,"Iran, Islamic Rep.","Imports of goods, services and primary income (current US$)"
FootNote,IRN,BM.GSR.TOTL.CD,2008 (YR2008),Gap-filled with countries' balance of payments statistics.,"Iran, Islamic Rep.","Imports of goods, services and primary income (current US$)"
FootNote,IRN,BM.GSR.TOTL.CD,2012 (YR2012),Gap-filled with countries' balance of payments statistics.,"Iran, Islamic Rep.","Imports of goods, services and primary income (current US$)"
FootNote,IRN,BM.GSR.TOTL.CD,2005 (YR2005),Gap-filled with countries' balance of payments statistics.,"Iran, Islamic Rep.","Imports of goods, services and primary income (current US$)"
FootNote,IRN,BN.CAB.XOKA.CD,2016 (YR2016),Gap-filled with countries' balance of payments statistics.,"Iran, Islamic Rep.",Current account balance (current US$)
FootNote,IRN,BN.CAB.XOKA.CD,2011 (YR2011),Gap-filled with countries' balance of payments statistics.,"Iran, Islamic Rep.",Current account balance (current US$)
FootNote,IRN,BN.CAB.XOKA.CD,2015 (YR2015),Gap-filled with countries' balance of payments statistics.,"Iran, Islamic Rep.",Current account balance (current US$)
FootNote,IRN,BN.CAB.XOKA.CD,2013 (YR2013),Gap-filled with countries' balance of payments statistics.,"Iran, Islamic Rep.",Current account balance (current US$)
FootNote,IRN,BN.CAB.XOKA.CD,2010 (YR2010),Gap-filled with countries' balance of payments statistics.,"Iran, Islamic Rep.",Current account balance (current US$)
FootNote,IRN,BN.CAB.XOKA.CD,2012 (YR2012),Gap-filled with countries' balance of payments statistics.,"Iran, Islamic Rep.",Current account balance (current US$)
FootNote,IRN,BN.CAB.XOKA.CD,2014 (YR2014),Gap-filled with countries' balance of payments statistics.,"Iran, Islamic Rep.",Current account balance (current US$)
FootNote,IRN,BN.CAB.XOKA.CD,2007 (YR2007),"Source: United Nations Conference on Trade and Development, Balance of Payments Online database.","Iran, Islamic Rep.",Current account balance (current US$)
FootNote,IRN,BN.CAB.XOKA.CD,2002 (YR2002),"Source: United Nations Conference on Trade and Development, Balance of Payments Online database.","Iran, Islamic Rep.",Current account balance (current US$)
FootNote,IRN,BN.CAB.XOKA.CD,2005 (YR2005),"Source: United Nations Conference on Trade and Development, Balance of Payments Online database.","Iran, Islamic Rep.",Current account balance (current US$)
FootNote,IRN,BN.CAB.XOKA.CD,2006 (YR2006),"Source: United Nations Conference on Trade and Development, Balance of Payments Online database.","Iran, Islamic Rep.",Current account balance (current US$)
FootNote,IRN,BN.CAB.XOKA.CD,2004 (YR2004),"Source: United Nations Conference on Trade and Development, Balance of Payments Online database.","Iran, Islamic Rep.",Current account balance (current US$)
FootNote,IRN,BN.CAB.XOKA.CD,2003 (YR2003),"Source: United Nations Conference on Trade and Development, Balance of Payments Online database.","Iran, Islamic Rep.",Current account balance (current US$)
FootNote,IRN,BX.TRF.PWKR.CD.DT,2001 (YR2001),"Source: United Nations Conference on Trade and Development, Balance of Payments Online database.","Iran, Islamic Rep.","Personal transfers and compensation of employees, received (current US$)"
FootNote,IRN,BX.TRF.PWKR.CD.DT,2016 (YR2016),"Source: United Nations Conference on Trade and Development, Balance of Payments Online database.","Iran, Islamic Rep.","Personal transfers and compensation of employees, received (current US$)"
FootNote,IRN,BX.TRF.PWKR.CD.DT,2003 (YR2003),"Source: United Nations Conference on Trade and Development, Balance of Payments Online database.","Iran, Islamic Rep.","Personal transfers and compensation of employees, received (current US$)"
FootNote,IRN,BX.TRF.PWKR.CD.DT,2004 (YR2004),"Source: United Nations Conference on Trade and Development, Balance of Payments Online database.","Iran, Islamic Rep.","Personal transfers and compensation of employees, received (current US$)"
FootNote,IRN,BX.TRF.PWKR.CD.DT,2008 (YR2008),"Source: United Nations Conference on Trade and Development, Balance of Payments Online database.","Iran, Islamic Rep.","Personal transfers and compensation of employees, received (current US$)"
FootNote,IRN,BX.TRF.PWKR.CD.DT,2005 (YR2005),"Source: United Nations Conference on Trade and Development, Balance of Payments Online database.","Iran, Islamic Rep.","Personal transfers and compensation of employees, received (current US$)"
FootNote,IRN,BX.TRF.PWKR.CD.DT,2014 (YR2014),"Source: United Nations Conference on Trade and Development, Balance of Payments Online database.","Iran, Islamic Rep.","Personal transfers and compensation of employees, received (current US$)"
FootNote,IRN,BX.TRF.PWKR.CD.DT,2015 (YR2015),"Source: United Nations Conference on Trade and Development, Balance of Payments Online database.","Iran, Islamic Rep.","Personal transfers and compensation of employees, received (current US$)"
FootNote,IRN,BX.TRF.PWKR.CD.DT,2009 (YR2009),"Source: United Nations Conference on Trade and Development, Balance of Payments Online database.","Iran, Islamic Rep.","Personal transfers and compensation of employees, received (current US$)"
FootNote,IRN,BX.TRF.PWKR.CD.DT,2007 (YR2007),"Source: United Nations Conference on Trade and Development, Balance of Payments Online database.","Iran, Islamic Rep.","Personal transfers and compensation of employees, received (current US$)"
FootNote,IRN,BX.KLT.DINV.CD.DT,2002 (YR2002),"Source: United Nations Conference on Trade and Development, Foreign Direct Investment Online database.","Iran, Islamic Rep.","Foreign direct investment, net inflows in reporting economy (DRS, current US$)"
FootNote,IRN,BX.KLT.DINV.CD.DT,2015 (YR2015),"Source: United Nations Conference on Trade and Development, Foreign Direct Investment Online database.","Iran, Islamic Rep.","Foreign direct investment, net inflows in reporting economy (DRS, current US$)"
FootNote,IRN,BX.TRF.PWKR.CD.DT,2012 (YR2012),"Source: United Nations Conference on Trade and Development, Balance of Payments Online database.","Iran, Islamic Rep.","Personal transfers and compensation of employees, received (current US$)"
FootNote,IRN,BX.TRF.PWKR.CD.DT,2006 (YR2006),"Source: United Nations Conference on Trade and Development, Balance of Payments Online database.","Iran, Islamic Rep.","Personal transfers and compensation of employees, received (current US$)"
FootNote,IRN,BX.TRF.PWKR.CD.DT,2010 (YR2010),"Source: United Nations Conference on Trade and Development, Balance of Payments Online database.","Iran, Islamic Rep.","Personal transfers and compensation of employees, received (current US$)"
FootNote,IRN,BX.TRF.PWKR.CD.DT,2002 (YR2002),"Source: United Nations Conference on Trade and Development, Balance of Payments Online database.","Iran, Islamic Rep.","Personal transfers and compensation of employees, received (current US$)"
FootNote,IRN,BX.TRF.PWKR.CD.DT,2011 (YR2011),"Source: United Nations Conference on Trade and Development, Balance of Payments Online database.","Iran, Islamic Rep.","Personal transfers and compensation of employees, received (current US$)"
FootNote,IRN,BX.TRF.PWKR.CD.DT,2013 (YR2013),"Source: United Nations Conference on Trade and Development, Balance of Payments Online database.","Iran, Islamic Rep.","Personal transfers and compensation of employees, received (current US$)"
FootNote,IRN,BX.KLT.DINV.CD.DT,2012 (YR2012),"Source: United Nations Conference on Trade and Development, Foreign Direct Investment Online database.","Iran, Islamic Rep.","Foreign direct investment, net inflows in reporting economy (DRS, current US$)"
FootNote,IRN,BX.KLT.DINV.CD.DT,2009 (YR2009),"Source: United Nations Conference on Trade and Development, Foreign Direct Investment Online database.","Iran, Islamic Rep.","Foreign direct investment, net inflows in reporting economy (DRS, current US$)"
FootNote,IRN,BX.KLT.DINV.CD.DT,2010 (YR2010),"Source: United Nations Conference on Trade and Development, Foreign Direct Investment Online database.","Iran, Islamic Rep.","Foreign direct investment, net inflows in reporting economy (DRS, current US$)"
FootNote,IRN,BX.KLT.DINV.CD.DT,2008 (YR2008),"Source: United Nations Conference on Trade and Development, Foreign Direct Investment Online database.","Iran, Islamic Rep.","Foreign direct investment, net inflows in reporting economy (DRS, current US$)"
FootNote,IRN,BX.KLT.DINV.CD.DT,2006 (YR2006),"Source: United Nations Conference on Trade and Development, Foreign Direct Investment Online database.","Iran, Islamic Rep.","Foreign direct investment, net inflows in reporting economy (DRS, current US$)"
FootNote,IRN,BX.KLT.DINV.CD.DT,2003 (YR2003),"Source: United Nations Conference on Trade and Development, Foreign Direct Investment Online database.","Iran, Islamic Rep.","Foreign direct investment, net inflows in reporting economy (DRS, current US$)"
FootNote,IRN,BX.KLT.DINV.CD.DT,2011 (YR2011),"Source: United Nations Conference on Trade and Development, Foreign Direct Investment Online database.","Iran, Islamic Rep.","Foreign direct investment, net inflows in reporting economy (DRS, current US$)"
FootNote,IRN,BX.KLT.DINV.CD.DT,2004 (YR2004),"Source: United Nations Conference on Trade and Development, Foreign Direct Investment Online database.","Iran, Islamic Rep.","Foreign direct investment, net inflows in reporting economy (DRS, current US$)"
FootNote,IRN,BX.KLT.DINV.CD.DT,2016 (YR2016),"Source: United Nations Conference on Trade and Development, Foreign Direct Investment Online database.","Iran, Islamic Rep.","Foreign direct investment, net inflows in reporting economy (DRS, current US$)"
FootNote,IRN,BX.KLT.DINV.CD.DT,2013 (YR2013),"Source: United Nations Conference on Trade and Development, Foreign Direct Investment Online database.","Iran, Islamic Rep.","Foreign direct investment, net inflows in reporting economy (DRS, current US$)"
FootNote,IRN,BX.KLT.DINV.CD.DT,2007 (YR2007),"Source: United Nations Conference on Trade and Development, Foreign Direct Investment Online database.","Iran, Islamic Rep.","Foreign direct investment, net inflows in reporting economy (DRS, current US$)"
FootNote,IRN,BX.KLT.DINV.CD.DT,2001 (YR2001),"Source: United Nations Conference on Trade and Development, Foreign Direct Investment Online database.","Iran, Islamic Rep.","Foreign direct investment, net inflows in reporting economy (DRS, current US$)"
FootNote,IRN,BX.KLT.DINV.CD.DT,2014 (YR2014),"Source: United Nations Conference on Trade and Development, Foreign Direct Investment Online database.","Iran, Islamic Rep.","Foreign direct investment, net inflows in reporting economy (DRS, current US$)"
FootNote,IRN,BX.KLT.DINV.CD.DT,2005 (YR2005),"Source: United Nations Conference on Trade and Development, Foreign Direct Investment Online database.","Iran, Islamic Rep.","Foreign direct investment, net inflows in reporting economy (DRS, current US$)"
FootNote,IRN,BX.KLT.DINV.CD.DT,1985 (YR1985),"Source: United Nations Conference on Trade and Development, Foreign Direct Investment Online database.","Iran, Islamic Rep.","Foreign direct investment, net inflows in reporting economy (DRS, current US$)"
FootNote,IRN,BX.KLT.DINV.CD.DT,1989 (YR1989),"Source: United Nations Conference on Trade and Development, Foreign Direct Investment Online database.","Iran, Islamic Rep.","Foreign direct investment, net inflows in reporting economy (DRS, current US$)"
FootNote,IRN,BX.KLT.DINV.CD.DT,1987 (YR1987),"Source: United Nations Conference on Trade and Development, Foreign Direct Investment Online database.","Iran, Islamic Rep.","Foreign direct investment, net inflows in reporting economy (DRS, current US$)"
FootNote,IRN,BX.KLT.DINV.CD.DT,1986 (YR1986),"Source: United Nations Conference on Trade and Development, Foreign Direct Investment Online database.","Iran, Islamic Rep.","Foreign direct investment, net inflows in reporting economy (DRS, current US$)"
FootNote,IRN,BX.KLT.DINV.CD.DT,1988 (YR1988),"Source: United Nations Conference on Trade and Development, Foreign Direct Investment Online database.","Iran, Islamic Rep.","Foreign direct investment, net inflows in reporting economy (DRS, current US$)"
FootNote,IRN,BX.KLT.DINV.CD.DT,1992 (YR1992),"Source: United Nations Conference on Trade and Development, Foreign Direct Investment Online database.","Iran, Islamic Rep.","Foreign direct investment, net inflows in reporting economy (DRS, current US$)"
FootNote,IRN,BX.KLT.DINV.CD.DT,1990 (YR1990),"Source: United Nations Conference on Trade and Development, Foreign Direct Investment Online database.","Iran, Islamic Rep.","Foreign direct investment, net inflows in reporting economy (DRS, current US$)"
FootNote,IRN,BX.KLT.DINV.CD.DT,1993 (YR1993),"Source: United Nations Conference on Trade and Development, Foreign Direct Investment Online database.","Iran, Islamic Rep.","Foreign direct investment, net inflows in reporting economy (DRS, current US$)"
FootNote,IRN,BX.KLT.DINV.CD.DT,1991 (YR1991),"Source: United Nations Conference on Trade and Development, Foreign Direct Investment Online database.","Iran, Islamic Rep.","Foreign direct investment, net inflows in reporting economy (DRS, current US$)"
FootNote,IRN,BX.KLT.DINV.CD.DT,1978 (YR1978),"Source: United Nations Conference on Trade and Development, Foreign Direct Investment Online database.","Iran, Islamic Rep.","Foreign direct investment, net inflows in reporting economy (DRS, current US$)"
FootNote,IRN,BX.KLT.DINV.CD.DT,1983 (YR1983),"Source: United Nations Conference on Trade and Development, Foreign Direct Investment Online database.","Iran, Islamic Rep.","Foreign direct investment, net inflows in reporting economy (DRS, current US$)"
FootNote,IRN,BX.KLT.DINV.CD.DT,1971 (YR1971),"Source: United Nations Conference on Trade and Development, Foreign Direct Investment Online database.","Iran, Islamic Rep.","Foreign direct investment, net inflows in reporting economy (DRS, current US$)"
FootNote,IRN,BX.KLT.DINV.CD.DT,1970 (YR1970),"Source: United Nations Conference on Trade and Development, Foreign Direct Investment Online database.","Iran, Islamic Rep.","Foreign direct investment, net inflows in reporting economy (DRS, current US$)"
FootNote,IRN,BX.KLT.DINV.CD.DT,1981 (YR1981),"Source: United Nations Conference on Trade and Development, Foreign Direct Investment Online database.","Iran, Islamic Rep.","Foreign direct investment, net inflows in reporting economy (DRS, current US$)"
FootNote,IRN,BX.KLT.DINV.CD.DT,1972 (YR1972),"Source: United Nations Conference on Trade and Development, Foreign Direct Investment Online database.","Iran, Islamic Rep.","Foreign direct investment, net inflows in reporting economy (DRS, current US$)"
FootNote,IRN,BX.KLT.DINV.CD.DT,1976 (YR1976),"Source: United Nations Conference on Trade and Development, Foreign Direct Investment Online database.","Iran, Islamic Rep.","Foreign direct investment, net inflows in reporting economy (DRS, current US$)"
FootNote,IRN,BX.KLT.DINV.CD.DT,1977 (YR1977),"Source: United Nations Conference on Trade and Development, Foreign Direct Investment Online database.","Iran, Islamic Rep.","Foreign direct investment, net inflows in reporting economy (DRS, current US$)"
FootNote,IRN,BX.KLT.DINV.CD.DT,1984 (YR1984),"Source: United Nations Conference on Trade and Development, Foreign Direct Investment Online database.","Iran, Islamic Rep.","Foreign direct investment, net inflows in reporting economy (DRS, current US$)"
FootNote,IRN,BX.KLT.DINV.CD.DT,1973 (YR1973),"Source: United Nations Conference on Trade and Development, Foreign Direct Investment Online database.","Iran, Islamic Rep.","Foreign direct investment, net inflows in reporting economy (DRS, current US$)"
FootNote,IRN,BX.KLT.DINV.CD.DT,1979 (YR1979),"Source: United Nations Conference on Trade and Development, Foreign Direct Investment Online database.","Iran, Islamic Rep.","Foreign direct investment, net inflows in reporting economy (DRS, current US$)"
FootNote,IRN,BX.KLT.DINV.CD.DT,1982 (YR1982),"Source: United Nations Conference on Trade and Development, Foreign Direct Investment Online database.","Iran, Islamic Rep.","Foreign direct investment, net inflows in reporting economy (DRS, current US$)"
FootNote,IRN,BX.KLT.DINV.CD.DT,1980 (YR1980),"Source: United Nations Conference on Trade and Development, Foreign Direct Investment Online database.","Iran, Islamic Rep.","Foreign direct investment, net inflows in reporting economy (DRS, current US$)"
FootNote,IRN,BX.KLT.DINV.CD.DT,1974 (YR1974),"Source: United Nations Conference on Trade and Development, Foreign Direct Investment Online database.","Iran, Islamic Rep.","Foreign direct investment, net inflows in reporting economy (DRS, current US$)"
FootNote,IRN,BX.KLT.DINV.CD.DT,1975 (YR1975),"Source: United Nations Conference on Trade and Development, Foreign Direct Investment Online database.","Iran, Islamic Rep.","Foreign direct investment, net inflows in reporting economy (DRS, current US$)"
FootNote,IRQ,BX.KLT.DINV.CD.DT,2024 (YR2024),Gap-filled with countries' balance of payments statistics.,Iraq,"Foreign direct investment, net inflows in reporting economy (DRS, current US$)"
FootNote,IRQ,BM.GSR.TOTL.CD,2024 (YR2024),Gap-filled with countries' balance of payments statistics.,Iraq,"Imports of goods, services and primary income (current US$)"
FootNote,IRQ,BX.TRF.PWKR.CD.DT,2024 (YR2024),"Data on Personal Transfers and Compensation of Employees are prepared by World Bank staff based on IMF's Balance of Payments statistics and data releases from central banks, national statistical agencies, and World Bank country desks.",Iraq,"Personal transfers and compensation of employees, received (current US$)"
FootNote,IRQ,BX.GSR.TOTL.CD,2024 (YR2024),Gap-filled with countries' balance of payments statistics.,Iraq,"Exports of goods, services and primary income (current US$)"
FootNote,IRQ,BN.CAB.XOKA.CD,2024 (YR2024),Gap-filled with countries' balance of payments statistics.,Iraq,Current account balance (current US$)
FootNote,IRQ,BX.PEF.TOTL.CD.DT,2024 (YR2024),Gap-filled with countries' balance of payments statistics.,Iraq,"Portfolio investment, equity (DRS, current US$)"
FootNote,IRQ,BX.KLT.DINV.CD.DT,2004 (YR2004),"Source: United Nations Conference on Trade and Development, Foreign Direct Investment Online database.",Iraq,"Foreign direct investment, net inflows in reporting economy (DRS, current US$)"
FootNote,IRQ,BX.KLT.DINV.CD.DT,2002 (YR2002),"Source: United Nations Conference on Trade and Development, Foreign Direct Investment Online database.",Iraq,"Foreign direct investment, net inflows in reporting economy (DRS, current US$)"
FootNote,IRQ,BX.KLT.DINV.CD.DT,2001 (YR2001),"Source: United Nations Conference on Trade and Development, Foreign Direct Investment Online database.",Iraq,"Foreign direct investment, net inflows in reporting economy (DRS, current US$)"
FootNote,IRQ,BX.KLT.DINV.CD.DT,2003 (YR2003),"Source: United Nations Conference on Trade and Development, Foreign Direct Investment Online database.",Iraq,"Foreign direct investment, net inflows in reporting economy (DRS, current US$)"
FootNote,IRQ,BX.KLT.DINV.CD.DT,2000 (YR2000),"Source: United Nations Conference on Trade and Development, Foreign Direct Investment Online database.",Iraq,"Foreign direct investment, net inflows in reporting economy (DRS, current US$)"
FootNote,JAM,BX.KLT.DINV.CD.DT,2018 (YR2018),"Source: United Nations Conference on Trade and Development, Foreign Direct Investment Online database.",Jamaica,"Foreign direct investment, net inflows in reporting economy (DRS, current US$)"
FootNote,JAM,BX.KLT.DINV.CD.DT,2017 (YR2017),"Source: United Nations Conference on Trade and Development, Foreign Direct Investment Online database.",Jamaica,"Foreign direct investment, net inflows in reporting economy (DRS, current US$)"
FootNote,JAM,BX.KLT.DINV.CD.DT,2021 (YR2021),"Source: United Nations Conference on Trade and Development, Foreign Direct Investment Online database.",Jamaica,"Foreign direct investment, net inflows in reporting economy (DRS, current US$)"
FootNote,JAM,BX.KLT.DINV.CD.DT,2023 (YR2023),"Source: United Nations Conference on Trade and Development, Foreign Direct Investment Online database.",Jamaica,"Foreign direct investment, net inflows in reporting economy (DRS, current US$)"
FootNote,JAM,BX.KLT.DINV.CD.DT,2022 (YR2022),"Source: United Nations Conference on Trade and Development, Foreign Direct Investment Online database.",Jamaica,"Foreign direct investment, net inflows in reporting economy (DRS, current US$)"
FootNote,JAM,BX.KLT.DINV.CD.DT,2019 (YR2019),"Source: United Nations Conference on Trade and Development, Foreign Direct Investment Online database.",Jamaica,"Foreign direct investment, net inflows in reporting economy (DRS, current US$)"
FootNote,JAM,BX.KLT.DINV.CD.DT,2020 (YR2020),"Source: United Nations Conference on Trade and Development, Foreign Direct Investment Online database.",Jamaica,"Foreign direct investment, net inflows in reporting economy (DRS, current US$)"
FootNote,JAM,BX.KLT.DINV.CD.DT,2024 (YR2024),"Source: United Nations Conference on Trade and Development, Foreign Direct Investment Online database.",Jamaica,"Foreign direct investment, net inflows in reporting economy (DRS, current US$)"
FootNote,JAM,BX.KLT.DINV.CD.DT,2015 (YR2015),"Source: United Nations Conference on Trade and Development, Foreign Direct Investment Online database.",Jamaica,"Foreign direct investment, net inflows in reporting economy (DRS, current US$)"
FootNote,JAM,BX.KLT.DINV.CD.DT,2014 (YR2014),"Source: United Nations Conference on Trade and Development, Foreign Direct Investment Online database.",Jamaica,"Foreign direct investment, net inflows in reporting economy (DRS, current US$)"
FootNote,JAM,BX.KLT.DINV.CD.DT,2013 (YR2013),"Source: United Nations Conference on Trade and Development, Foreign Direct Investment Online database.",Jamaica,"Foreign direct investment, net inflows in reporting economy (DRS, current US$)"
FootNote,JAM,BX.KLT.DINV.CD.DT,2012 (YR2012),"Source: United Nations Conference on Trade and Development, Foreign Direct Investment Online database.",Jamaica,"Foreign direct investment, net inflows in reporting economy (DRS, current US$)"
FootNote,JAM,BX.KLT.DINV.CD.DT,2016 (YR2016),"Source: United Nations Conference on Trade and Development, Foreign Direct Investment Online database.",Jamaica,"Foreign direct investment, net inflows in reporting economy (DRS, current US$)"
FootNote,JOR,BX.KLT.DINV.CD.DT,2004 (YR2004),"Source: United Nations Conference on Trade and Development, Foreign Direct Investment Online database.",Jordan,"Foreign direct investment, net inflows in reporting economy (DRS, current US$)"
FootNote,JOR,BX.KLT.DINV.CD.DT,2007 (YR2007),"Source: United Nations Conference on Trade and Development, Foreign Direct Investment Online database.",Jordan,"Foreign direct investment, net inflows in reporting economy (DRS, current US$)"
FootNote,JOR,BX.KLT.DINV.CD.DT,2005 (YR2005),"Source: United Nations Conference on Trade and Development, Foreign Direct Investment Online database.",Jordan,"Foreign direct investment, net inflows in reporting economy (DRS, current US$)"
FootNote,JOR,BX.KLT.DINV.CD.DT,2008 (YR2008),"Source: United Nations Conference on Trade and Development, Foreign Direct Investment Online database.",Jordan,"Foreign direct investment, net inflows in reporting economy (DRS, current US$)"
FootNote,JOR,BX.KLT.DINV.CD.DT,2001 (YR2001),"Source: United Nations Conference on Trade and Development, Foreign Direct Investment Online database.",Jordan,"Foreign direct investment, net inflows in reporting economy (DRS, current US$)"
FootNote,JOR,BX.KLT.DINV.CD.DT,2003 (YR2003),"Source: United Nations Conference on Trade and Development, Foreign Direct Investment Online database.",Jordan,"Foreign direct investment, net inflows in reporting economy (DRS, current US$)"
FootNote,JOR,BX.KLT.DINV.CD.DT,2006 (YR2006),"Source: United Nations Conference on Trade and Development, Foreign Direct Investment Online database.",Jordan,"Foreign direct investment, net inflows in reporting economy (DRS, current US$)"
FootNote,JOR,BX.KLT.DINV.CD.DT,2002 (YR2002),"Source: United Nations Conference on Trade and Development, Foreign Direct Investment Online database.",Jordan,"Foreign direct investment, net inflows in reporting economy (DRS, current US$)"
FootNote,JOR,BX.KLT.DINV.CD.DT,2000 (YR2000),"Source: United Nations Conference on Trade and Development, Foreign Direct Investment Online database.",Jordan,"Foreign direct investment, net inflows in reporting economy (DRS, current US$)"
FootNote,KAZ,BX.KLT.DINV.CD.DT,1992 (YR1992),"Source: United Nations Conference on Trade and Development, Foreign Direct Investment Online database.",Kazakhstan,"Foreign direct investment, net inflows in reporting economy (DRS, current US$)"
FootNote,KAZ,BX.KLT.DINV.CD.DT,1994 (YR1994),"Source: United Nations Conference on Trade and Development, Foreign Direct Investment Online database.",Kazakhstan,"Foreign direct investment, net inflows in reporting economy (DRS, current US$)"
FootNote,KAZ,BX.KLT.DINV.CD.DT,1993 (YR1993),"Source: United Nations Conference on Trade and Development, Foreign Direct Investment Online database.",Kazakhstan,"Foreign direct investment, net inflows in reporting economy (DRS, current US$)"
FootNote,KEN,BX.KLT.DINV.CD.DT,1971 (YR1971),"Source: United Nations Conference on Trade and Development, Foreign Direct Investment Online database.",Kenya,"Foreign direct investment, net inflows in reporting economy (DRS, current US$)"
FootNote,KEN,BX.KLT.DINV.CD.DT,1974 (YR1974),"Source: United Nations Conference on Trade and Development, Foreign Direct Investment Online database.",Kenya,"Foreign direct investment, net inflows in reporting economy (DRS, current US$)"
FootNote,KEN,BX.KLT.DINV.CD.DT,1972 (YR1972),"Source: United Nations Conference on Trade and Development, Foreign Direct Investment Online database.",Kenya,"Foreign direct investment, net inflows in reporting economy (DRS, current US$)"
FootNote,KEN,BX.KLT.DINV.CD.DT,1973 (YR1973),"Source: United Nations Conference on Trade and Development, Foreign Direct Investment Online database.",Kenya,"Foreign direct investment, net inflows in reporting economy (DRS, current US$)"
FootNote,KEN,BX.KLT.DINV.CD.DT,1970 (YR1970),"Source: United Nations Conference on Trade and Development, Foreign Direct Investment Online database.",Kenya,"Foreign direct investment, net inflows in reporting economy (DRS, current US$)"
FootNote,XKX,BX.GSR.TOTL.CD,2024 (YR2024),Gap-filled with countries' balance of payments statistics.,Kosovo,"Exports of goods, services and primary income (current US$)"
FootNote,XKX,BM.GSR.TOTL.CD,2024 (YR2024),Gap-filled with countries' balance of payments statistics.,Kosovo,"Imports of goods, services and primary income (current US$)"
FootNote,XKX,BN.CAB.XOKA.CD,2024 (YR2024),Gap-filled with countries' balance of payments statistics.,Kosovo,Current account balance (current US$)
FootNote,XKX,SP.POP.TOTL,2019 (YR2019),Extrapolated assuming the same growth rate as previous 6 months.,Kosovo,"Population, total"
FootNote,XKX,SP.POP.TOTL,2018 (YR2018),Geometric mean of official end-year estimates from Kosovo Agency for Statistics.,Kosovo,"Population, total"
FootNote,XKX,SP.POP.TOTL,2017 (YR2017),Geometric mean of official end-year estimates from Kosovo Agency for Statistics.,Kosovo,"Population, total"
FootNote,XKX,BX.KLT.DREM.CD.DT,2024 (YR2024),Gap-filled with countries' balance of payments statistics.,Kosovo,Primary income on FDI (current US$)
FootNote,XKX,BX.TRF.PWKR.CD.DT,2024 (YR2024),Gap-filled with countries' balance of payments statistics.,Kosovo,"Personal transfers and compensation of employees, received (current US$)"
FootNote,XKX,BX.KLT.DINV.CD.DT,2024 (YR2024),Gap-filled with countries' balance of payments statistics.,Kosovo,"Foreign direct investment, net inflows in reporting economy (DRS, current US$)"
FootNote,XKX,BX.PEF.TOTL.CD.DT,2024 (YR2024),Gap-filled with countries' balance of payments statistics.,Kosovo,"Portfolio investment, equity (DRS, current US$)"
FootNote,XKX,SP.POP.TOTL,2016 (YR2016),Geometric mean of official end-year estimates from Kosovo Agency for Statistics.,Kosovo,"Population, total"
FootNote,XKX,SP.POP.TOTL,2015 (YR2015),Geometric mean of official end-year estimates from Kosovo Agency for Statistics.,Kosovo,"Population, total"
FootNote,XKX,SP.POP.TOTL,2012 (YR2012),Geometric mean of official end-year estimates from Kosovo Agency for Statistics.,Kosovo,"Population, total"
FootNote,XKX,SP.POP.TOTL,2013 (YR2013),Geometric mean of official end-year estimates from Kosovo Agency for Statistics.,Kosovo,"Population, total"
FootNote,XKX,SP.POP.TOTL,2014 (YR2014),Geometric mean of official end-year estimates from Kosovo Agency for Statistics.,Kosovo,"Population, total"
FootNote,XKX,SP.POP.TOTL,2011 (YR2011),"Interpolated using the Mid-year population for 2010 (1995,680) and End-year population for 2011 (1798,645), assuming constant growth.",Kosovo,"Population, total"
FootNote,XKX,SP.POP.TOTL,2001 (YR2001),Interpolated between 2000 and 2005 assuming constant rate of growth.,Kosovo,"Population, total"
FootNote,XKX,SP.POP.TOTL,2003 (YR2003),Interpolated between 2000 and 2005 assuming constant rate of growth.,Kosovo,"Population, total"
FootNote,XKX,SP.POP.TOTL,2002 (YR2002),Interpolated between 2000 and 2005 assuming constant rate of growth.,Kosovo,"Population, total"
FootNote,XKX,SP.POP.TOTL,2004 (YR2004),Interpolated between 2000 and 2005 assuming constant rate of growth.,Kosovo,"Population, total"
FootNote,KGZ,BX.KLT.DINV.CD.DT,2023 (YR2023),Gap-filled with countries' balance of payments statistics.,Kyrgyz Republic,"Foreign direct investment, net inflows in reporting economy (DRS, current US$)"
FootNote,KGZ,BX.KLT.DINV.CD.DT,2024 (YR2024),Gap-filled with countries' balance of payments statistics.,Kyrgyz Republic,"Foreign direct investment, net inflows in reporting economy (DRS, current US$)"
FootNote,KGZ,BX.TRF.PWKR.CD.DT,2023 (YR2023),"Source: United Nations Conference on Trade and Development, Balance of Payments Online database.",Kyrgyz Republic,"Personal transfers and compensation of employees, received (current US$)"
FootNote,KGZ,BX.TRF.PWKR.CD.DT,2024 (YR2024),"Data on Personal Transfers and Compensation of Employees are prepared by World Bank staff based on IMF's Balance of Payments statistics and data releases from central banks, national statistical agencies, and World Bank country desks.",Kyrgyz Republic,"Personal transfers and compensation of employees, received (current US$)"
FootNote,KGZ,BX.KLT.DREM.CD.DT,2024 (YR2024),Gap-filled with countries' balance of payments statistics.,Kyrgyz Republic,Primary income on FDI (current US$)
FootNote,KGZ,BX.KLT.DREM.CD.DT,2023 (YR2023),Gap-filled with countries' balance of payments statistics.,Kyrgyz Republic,Primary income on FDI (current US$)
FootNote,KGZ,BN.CAB.XOKA.CD,2023 (YR2023),Gap-filled with countries' balance of payments statistics.,Kyrgyz Republic,Current account balance (current US$)
FootNote,KGZ,BN.CAB.XOKA.CD,2024 (YR2024),Gap-filled with countries' balance of payments statistics.,Kyrgyz Republic,Current account balance (current US$)
FootNote,KGZ,SP.POP.TOTL,2019 (YR2019),Extrapolated assuming the same growth rate as previous 6 months.,Kyrgyz Republic,"Population, total"
FootNote,KGZ,SP.POP.TOTL,2018 (YR2018),Calculated from begining of year population using geometric mean.,Kyrgyz Republic,"Population, total"
FootNote,KGZ,SP.POP.TOTL,2017 (YR2017),Calculated from begining of year population using geometric mean.,Kyrgyz Republic,"Population, total"
FootNote,KGZ,BX.GSR.TOTL.CD,2023 (YR2023),Gap-filled with countries' balance of payments statistics.,Kyrgyz Republic,"Exports of goods, services and primary income (current US$)"
FootNote,KGZ,BM.GSR.TOTL.CD,2023 (YR2023),Gap-filled with countries' balance of payments statistics.,Kyrgyz Republic,"Imports of goods, services and primary income (current US$)"
FootNote,KGZ,BM.GSR.TOTL.CD,2024 (YR2024),Gap-filled with countries' balance of payments statistics.,Kyrgyz Republic,"Imports of goods, services and primary income (current US$)"
FootNote,KGZ,BX.GSR.TOTL.CD,2024 (YR2024),Gap-filled with countries' balance of payments statistics.,Kyrgyz Republic,"Exports of goods, services and primary income (current US$)"
FootNote,KGZ,DT.DOD.PVLX.EX.ZS,2009 (YR2009),Data are from debt sustainability analyses for low-income countries. Present value estimates for these countries are for public and publicly guaranteed debt only.,Kyrgyz Republic,"Present value of external debt (% of exports of goods, services and income)"
FootNote,KGZ,DT.DOD.PVLX.GN.ZS,2009 (YR2009),Data are from debt sustainability analyses for low-income countries. Present value estimates for these countries are for public and publicly guaranteed debt only.,Kyrgyz Republic,Present value of external debt (% of GNI)
FootNote,KGZ,SP.POP.TOTL,2016 (YR2016),Calculated from begining of year population using geometric mean.,Kyrgyz Republic,"Population, total"
FootNote,KGZ,SP.POP.TOTL,2012 (YR2012),Calculated from begining of year population using geometric mean.,Kyrgyz Republic,"Population, total"
FootNote,KGZ,SP.POP.TOTL,2011 (YR2011),Calculated from begining of year population using geometric mean.,Kyrgyz Republic,"Population, total"
FootNote,KGZ,SP.POP.TOTL,2015 (YR2015),Calculated from begining of year population using geometric mean.,Kyrgyz Republic,"Population, total"
FootNote,KGZ,SP.POP.TOTL,2013 (YR2013),Calculated from begining of year population using geometric mean.,Kyrgyz Republic,"Population, total"
FootNote,KGZ,SP.POP.TOTL,2014 (YR2014),Calculated from begining of year population using geometric mean.,Kyrgyz Republic,"Population, total"
FootNote,LAO,BX.GSR.TOTL.CD,2024 (YR2024),Gap-filled with countries' balance of payments statistics.,Lao PDR,"Exports of goods, services and primary income (current US$)"
FootNote,LAO,BN.CAB.XOKA.CD,2024 (YR2024),Gap-filled with countries' balance of payments statistics.,Lao PDR,Current account balance (current US$)
FootNote,LAO,BX.TRF.PWKR.CD.DT,2024 (YR2024),"Data on Personal Transfers and Compensation of Employees are prepared by World Bank staff based on IMF's Balance of Payments statistics and data releases from central banks, national statistical agencies, and World Bank country desks.",Lao PDR,"Personal transfers and compensation of employees, received (current US$)"
FootNote,LAO,BM.GSR.TOTL.CD,2024 (YR2024),Gap-filled with countries' balance of payments statistics.,Lao PDR,"Imports of goods, services and primary income (current US$)"
FootNote,LAO,BX.KLT.DINV.CD.DT,2024 (YR2024),"Source: United Nations Conference on Trade and Development, Foreign Direct Investment Online database.",Lao PDR,"Foreign direct investment, net inflows in reporting economy (DRS, current US$)"
FootNote,LAO,BX.PEF.TOTL.CD.DT,2024 (YR2024),Gap-filled with countries' balance of payments statistics.,Lao PDR,"Portfolio investment, equity (DRS, current US$)"
FootNote,LAO,BX.KLT.DINV.CD.DT,1998 (YR1998),"Source: United Nations Conference on Trade and Development, Foreign Direct Investment Online database.",Lao PDR,"Foreign direct investment, net inflows in reporting economy (DRS, current US$)"
FootNote,LAO,BX.KLT.DINV.CD.DT,1985 (YR1985),"Source: United Nations Conference on Trade and Development, Foreign Direct Investment Online database.",Lao PDR,"Foreign direct investment, net inflows in reporting economy (DRS, current US$)"
FootNote,LAO,BX.KLT.DINV.CD.DT,1999 (YR1999),"Source: United Nations Conference on Trade and Development, Foreign Direct Investment Online database.",Lao PDR,"Foreign direct investment, net inflows in reporting economy (DRS, current US$)"
FootNote,LAO,BX.KLT.DINV.CD.DT,1997 (YR1997),"Source: United Nations Conference on Trade and Development, Foreign Direct Investment Online database.",Lao PDR,"Foreign direct investment, net inflows in reporting economy (DRS, current US$)"
FootNote,LBN,BX.PEF.TOTL.CD.DT,2024 (YR2024),Gap-filled with countries' balance of payments statistics.,Lebanon,"Portfolio investment, equity (DRS, current US$)"
FootNote,LBN,BX.KLT.DINV.CD.DT,2024 (YR2024),"Source: United Nations Conference on Trade and Development, Foreign Direct Investment Online database.",Lebanon,"Foreign direct investment, net inflows in reporting economy (DRS, current US$)"
FootNote,LBN,BX.TRF.PWKR.CD.DT,2024 (YR2024),Gap-filled with countries' balance of payments statistics.,Lebanon,"Personal transfers and compensation of employees, received (current US$)"
FootNote,LBN,BN.CAB.XOKA.CD,2024 (YR2024),Gap-filled with countries' balance of payments statistics.,Lebanon,Current account balance (current US$)
FootNote,LBN,BM.GSR.TOTL.CD,2024 (YR2024),Gap-filled with countries' balance of payments statistics.,Lebanon,"Imports of goods, services and primary income (current US$)"
FootNote,LBN,BX.GSR.TOTL.CD,2024 (YR2024),Gap-filled with countries' balance of payments statistics.,Lebanon,"Exports of goods, services and primary income (current US$)"
FootNote,LBN,BN.CAB.XOKA.CD,2001 (YR2001),"Source: United Nations Conference on Trade and Development, Balance of Payments Online database.",Lebanon,Current account balance (current US$)
FootNote,LBN,BX.KLT.DINV.CD.DT,2001 (YR2001),"Source: United Nations Conference on Trade and Development, Foreign Direct Investment Online database.",Lebanon,"Foreign direct investment, net inflows in reporting economy (DRS, current US$)"
FootNote,LBN,BX.KLT.DINV.CD.DT,2000 (YR2000),"Source: United Nations Conference on Trade and Development, Foreign Direct Investment Online database.",Lebanon,"Foreign direct investment, net inflows in reporting economy (DRS, current US$)"
FootNote,LBN,BN.CAB.XOKA.CD,2000 (YR2000),"Source: United Nations Conference on Trade and Development, Balance of Payments Online database.",Lebanon,Current account balance (current US$)
FootNote,LSO,DT.INT.DLXF.CD,2007 (YR2007),A large interest payment was made during 2007 to a creditor country to settle a long standing claim.,Lesotho,"Interest payments on external debt, long-term (INT, current US$)"
FootNote,LSO,DT.INT.DPPG.CD,2007 (YR2007),Large interest payment was made to a creditor country to settle a long standing claim.,Lesotho,"Interest payments on external debt, public and publicly guaranteed (PPG) (INT, current US$)"
FootNote,LSO,BX.KLT.DINV.CD.DT,1985 (YR1985),"Source: United Nations Conference on Trade and Development, Foreign Direct Investment Online database.",Lesotho,"Foreign direct investment, net inflows in reporting economy (DRS, current US$)"
FootNote,LSO,BX.KLT.DINV.CD.DT,1977 (YR1977),"Source: United Nations Conference on Trade and Development, Foreign Direct Investment Online database.",Lesotho,"Foreign direct investment, net inflows in reporting economy (DRS, current US$)"
FootNote,LSO,BX.KLT.DINV.CD.DT,1978 (YR1978),"Source: United Nations Conference on Trade and Development, Foreign Direct Investment Online database.",Lesotho,"Foreign direct investment, net inflows in reporting economy (DRS, current US$)"
FootNote,LSO,BX.KLT.DINV.CD.DT,1979 (YR1979),"Source: United Nations Conference on Trade and Development, Foreign Direct Investment Online database.",Lesotho,"Foreign direct investment, net inflows in reporting economy (DRS, current US$)"
FootNote,LBR,BM.GSR.TOTL.CD,2024 (YR2024),Gap-filled with countries' balance of payments statistics.,Liberia,"Imports of goods, services and primary income (current US$)"
FootNote,LBR,BM.GSR.TOTL.CD,2023 (YR2023),Gap-filled with countries' balance of payments statistics.,Liberia,"Imports of goods, services and primary income (current US$)"
FootNote,LBR,BX.GSR.TOTL.CD,2023 (YR2023),Gap-filled with countries' balance of payments statistics.,Liberia,"Exports of goods, services and primary income (current US$)"
FootNote,LBR,BX.GSR.TOTL.CD,2024 (YR2024),Gap-filled with countries' balance of payments statistics.,Liberia,"Exports of goods, services and primary income (current US$)"
FootNote,LBR,BN.CAB.XOKA.CD,2024 (YR2024),Gap-filled with countries' balance of payments statistics.,Liberia,Current account balance (current US$)
FootNote,LBR,BN.CAB.XOKA.CD,2023 (YR2023),Gap-filled with countries' balance of payments statistics.,Liberia,Current account balance (current US$)
FootNote,LBR,BX.TRF.PWKR.CD.DT,2024 (YR2024),Gap-filled with countries' balance of payments statistics.,Liberia,"Personal transfers and compensation of employees, received (current US$)"
FootNote,LBR,BX.TRF.PWKR.CD.DT,2023 (YR2023),Gap-filled with countries' balance of payments statistics.,Liberia,"Personal transfers and compensation of employees, received (current US$)"
FootNote,LBR,BX.KLT.DINV.CD.DT,2023 (YR2023),Gap-filled with countries' balance of payments statistics.,Liberia,"Foreign direct investment, net inflows in reporting economy (DRS, current US$)"
FootNote,LBR,BX.KLT.DINV.CD.DT,2024 (YR2024),"Source: United Nations Conference on Trade and Development, Foreign Direct Investment Online database.",Liberia,"Foreign direct investment, net inflows in reporting economy (DRS, current US$)"
FootNote,LBR,BX.KLT.DINV.CD.DT,2001 (YR2001),"Source: United Nations Conference on Trade and Development, Foreign Direct Investment Online database.",Liberia,"Foreign direct investment, net inflows in reporting economy (DRS, current US$)"
FootNote,LBR,BX.KLT.DINV.CD.DT,2003 (YR2003),"Source: United Nations Conference on Trade and Development, Foreign Direct Investment Online database.",Liberia,"Foreign direct investment, net inflows in reporting economy (DRS, current US$)"
FootNote,LBR,BX.KLT.DINV.CD.DT,2002 (YR2002),"Source: United Nations Conference on Trade and Development, Foreign Direct Investment Online database.",Liberia,"Foreign direct investment, net inflows in reporting economy (DRS, current US$)"
FootNote,LBR,BN.CAB.XOKA.CD,2003 (YR2003),"Source: United Nations Conference on Trade and Development, Balance of Payments Online database.",Liberia,Current account balance (current US$)
FootNote,LBR,BN.CAB.XOKA.CD,2001 (YR2001),"Source: United Nations Conference on Trade and Development, Balance of Payments Online database.",Liberia,Current account balance (current US$)
FootNote,LBR,BN.CAB.XOKA.CD,2002 (YR2002),"Source: United Nations Conference on Trade and Development, Balance of Payments Online database.",Liberia,Current account balance (current US$)
FootNote,LBR,DT.DOD.DECT.CD,2008 (YR2008),Data include the effects of Paris Club rescheduling agreement.,Liberia,"External debt stocks, total (DOD, current US$)"
FootNote,LBR,DT.DOD.DECT.CD,2010 (YR2010),Data include the effects of MDRI.,Liberia,"External debt stocks, total (DOD, current US$)"
FootNote,LBR,DT.DOD.PVLX.EX.ZS,2009 (YR2009),Data are from debt sustainability analyses for low-income countries. Present value estimates for these countries are for public and publicly guaranteed debt only.,Liberia,"Present value of external debt (% of exports of goods, services and income)"
FootNote,LBR,DT.DOD.PVLX.GN.ZS,2009 (YR2009),Data are from debt sustainability analyses for low-income countries. Present value estimates for these countries are for public and publicly guaranteed debt only.,Liberia,Present value of external debt (% of GNI)
FootNote,LBR,BN.CAB.XOKA.CD,2000 (YR2000),"Source: United Nations Conference on Trade and Development, Balance of Payments Online database.",Liberia,Current account balance (current US$)
FootNote,LBR,BX.KLT.DINV.CD.DT,2000 (YR2000),"Source: United Nations Conference on Trade and Development, Foreign Direct Investment Online database.",Liberia,"Foreign direct investment, net inflows in reporting economy (DRS, current US$)"
FootNote,LBR,BX.KLT.DINV.CD.DT,1996 (YR1996),"Source: United Nations Conference on Trade and Development, Foreign Direct Investment Online database.",Liberia,"Foreign direct investment, net inflows in reporting economy (DRS, current US$)"
FootNote,LBR,BX.KLT.DINV.CD.DT,1994 (YR1994),"Source: United Nations Conference on Trade and Development, Foreign Direct Investment Online database.",Liberia,"Foreign direct investment, net inflows in reporting economy (DRS, current US$)"
FootNote,LBR,BX.KLT.DINV.CD.DT,1995 (YR1995),"Source: United Nations Conference on Trade and Development, Foreign Direct Investment Online database.",Liberia,"Foreign direct investment, net inflows in reporting economy (DRS, current US$)"
FootNote,LBR,BX.KLT.DINV.CD.DT,1989 (YR1989),"Source: United Nations Conference on Trade and Development, Foreign Direct Investment Online database.",Liberia,"Foreign direct investment, net inflows in reporting economy (DRS, current US$)"
FootNote,LBR,BX.KLT.DINV.CD.DT,1988 (YR1988),"Source: United Nations Conference on Trade and Development, Foreign Direct Investment Online database.",Liberia,"Foreign direct investment, net inflows in reporting economy (DRS, current US$)"
FootNote,LBR,BX.KLT.DINV.CD.DT,1992 (YR1992),"Source: United Nations Conference on Trade and Development, Foreign Direct Investment Online database.",Liberia,"Foreign direct investment, net inflows in reporting economy (DRS, current US$)"
FootNote,LBR,BX.KLT.DINV.CD.DT,1999 (YR1999),"Source: United Nations Conference on Trade and Development, Foreign Direct Investment Online database.",Liberia,"Foreign direct investment, net inflows in reporting economy (DRS, current US$)"
FootNote,LBR,BX.KLT.DINV.CD.DT,1990 (YR1990),"Source: United Nations Conference on Trade and Development, Foreign Direct Investment Online database.",Liberia,"Foreign direct investment, net inflows in reporting economy (DRS, current US$)"
FootNote,LBR,BX.KLT.DINV.CD.DT,1998 (YR1998),"Source: United Nations Conference on Trade and Development, Foreign Direct Investment Online database.",Liberia,"Foreign direct investment, net inflows in reporting economy (DRS, current US$)"
FootNote,LBR,BX.KLT.DINV.CD.DT,1997 (YR1997),"Source: United Nations Conference on Trade and Development, Foreign Direct Investment Online database.",Liberia,"Foreign direct investment, net inflows in reporting economy (DRS, current US$)"
FootNote,LBR,BX.KLT.DINV.CD.DT,1991 (YR1991),"Source: United Nations Conference on Trade and Development, Foreign Direct Investment Online database.",Liberia,"Foreign direct investment, net inflows in reporting economy (DRS, current US$)"
FootNote,LBR,BX.KLT.DINV.CD.DT,1993 (YR1993),"Source: United Nations Conference on Trade and Development, Foreign Direct Investment Online database.",Liberia,"Foreign direct investment, net inflows in reporting economy (DRS, current US$)"
FootNote,LBR,BX.KLT.DINV.CD.DT,1972 (YR1972),"Source: United Nations Conference on Trade and Development, Foreign Direct Investment Online database.",Liberia,"Foreign direct investment, net inflows in reporting economy (DRS, current US$)"
FootNote,LBR,BX.KLT.DINV.CD.DT,1977 (YR1977),"Source: United Nations Conference on Trade and Development, Foreign Direct Investment Online database.",Liberia,"Foreign direct investment, net inflows in reporting economy (DRS, current US$)"
FootNote,LBR,BX.KLT.DINV.CD.DT,1978 (YR1978),"Source: United Nations Conference on Trade and Development, Foreign Direct Investment Online database.",Liberia,"Foreign direct investment, net inflows in reporting economy (DRS, current US$)"
FootNote,LBR,BX.KLT.DINV.CD.DT,1971 (YR1971),"Source: United Nations Conference on Trade and Development, Foreign Direct Investment Online database.",Liberia,"Foreign direct investment, net inflows in reporting economy (DRS, current US$)"
FootNote,LBR,BX.KLT.DINV.CD.DT,1973 (YR1973),"Source: United Nations Conference on Trade and Development, Foreign Direct Investment Online database.",Liberia,"Foreign direct investment, net inflows in reporting economy (DRS, current US$)"
FootNote,LBR,BX.KLT.DINV.CD.DT,1974 (YR1974),"Source: United Nations Conference on Trade and Development, Foreign Direct Investment Online database.",Liberia,"Foreign direct investment, net inflows in reporting economy (DRS, current US$)"
FootNote,LBR,BX.KLT.DINV.CD.DT,1970 (YR1970),"Source: United Nations Conference on Trade and Development, Foreign Direct Investment Online database.",Liberia,"Foreign direct investment, net inflows in reporting economy (DRS, current US$)"
FootNote,LBR,BX.KLT.DINV.CD.DT,1980 (YR1980),"Source: United Nations Conference on Trade and Development, Foreign Direct Investment Online database.",Liberia,"Foreign direct investment, net inflows in reporting economy (DRS, current US$)"
FootNote,LBR,BX.KLT.DINV.CD.DT,1976 (YR1976),"Source: United Nations Conference on Trade and Development, Foreign Direct Investment Online database.",Liberia,"Foreign direct investment, net inflows in reporting economy (DRS, current US$)"
FootNote,LBR,BX.KLT.DINV.CD.DT,1981 (YR1981),"Source: United Nations Conference on Trade and Development, Foreign Direct Investment Online database.",Liberia,"Foreign direct investment, net inflows in reporting economy (DRS, current US$)"
FootNote,LBR,BX.KLT.DINV.CD.DT,1979 (YR1979),"Source: United Nations Conference on Trade and Development, Foreign Direct Investment Online database.",Liberia,"Foreign direct investment, net inflows in reporting economy (DRS, current US$)"
FootNote,LBR,BX.KLT.DINV.CD.DT,1975 (YR1975),"Source: United Nations Conference on Trade and Development, Foreign Direct Investment Online database.",Liberia,"Foreign direct investment, net inflows in reporting economy (DRS, current US$)"
FootNote,MDG,BN.CAB.XOKA.CD,2024 (YR2024),Gap-filled with countries' balance of payments statistics.,Madagascar,Current account balance (current US$)
FootNote,MDG,BN.CAB.XOKA.CD,2023 (YR2023),Gap-filled with countries' balance of payments statistics.,Madagascar,Current account balance (current US$)
FootNote,MDG,BM.GSR.TOTL.CD,2024 (YR2024),"Data are prepared by World Bank staff based on IMF's Balance of Payments statistics and data releases from central banks, national statistical agencies, and World Bank country desks.",Madagascar,"Imports of goods, services and primary income (current US$)"
FootNote,MDG,BX.GSR.TOTL.CD,2023 (YR2023),Gap-filled with countries' balance of payments statistics.,Madagascar,"Exports of goods, services and primary income (current US$)"
FootNote,MDG,BX.GSR.TOTL.CD,2024 (YR2024),"Data are prepared by World Bank staff based on IMF's Balance of Payments statistics and data releases from central banks, national statistical agencies, and World Bank country desks.",Madagascar,"Exports of goods, services and primary income (current US$)"
FootNote,MDG,BX.TRF.PWKR.CD.DT,2024 (YR2024),"Data on Personal Transfers and Compensation of Employees are prepared by World Bank staff based on IMF's Balance of Payments statistics and data releases from central banks, national statistical agencies, and World Bank country desks.",Madagascar,"Personal transfers and compensation of employees, received (current US$)"
FootNote,MDG,BM.GSR.TOTL.CD,2023 (YR2023),Gap-filled with countries' balance of payments statistics.,Madagascar,"Imports of goods, services and primary income (current US$)"
FootNote,MDG,BX.KLT.DINV.CD.DT,2024 (YR2024),"Source: United Nations Conference on Trade and Development, Foreign Direct Investment Online database.",Madagascar,"Foreign direct investment, net inflows in reporting economy (DRS, current US$)"
FootNote,MDG,BX.TRF.PWKR.CD.DT,2023 (YR2023),"Source: United Nations Conference on Trade and Development, Balance of Payments Online database.",Madagascar,"Personal transfers and compensation of employees, received (current US$)"
FootNote,MDG,BX.KLT.DINV.CD.DT,2023 (YR2023),"Source: United Nations Conference on Trade and Development, Foreign Direct Investment Online database.",Madagascar,"Foreign direct investment, net inflows in reporting economy (DRS, current US$)"
FootNote,MDG,DT.DOD.PVLX.GN.ZS,2009 (YR2009),Data are from debt sustainability analyses for low-income countries. Present value estimates for these countries are for public and publicly guaranteed debt only.,Madagascar,Present value of external debt (% of GNI)
FootNote,MDG,DT.DOD.PVLX.EX.ZS,2009 (YR2009),Data are from debt sustainability analyses for low-income countries. Present value estimates for these countries are for public and publicly guaranteed debt only.,Madagascar,"Present value of external debt (% of exports of goods, services and income)"
FootNote,MDG,DT.DOD.DECT.CD,2006 (YR2006),Data include the effects of MDRI.,Madagascar,"External debt stocks, total (DOD, current US$)"
FootNote,MDG,DT.DFR.DPPG.CD,2006 (YR2006),Data include the effects of MDRI.,Madagascar,Debt forgiveness or reduction (current US$)
FootNote,MDG,BX.KLT.DINV.CD.DT,1986 (YR1986),"Source: United Nations Conference on Trade and Development, Foreign Direct Investment Online database.",Madagascar,"Foreign direct investment, net inflows in reporting economy (DRS, current US$)"
FootNote,MDG,BX.KLT.DINV.CD.DT,1985 (YR1985),"Source: United Nations Conference on Trade and Development, Foreign Direct Investment Online database.",Madagascar,"Foreign direct investment, net inflows in reporting economy (DRS, current US$)"
FootNote,MDG,BX.KLT.DINV.CD.DT,1988 (YR1988),"Source: United Nations Conference on Trade and Development, Foreign Direct Investment Online database.",Madagascar,"Foreign direct investment, net inflows in reporting economy (DRS, current US$)"
FootNote,MDG,BX.KLT.DINV.CD.DT,1987 (YR1987),"Source: United Nations Conference on Trade and Development, Foreign Direct Investment Online database.",Madagascar,"Foreign direct investment, net inflows in reporting economy (DRS, current US$)"
FootNote,MDG,BX.KLT.DINV.CD.DT,1980 (YR1980),"Source: United Nations Conference on Trade and Development, Foreign Direct Investment Online database.",Madagascar,"Foreign direct investment, net inflows in reporting economy (DRS, current US$)"
FootNote,MDG,BX.KLT.DINV.CD.DT,1973 (YR1973),"Source: United Nations Conference on Trade and Development, Foreign Direct Investment Online database.",Madagascar,"Foreign direct investment, net inflows in reporting economy (DRS, current US$)"
FootNote,MDG,BX.KLT.DINV.CD.DT,1983 (YR1983),"Source: United Nations Conference on Trade and Development, Foreign Direct Investment Online database.",Madagascar,"Foreign direct investment, net inflows in reporting economy (DRS, current US$)"
FootNote,MDG,BX.KLT.DINV.CD.DT,1981 (YR1981),"Source: United Nations Conference on Trade and Development, Foreign Direct Investment Online database.",Madagascar,"Foreign direct investment, net inflows in reporting economy (DRS, current US$)"
FootNote,MDG,BX.KLT.DINV.CD.DT,1970 (YR1970),"Source: United Nations Conference on Trade and Development, Foreign Direct Investment Online database.",Madagascar,"Foreign direct investment, net inflows in reporting economy (DRS, current US$)"
FootNote,MDG,BX.KLT.DINV.CD.DT,1982 (YR1982),"Source: United Nations Conference on Trade and Development, Foreign Direct Investment Online database.",Madagascar,"Foreign direct investment, net inflows in reporting economy (DRS, current US$)"
FootNote,MDG,BX.KLT.DINV.CD.DT,1971 (YR1971),"Source: United Nations Conference on Trade and Development, Foreign Direct Investment Online database.",Madagascar,"Foreign direct investment, net inflows in reporting economy (DRS, current US$)"
FootNote,MDG,BX.KLT.DINV.CD.DT,1984 (YR1984),"Source: United Nations Conference on Trade and Development, Foreign Direct Investment Online database.",Madagascar,"Foreign direct investment, net inflows in reporting economy (DRS, current US$)"
FootNote,MDG,BX.KLT.DINV.CD.DT,1972 (YR1972),"Source: United Nations Conference on Trade and Development, Foreign Direct Investment Online database.",Madagascar,"Foreign direct investment, net inflows in reporting economy (DRS, current US$)"
FootNote,MWI,BX.PEF.TOTL.CD.DT,2018 (YR2018),Gap-filled with countries' balance of payments statistics.,Malawi,"Portfolio investment, equity (DRS, current US$)"
FootNote,MWI,BX.PEF.TOTL.CD.DT,2021 (YR2021),Gap-filled with countries' balance of payments statistics.,Malawi,"Portfolio investment, equity (DRS, current US$)"
FootNote,MWI,BX.PEF.TOTL.CD.DT,2020 (YR2020),Gap-filled with countries' balance of payments statistics.,Malawi,"Portfolio investment, equity (DRS, current US$)"
FootNote,MWI,BX.PEF.TOTL.CD.DT,2019 (YR2019),Gap-filled with countries' balance of payments statistics.,Malawi,"Portfolio investment, equity (DRS, current US$)"
FootNote,MWI,BX.KLT.DINV.CD.DT,2024 (YR2024),"Source: United Nations Conference on Trade and Development, Foreign Direct Investment Online database.",Malawi,"Foreign direct investment, net inflows in reporting economy (DRS, current US$)"
FootNote,MWI,BX.TRF.PWKR.CD.DT,2024 (YR2024),"Data on Personal Transfers and Compensation of Employees are prepared by World Bank staff based on IMF's Balance of Payments statistics and data releases from central banks, national statistical agencies, and World Bank country desks.",Malawi,"Personal transfers and compensation of employees, received (current US$)"
FootNote,MWI,BN.CAB.XOKA.CD,2024 (YR2024),Gap-filled with countries' balance of payments statistics.,Malawi,Current account balance (current US$)
FootNote,MWI,BX.GSR.TOTL.CD,2024 (YR2024),Gap-filled with countries' balance of payments statistics.,Malawi,"Exports of goods, services and primary income (current US$)"
FootNote,MWI,BM.GSR.TOTL.CD,2024 (YR2024),Gap-filled with countries' balance of payments statistics.,Malawi,"Imports of goods, services and primary income (current US$)"
FootNote,MWI,DT.DOD.DECT.CD,2010 (YR2010),Data include the effects of Enhanced HIPC Initiative.,Malawi,"External debt stocks, total (DOD, current US$)"
FootNote,MWI,DT.DFR.DPPG.CD,2007 (YR2007),Data include the effects of Enhanced HIPC Initiative.,Malawi,Debt forgiveness or reduction (current US$)
FootNote,MWI,DT.DOD.DECT.CD,2006 (YR2006),Data include the effects of MDRI and Paris Club debt restructuring agreement.,Malawi,"External debt stocks, total (DOD, current US$)"
FootNote,MWI,DT.DFR.DPPG.CD,2006 (YR2006),Data include the effects of MDRI.,Malawi,Debt forgiveness or reduction (current US$)
FootNote,MWI,DT.DOD.PVLX.EX.ZS,2009 (YR2009),Data are from debt sustainability analyses for low-income countries. Present value estimates for these countries are for public and publicly guaranteed debt only.,Malawi,"Present value of external debt (% of exports of goods, services and income)"
FootNote,MWI,DT.DOD.PVLX.GN.ZS,2009 (YR2009),Data are from debt sustainability analyses for low-income countries. Present value estimates for these countries are for public and publicly guaranteed debt only.,Malawi,Present value of external debt (% of GNI)
FootNote,MWI,DT.DOD.DECT.CD,2007 (YR2007),Data include the effects of Enhanced HIPC Initiative.,Malawi,"External debt stocks, total (DOD, current US$)"
FootNote,MWI,DT.DOD.DECT.CD,2008 (YR2008),Data include the effects of Enhanced HIPC Initiative.,Malawi,"External debt stocks, total (DOD, current US$)"
FootNote,MWI,DT.DOD.DECT.CD,2009 (YR2009),Data include the effects of Enhanced HIPC Initiative.,Malawi,"External debt stocks, total (DOD, current US$)"
FootNote,MWI,DT.DFR.DPPG.CD,2008 (YR2008),Data include the effects of Enhanced HIPC Initiative.,Malawi,Debt forgiveness or reduction (current US$)
FootNote,MWI,DT.DFR.DPPG.CD,2009 (YR2009),Data include the effects of Enhanced HIPC Initiative.,Malawi,Debt forgiveness or reduction (current US$)
FootNote,MWI,BX.KLT.DINV.CD.DT,1986 (YR1986),"Source: United Nations Conference on Trade and Development, Foreign Direct Investment Online database.",Malawi,"Foreign direct investment, net inflows in reporting economy (DRS, current US$)"
FootNote,MWI,BX.KLT.DINV.CD.DT,1989 (YR1989),"Source: United Nations Conference on Trade and Development, Foreign Direct Investment Online database.",Malawi,"Foreign direct investment, net inflows in reporting economy (DRS, current US$)"
FootNote,MWI,BX.KLT.DINV.CD.DT,1988 (YR1988),"Source: United Nations Conference on Trade and Development, Foreign Direct Investment Online database.",Malawi,"Foreign direct investment, net inflows in reporting economy (DRS, current US$)"
FootNote,MWI,BX.KLT.DINV.CD.DT,1990 (YR1990),"Source: United Nations Conference on Trade and Development, Foreign Direct Investment Online database.",Malawi,"Foreign direct investment, net inflows in reporting economy (DRS, current US$)"
FootNote,MWI,BX.KLT.DINV.CD.DT,1992 (YR1992),"Source: United Nations Conference on Trade and Development, Foreign Direct Investment Online database.",Malawi,"Foreign direct investment, net inflows in reporting economy (DRS, current US$)"
FootNote,MWI,BX.KLT.DINV.CD.DT,1993 (YR1993),"Source: United Nations Conference on Trade and Development, Foreign Direct Investment Online database.",Malawi,"Foreign direct investment, net inflows in reporting economy (DRS, current US$)"
FootNote,MWI,BX.KLT.DINV.CD.DT,1991 (YR1991),"Source: United Nations Conference on Trade and Development, Foreign Direct Investment Online database.",Malawi,"Foreign direct investment, net inflows in reporting economy (DRS, current US$)"
FootNote,MWI,BX.KLT.DINV.CD.DT,1976 (YR1976),"Source: United Nations Conference on Trade and Development, Foreign Direct Investment Online database.",Malawi,"Foreign direct investment, net inflows in reporting economy (DRS, current US$)"
FootNote,MWI,BX.KLT.DINV.CD.DT,1971 (YR1971),"Source: United Nations Conference on Trade and Development, Foreign Direct Investment Online database.",Malawi,"Foreign direct investment, net inflows in reporting economy (DRS, current US$)"
FootNote,MWI,BX.KLT.DINV.CD.DT,1975 (YR1975),"Source: United Nations Conference on Trade and Development, Foreign Direct Investment Online database.",Malawi,"Foreign direct investment, net inflows in reporting economy (DRS, current US$)"
FootNote,MWI,BX.KLT.DINV.CD.DT,1984 (YR1984),"Source: United Nations Conference on Trade and Development, Foreign Direct Investment Online database.",Malawi,"Foreign direct investment, net inflows in reporting economy (DRS, current US$)"
FootNote,MWI,BX.KLT.DINV.CD.DT,1973 (YR1973),"Source: United Nations Conference on Trade and Development, Foreign Direct Investment Online database.",Malawi,"Foreign direct investment, net inflows in reporting economy (DRS, current US$)"
FootNote,MWI,BX.KLT.DINV.CD.DT,1972 (YR1972),"Source: United Nations Conference on Trade and Development, Foreign Direct Investment Online database.",Malawi,"Foreign direct investment, net inflows in reporting economy (DRS, current US$)"
FootNote,MWI,BX.KLT.DINV.CD.DT,1982 (YR1982),"Source: United Nations Conference on Trade and Development, Foreign Direct Investment Online database.",Malawi,"Foreign direct investment, net inflows in reporting economy (DRS, current US$)"
FootNote,MWI,BX.KLT.DINV.CD.DT,1974 (YR1974),"Source: United Nations Conference on Trade and Development, Foreign Direct Investment Online database.",Malawi,"Foreign direct investment, net inflows in reporting economy (DRS, current US$)"
FootNote,MWI,BX.KLT.DINV.CD.DT,1970 (YR1970),"Source: United Nations Conference on Trade and Development, Foreign Direct Investment Online database.",Malawi,"Foreign direct investment, net inflows in reporting economy (DRS, current US$)"
FootNote,MDV,BX.KLT.DINV.CD.DT,1985 (YR1985),"Source: United Nations Conference on Trade and Development, Foreign Direct Investment Online database.",Maldives,"Foreign direct investment, net inflows in reporting economy (DRS, current US$)"
FootNote,MDV,BX.KLT.DINV.CD.DT,1974 (YR1974),"Source: United Nations Conference on Trade and Development, Foreign Direct Investment Online database.",Maldives,"Foreign direct investment, net inflows in reporting economy (DRS, current US$)"
FootNote,MDV,BX.KLT.DINV.CD.DT,1982 (YR1982),"Source: United Nations Conference on Trade and Development, Foreign Direct Investment Online database.",Maldives,"Foreign direct investment, net inflows in reporting economy (DRS, current US$)"
FootNote,MDV,BX.KLT.DINV.CD.DT,1977 (YR1977),"Source: United Nations Conference on Trade and Development, Foreign Direct Investment Online database.",Maldives,"Foreign direct investment, net inflows in reporting economy (DRS, current US$)"
FootNote,MDV,BX.KLT.DINV.CD.DT,1981 (YR1981),"Source: United Nations Conference on Trade and Development, Foreign Direct Investment Online database.",Maldives,"Foreign direct investment, net inflows in reporting economy (DRS, current US$)"
FootNote,MDV,BX.KLT.DINV.CD.DT,1978 (YR1978),"Source: United Nations Conference on Trade and Development, Foreign Direct Investment Online database.",Maldives,"Foreign direct investment, net inflows in reporting economy (DRS, current US$)"
FootNote,MDV,BX.KLT.DINV.CD.DT,1980 (YR1980),"Source: United Nations Conference on Trade and Development, Foreign Direct Investment Online database.",Maldives,"Foreign direct investment, net inflows in reporting economy (DRS, current US$)"
FootNote,MDV,BX.KLT.DINV.CD.DT,1973 (YR1973),"Source: United Nations Conference on Trade and Development, Foreign Direct Investment Online database.",Maldives,"Foreign direct investment, net inflows in reporting economy (DRS, current US$)"
FootNote,MDV,BX.KLT.DINV.CD.DT,1975 (YR1975),"Source: United Nations Conference on Trade and Development, Foreign Direct Investment Online database.",Maldives,"Foreign direct investment, net inflows in reporting economy (DRS, current US$)"
FootNote,MDV,BX.KLT.DINV.CD.DT,1976 (YR1976),"Source: United Nations Conference on Trade and Development, Foreign Direct Investment Online database.",Maldives,"Foreign direct investment, net inflows in reporting economy (DRS, current US$)"
FootNote,MDV,BX.KLT.DINV.CD.DT,1983 (YR1983),"Source: United Nations Conference on Trade and Development, Foreign Direct Investment Online database.",Maldives,"Foreign direct investment, net inflows in reporting economy (DRS, current US$)"
FootNote,MDV,BX.KLT.DINV.CD.DT,1979 (YR1979),"Source: United Nations Conference on Trade and Development, Foreign Direct Investment Online database.",Maldives,"Foreign direct investment, net inflows in reporting economy (DRS, current US$)"
FootNote,MDV,BX.KLT.DINV.CD.DT,1984 (YR1984),"Source: United Nations Conference on Trade and Development, Foreign Direct Investment Online database.",Maldives,"Foreign direct investment, net inflows in reporting economy (DRS, current US$)"
FootNote,MLI,BX.TRF.PWKR.CD.DT,2024 (YR2024),"Data on Personal Transfers and Compensation of Employees are prepared by World Bank staff based on IMF's Balance of Payments statistics and data releases from central banks, national statistical agencies, and World Bank country desks.",Mali,"Personal transfers and compensation of employees, received (current US$)"
FootNote,MLI,BX.GSR.TOTL.CD,2024 (YR2024),Gap-filled with countries' balance of payments statistics.,Mali,"Exports of goods, services and primary income (current US$)"
FootNote,MLI,BM.GSR.TOTL.CD,2024 (YR2024),Gap-filled with countries' balance of payments statistics.,Mali,"Imports of goods, services and primary income (current US$)"
FootNote,MLI,BN.CAB.XOKA.CD,2024 (YR2024),Gap-filled with countries' balance of payments statistics.,Mali,Current account balance (current US$)
FootNote,MLI,BX.KLT.DINV.CD.DT,2024 (YR2024),"Source: United Nations Conference on Trade and Development, Foreign Direct Investment Online database.",Mali,"Foreign direct investment, net inflows in reporting economy (DRS, current US$)"
FootNote,MLI,FI.RES.TOTL.CD,2017 (YR2017),Gap-filled with countries' balance of payments statistics.,Mali,"Total reserves (includes gold, current US$)"
FootNote,MLI,DT.DOD.PVLX.GN.ZS,2009 (YR2009),Data are from debt sustainability analyses for low-income countries. Present value estimates for these countries are for public and publicly guaranteed debt only.,Mali,Present value of external debt (% of GNI)
FootNote,MLI,DT.DOD.PVLX.EX.ZS,2009 (YR2009),Data are from debt sustainability analyses for low-income countries. Present value estimates for these countries are for public and publicly guaranteed debt only.,Mali,"Present value of external debt (% of exports of goods, services and income)"
FootNote,MLI,DT.DFR.DPPG.CD,2006 (YR2006),Data include the effects of MDRI.,Mali,Debt forgiveness or reduction (current US$)
FootNote,MLI,DT.DOD.DECT.CD,2006 (YR2006),Data include the effects of MDRI.,Mali,"External debt stocks, total (DOD, current US$)"
FootNote,MLI,FI.RES.TOTL.CD,2004 (YR2004),Gap-filled with countries' balance of payments statistics.,Mali,"Total reserves (includes gold, current US$)"
FootNote,MLI,FI.RES.TOTL.CD,2014 (YR2014),Gap-filled with countries' balance of payments statistics.,Mali,"Total reserves (includes gold, current US$)"
FootNote,MLI,FI.RES.TOTL.CD,2016 (YR2016),Gap-filled with countries' balance of payments statistics.,Mali,"Total reserves (includes gold, current US$)"
FootNote,MLI,FI.RES.TOTL.CD,2012 (YR2012),Gap-filled with countries' balance of payments statistics.,Mali,"Total reserves (includes gold, current US$)"
FootNote,MLI,FI.RES.TOTL.CD,2001 (YR2001),Gap-filled with countries' balance of payments statistics.,Mali,"Total reserves (includes gold, current US$)"
FootNote,MLI,FI.RES.TOTL.CD,2011 (YR2011),Gap-filled with countries' balance of payments statistics.,Mali,"Total reserves (includes gold, current US$)"
FootNote,MLI,FI.RES.TOTL.CD,2015 (YR2015),Gap-filled with countries' balance of payments statistics.,Mali,"Total reserves (includes gold, current US$)"
FootNote,MLI,FI.RES.TOTL.CD,2002 (YR2002),Gap-filled with countries' balance of payments statistics.,Mali,"Total reserves (includes gold, current US$)"
FootNote,MLI,FI.RES.TOTL.CD,2010 (YR2010),Gap-filled with countries' balance of payments statistics.,Mali,"Total reserves (includes gold, current US$)"
FootNote,MLI,FI.RES.TOTL.CD,2003 (YR2003),Gap-filled with countries' balance of payments statistics.,Mali,"Total reserves (includes gold, current US$)"
FootNote,MLI,FI.RES.TOTL.CD,2009 (YR2009),Gap-filled with countries' balance of payments statistics.,Mali,"Total reserves (includes gold, current US$)"
FootNote,MLI,FI.RES.TOTL.CD,2013 (YR2013),Gap-filled with countries' balance of payments statistics.,Mali,"Total reserves (includes gold, current US$)"
FootNote,MLI,FI.RES.TOTL.CD,2008 (YR2008),Gap-filled with countries' balance of payments statistics.,Mali,"Total reserves (includes gold, current US$)"
FootNote,MLI,FI.RES.TOTL.CD,2007 (YR2007),Gap-filled with countries' balance of payments statistics.,Mali,"Total reserves (includes gold, current US$)"
FootNote,MLI,FI.RES.TOTL.CD,2006 (YR2006),Gap-filled with countries' balance of payments statistics.,Mali,"Total reserves (includes gold, current US$)"
FootNote,MLI,FI.RES.TOTL.CD,2005 (YR2005),Gap-filled with countries' balance of payments statistics.,Mali,"Total reserves (includes gold, current US$)"
FootNote,MLI,FI.RES.TOTL.CD,2000 (YR2000),Gap-filled with countries' balance of payments statistics.,Mali,"Total reserves (includes gold, current US$)"
FootNote,MLI,BX.KLT.DINV.CD.DT,1974 (YR1974),"Source: United Nations Conference on Trade and Development, Foreign Direct Investment Online database.",Mali,"Foreign direct investment, net inflows in reporting economy (DRS, current US$)"
FootNote,MLI,BX.KLT.DINV.CD.DT,1972 (YR1972),"Source: United Nations Conference on Trade and Development, Foreign Direct Investment Online database.",Mali,"Foreign direct investment, net inflows in reporting economy (DRS, current US$)"
FootNote,MLI,BX.KLT.DINV.CD.DT,1971 (YR1971),"Source: United Nations Conference on Trade and Development, Foreign Direct Investment Online database.",Mali,"Foreign direct investment, net inflows in reporting economy (DRS, current US$)"
FootNote,MLI,BX.KLT.DINV.CD.DT,1979 (YR1979),"Source: United Nations Conference on Trade and Development, Foreign Direct Investment Online database.",Mali,"Foreign direct investment, net inflows in reporting economy (DRS, current US$)"
FootNote,MLI,BX.KLT.DINV.CD.DT,1973 (YR1973),"Source: United Nations Conference on Trade and Development, Foreign Direct Investment Online database.",Mali,"Foreign direct investment, net inflows in reporting economy (DRS, current US$)"
FootNote,MRT,BX.GSR.TOTL.CD,2009 (YR2009),"Source: United Nations Conference on Trade and Development, Balance of Payments Online database.",Mauritania,"Exports of goods, services and primary income (current US$)"
FootNote,MRT,BX.GSR.TOTL.CD,2010 (YR2010),"Source: United Nations Conference on Trade and Development, Balance of Payments Online database.",Mauritania,"Exports of goods, services and primary income (current US$)"
FootNote,MRT,BX.GSR.TOTL.CD,2006 (YR2006),"Source: United Nations Conference on Trade and Development, Balance of Payments Online database.",Mauritania,"Exports of goods, services and primary income (current US$)"
FootNote,MRT,BX.GSR.TOTL.CD,2005 (YR2005),"Source: United Nations Conference on Trade and Development, Balance of Payments Online database.",Mauritania,"Exports of goods, services and primary income (current US$)"
FootNote,MRT,BX.GSR.TOTL.CD,2008 (YR2008),"Source: United Nations Conference on Trade and Development, Balance of Payments Online database.",Mauritania,"Exports of goods, services and primary income (current US$)"
FootNote,MRT,BX.GSR.TOTL.CD,2007 (YR2007),"Source: United Nations Conference on Trade and Development, Balance of Payments Online database.",Mauritania,"Exports of goods, services and primary income (current US$)"
FootNote,MRT,BX.GSR.TOTL.CD,2011 (YR2011),"Source: United Nations Conference on Trade and Development, Balance of Payments Online database.",Mauritania,"Exports of goods, services and primary income (current US$)"
FootNote,MRT,BM.GSR.TOTL.CD,2010 (YR2010),"Source: United Nations Conference on Trade and Development, Balance of Payments Online database.",Mauritania,"Imports of goods, services and primary income (current US$)"
FootNote,MRT,BM.GSR.TOTL.CD,2008 (YR2008),"Source: United Nations Conference on Trade and Development, Balance of Payments Online database.",Mauritania,"Imports of goods, services and primary income (current US$)"
FootNote,MRT,BM.GSR.TOTL.CD,2009 (YR2009),"Source: United Nations Conference on Trade and Development, Balance of Payments Online database.",Mauritania,"Imports of goods, services and primary income (current US$)"
FootNote,MRT,BM.GSR.TOTL.CD,2007 (YR2007),"Source: United Nations Conference on Trade and Development, Balance of Payments Online database.",Mauritania,"Imports of goods, services and primary income (current US$)"
FootNote,MRT,BM.GSR.TOTL.CD,2006 (YR2006),"Source: United Nations Conference on Trade and Development, Balance of Payments Online database.",Mauritania,"Imports of goods, services and primary income (current US$)"
FootNote,MRT,BN.CAB.XOKA.CD,2009 (YR2009),"Source: United Nations Conference on Trade and Development, Balance of Payments Online database.",Mauritania,Current account balance (current US$)
FootNote,MRT,BN.CAB.XOKA.CD,2005 (YR2005),"Source: United Nations Conference on Trade and Development, Balance of Payments Online database.",Mauritania,Current account balance (current US$)
FootNote,MRT,BN.CAB.XOKA.CD,2001 (YR2001),"Source: United Nations Conference on Trade and Development, Balance of Payments Online database.",Mauritania,Current account balance (current US$)
FootNote,MRT,BN.CAB.XOKA.CD,2002 (YR2002),"Source: United Nations Conference on Trade and Development, Balance of Payments Online database.",Mauritania,Current account balance (current US$)
FootNote,MRT,BN.CAB.XOKA.CD,2007 (YR2007),"Source: United Nations Conference on Trade and Development, Balance of Payments Online database.",Mauritania,Current account balance (current US$)
FootNote,MRT,BN.CAB.XOKA.CD,2003 (YR2003),"Source: United Nations Conference on Trade and Development, Balance of Payments Online database.",Mauritania,Current account balance (current US$)
FootNote,MRT,BN.CAB.XOKA.CD,2011 (YR2011),"Source: United Nations Conference on Trade and Development, Balance of Payments Online database.",Mauritania,Current account balance (current US$)
FootNote,MRT,BN.CAB.XOKA.CD,2010 (YR2010),"Source: United Nations Conference on Trade and Development, Balance of Payments Online database.",Mauritania,Current account balance (current US$)
FootNote,MRT,BN.CAB.XOKA.CD,2006 (YR2006),"Source: United Nations Conference on Trade and Development, Balance of Payments Online database.",Mauritania,Current account balance (current US$)
FootNote,MRT,BN.CAB.XOKA.CD,2008 (YR2008),"Source: United Nations Conference on Trade and Development, Balance of Payments Online database.",Mauritania,Current account balance (current US$)
FootNote,MRT,BN.CAB.XOKA.CD,2004 (YR2004),"Source: United Nations Conference on Trade and Development, Balance of Payments Online database.",Mauritania,Current account balance (current US$)
FootNote,MRT,DT.DOD.PVLX.GN.ZS,2009 (YR2009),Data are from debt sustainability analyses for low-income countries. Present value estimates for these countries are for public and publicly guaranteed debt only.,Mauritania,Present value of external debt (% of GNI)
FootNote,MRT,DT.DOD.PVLX.EX.ZS,2009 (YR2009),Data are from debt sustainability analyses for low-income countries. Present value estimates for these countries are for public and publicly guaranteed debt only.,Mauritania,"Present value of external debt (% of exports of goods, services and income)"
FootNote,MRT,DT.DOD.DECT.CD,2006 (YR2006),Data include the effects of MDRI.,Mauritania,"External debt stocks, total (DOD, current US$)"
FootNote,MRT,DT.DFR.DPPG.CD,2006 (YR2006),Data include the effects of MDRI.,Mauritania,Debt forgiveness or reduction (current US$)
FootNote,MRT,BM.GSR.TOTL.CD,2011 (YR2011),"Source: United Nations Conference on Trade and Development, Balance of Payments Online database.",Mauritania,"Imports of goods, services and primary income (current US$)"
FootNote,MRT,BM.GSR.TOTL.CD,2005 (YR2005),"Source: United Nations Conference on Trade and Development, Balance of Payments Online database.",Mauritania,"Imports of goods, services and primary income (current US$)"
FootNote,MRT,BX.TRF.PWKR.CD.DT,2010 (YR2010),"Source: United Nations Conference on Trade and Development, Balance of Payments Online database.",Mauritania,"Personal transfers and compensation of employees, received (current US$)"
FootNote,MRT,BX.TRF.PWKR.CD.DT,2015 (YR2015),"Source: United Nations Conference on Trade and Development, Balance of Payments Online database.",Mauritania,"Personal transfers and compensation of employees, received (current US$)"
FootNote,MRT,BX.TRF.PWKR.CD.DT,2011 (YR2011),"Source: United Nations Conference on Trade and Development, Balance of Payments Online database.",Mauritania,"Personal transfers and compensation of employees, received (current US$)"
FootNote,MRT,BX.KLT.DINV.CD.DT,2005 (YR2005),"Source: United Nations Conference on Trade and Development, Foreign Direct Investment Online database.",Mauritania,"Foreign direct investment, net inflows in reporting economy (DRS, current US$)"
FootNote,MRT,BX.TRF.PWKR.CD.DT,2012 (YR2012),"Source: United Nations Conference on Trade and Development, Balance of Payments Online database.",Mauritania,"Personal transfers and compensation of employees, received (current US$)"
FootNote,MRT,BX.KLT.DINV.CD.DT,2004 (YR2004),"Source: United Nations Conference on Trade and Development, Foreign Direct Investment Online database.",Mauritania,"Foreign direct investment, net inflows in reporting economy (DRS, current US$)"
FootNote,MRT,BX.TRF.PWKR.CD.DT,2016 (YR2016),"Source: United Nations Conference on Trade and Development, Balance of Payments Online database.",Mauritania,"Personal transfers and compensation of employees, received (current US$)"
FootNote,MRT,BX.TRF.PWKR.CD.DT,2013 (YR2013),"Source: United Nations Conference on Trade and Development, Balance of Payments Online database.",Mauritania,"Personal transfers and compensation of employees, received (current US$)"
FootNote,MRT,BX.TRF.PWKR.CD.DT,2014 (YR2014),"Source: United Nations Conference on Trade and Development, Balance of Payments Online database.",Mauritania,"Personal transfers and compensation of employees, received (current US$)"
FootNote,MRT,BX.KLT.DINV.CD.DT,2007 (YR2007),"Source: United Nations Conference on Trade and Development, Foreign Direct Investment Online database.",Mauritania,"Foreign direct investment, net inflows in reporting economy (DRS, current US$)"
FootNote,MRT,BX.KLT.DINV.CD.DT,2003 (YR2003),"Source: United Nations Conference on Trade and Development, Foreign Direct Investment Online database.",Mauritania,"Foreign direct investment, net inflows in reporting economy (DRS, current US$)"
FootNote,MRT,BX.KLT.DINV.CD.DT,2008 (YR2008),"Source: United Nations Conference on Trade and Development, Foreign Direct Investment Online database.",Mauritania,"Foreign direct investment, net inflows in reporting economy (DRS, current US$)"
FootNote,MRT,BX.KLT.DINV.CD.DT,2006 (YR2006),"Source: United Nations Conference on Trade and Development, Foreign Direct Investment Online database.",Mauritania,"Foreign direct investment, net inflows in reporting economy (DRS, current US$)"
FootNote,MRT,BX.KLT.DINV.CD.DT,2009 (YR2009),"Source: United Nations Conference on Trade and Development, Foreign Direct Investment Online database.",Mauritania,"Foreign direct investment, net inflows in reporting economy (DRS, current US$)"
FootNote,MRT,BX.KLT.DINV.CD.DT,2011 (YR2011),"Source: United Nations Conference on Trade and Development, Foreign Direct Investment Online database.",Mauritania,"Foreign direct investment, net inflows in reporting economy (DRS, current US$)"
FootNote,MRT,BX.KLT.DINV.CD.DT,2002 (YR2002),"Source: United Nations Conference on Trade and Development, Foreign Direct Investment Online database.",Mauritania,"Foreign direct investment, net inflows in reporting economy (DRS, current US$)"
FootNote,MRT,BX.KLT.DINV.CD.DT,2010 (YR2010),"Source: United Nations Conference on Trade and Development, Foreign Direct Investment Online database.",Mauritania,"Foreign direct investment, net inflows in reporting economy (DRS, current US$)"
FootNote,MRT,BX.KLT.DINV.CD.DT,2001 (YR2001),"Source: United Nations Conference on Trade and Development, Foreign Direct Investment Online database.",Mauritania,"Foreign direct investment, net inflows in reporting economy (DRS, current US$)"
FootNote,MRT,BN.CAB.XOKA.CD,2000 (YR2000),"Source: United Nations Conference on Trade and Development, Balance of Payments Online database.",Mauritania,Current account balance (current US$)
FootNote,MRT,BX.KLT.DINV.CD.DT,2000 (YR2000),"Source: United Nations Conference on Trade and Development, Foreign Direct Investment Online database.",Mauritania,"Foreign direct investment, net inflows in reporting economy (DRS, current US$)"
FootNote,MRT,BX.KLT.DINV.CD.DT,1996 (YR1996),"Source: United Nations Conference on Trade and Development, Foreign Direct Investment Online database.",Mauritania,"Foreign direct investment, net inflows in reporting economy (DRS, current US$)"
FootNote,MRT,BX.KLT.DINV.CD.DT,1999 (YR1999),"Source: United Nations Conference on Trade and Development, Foreign Direct Investment Online database.",Mauritania,"Foreign direct investment, net inflows in reporting economy (DRS, current US$)"
FootNote,MRT,BX.KLT.DINV.CD.DT,1997 (YR1997),"Source: United Nations Conference on Trade and Development, Foreign Direct Investment Online database.",Mauritania,"Foreign direct investment, net inflows in reporting economy (DRS, current US$)"
FootNote,MRT,BX.KLT.DINV.CD.DT,1971 (YR1971),"Source: United Nations Conference on Trade and Development, Foreign Direct Investment Online database.",Mauritania,"Foreign direct investment, net inflows in reporting economy (DRS, current US$)"
FootNote,MRT,BX.KLT.DINV.CD.DT,1970 (YR1970),"Source: United Nations Conference on Trade and Development, Foreign Direct Investment Online database.",Mauritania,"Foreign direct investment, net inflows in reporting economy (DRS, current US$)"
FootNote,MRT,BX.KLT.DINV.CD.DT,1974 (YR1974),"Source: United Nations Conference on Trade and Development, Foreign Direct Investment Online database.",Mauritania,"Foreign direct investment, net inflows in reporting economy (DRS, current US$)"
FootNote,MRT,BX.KLT.DINV.CD.DT,1972 (YR1972),"Source: United Nations Conference on Trade and Development, Foreign Direct Investment Online database.",Mauritania,"Foreign direct investment, net inflows in reporting economy (DRS, current US$)"
FootNote,MRT,BX.KLT.DINV.CD.DT,1973 (YR1973),"Source: United Nations Conference on Trade and Development, Foreign Direct Investment Online database.",Mauritania,"Foreign direct investment, net inflows in reporting economy (DRS, current US$)"
FootNote,MUS,SP.POP.TOTL,2017 (YR2017),Excluding Agalega and St. Brandon.,Mauritius,"Population, total"
FootNote,MUS,SP.POP.TOTL,2019 (YR2019),Excluding Agalega and St. Brandon.,Mauritius,"Population, total"
FootNote,MUS,SP.POP.TOTL,2018 (YR2018),Excluding Agalega and St. Brandon.,Mauritius,"Population, total"
FootNote,MUS,BX.KLT.DINV.CD.DT,2018 (YR2018),"Source: United Nations Conference on Trade and Development, Foreign Direct Investment Online database.",Mauritius,"Foreign direct investment, net inflows in reporting economy (DRS, current US$)"
FootNote,MUS,BX.KLT.DINV.CD.DT,2021 (YR2021),"Source: United Nations Conference on Trade and Development, Foreign Direct Investment Online database.",Mauritius,"Foreign direct investment, net inflows in reporting economy (DRS, current US$)"
FootNote,MUS,BX.KLT.DINV.CD.DT,2019 (YR2019),"Source: United Nations Conference on Trade and Development, Foreign Direct Investment Online database.",Mauritius,"Foreign direct investment, net inflows in reporting economy (DRS, current US$)"
FootNote,MUS,BX.KLT.DINV.CD.DT,2017 (YR2017),"Source: United Nations Conference on Trade and Development, Foreign Direct Investment Online database.",Mauritius,"Foreign direct investment, net inflows in reporting economy (DRS, current US$)"
FootNote,MUS,BX.KLT.DINV.CD.DT,2024 (YR2024),"Source: United Nations Conference on Trade and Development, Foreign Direct Investment Online database.",Mauritius,"Foreign direct investment, net inflows in reporting economy (DRS, current US$)"
FootNote,MUS,BX.KLT.DINV.CD.DT,2023 (YR2023),"Source: United Nations Conference on Trade and Development, Foreign Direct Investment Online database.",Mauritius,"Foreign direct investment, net inflows in reporting economy (DRS, current US$)"
FootNote,MUS,BX.KLT.DINV.CD.DT,2020 (YR2020),"Source: United Nations Conference on Trade and Development, Foreign Direct Investment Online database.",Mauritius,"Foreign direct investment, net inflows in reporting economy (DRS, current US$)"
FootNote,MUS,BX.KLT.DINV.CD.DT,2022 (YR2022),"Source: United Nations Conference on Trade and Development, Foreign Direct Investment Online database.",Mauritius,"Foreign direct investment, net inflows in reporting economy (DRS, current US$)"
FootNote,MUS,BX.KLT.DINV.CD.DT,2010 (YR2010),"Source: United Nations Conference on Trade and Development, Foreign Direct Investment Online database.",Mauritius,"Foreign direct investment, net inflows in reporting economy (DRS, current US$)"
FootNote,MUS,BX.KLT.DINV.CD.DT,2012 (YR2012),"Source: United Nations Conference on Trade and Development, Foreign Direct Investment Online database.",Mauritius,"Foreign direct investment, net inflows in reporting economy (DRS, current US$)"
FootNote,MUS,BX.KLT.DINV.CD.DT,2014 (YR2014),"Source: United Nations Conference on Trade and Development, Foreign Direct Investment Online database.",Mauritius,"Foreign direct investment, net inflows in reporting economy (DRS, current US$)"
FootNote,MUS,BX.KLT.DINV.CD.DT,2016 (YR2016),"Source: United Nations Conference on Trade and Development, Foreign Direct Investment Online database.",Mauritius,"Foreign direct investment, net inflows in reporting economy (DRS, current US$)"
FootNote,MUS,BX.KLT.DINV.CD.DT,2011 (YR2011),"Source: United Nations Conference on Trade and Development, Foreign Direct Investment Online database.",Mauritius,"Foreign direct investment, net inflows in reporting economy (DRS, current US$)"
FootNote,MUS,BX.KLT.DINV.CD.DT,2015 (YR2015),"Source: United Nations Conference on Trade and Development, Foreign Direct Investment Online database.",Mauritius,"Foreign direct investment, net inflows in reporting economy (DRS, current US$)"
FootNote,MUS,BX.KLT.DINV.CD.DT,2013 (YR2013),"Source: United Nations Conference on Trade and Development, Foreign Direct Investment Online database.",Mauritius,"Foreign direct investment, net inflows in reporting economy (DRS, current US$)"
FootNote,MUS,SP.POP.TOTL,2004 (YR2004),Excluding Agalega and St. Brandon.,Mauritius,"Population, total"
FootNote,MUS,SP.POP.TOTL,2005 (YR2005),Excluding Agalega and St. Brandon.,Mauritius,"Population, total"
FootNote,MUS,SP.POP.TOTL,2008 (YR2008),Excluding Agalega and St. Brandon.,Mauritius,"Population, total"
FootNote,MUS,SP.POP.TOTL,2007 (YR2007),Excluding Agalega and St. Brandon.,Mauritius,"Population, total"
FootNote,MUS,SP.POP.TOTL,2002 (YR2002),Excluding Agalega and St. Brandon.,Mauritius,"Population, total"
FootNote,MUS,SP.POP.TOTL,2001 (YR2001),Excluding Agalega and St. Brandon.,Mauritius,"Population, total"
FootNote,MUS,SP.POP.TOTL,2006 (YR2006),Excluding Agalega and St. Brandon.,Mauritius,"Population, total"
FootNote,MUS,SP.POP.TOTL,2009 (YR2009),Excluding Agalega and St. Brandon.,Mauritius,"Population, total"
FootNote,MUS,SP.POP.TOTL,2003 (YR2003),Excluding Agalega and St. Brandon.,Mauritius,"Population, total"
FootNote,MUS,SP.POP.TOTL,2016 (YR2016),Excluding Agalega and St. Brandon.,Mauritius,"Population, total"
FootNote,MUS,SP.POP.TOTL,2015 (YR2015),Excluding Agalega and St. Brandon.,Mauritius,"Population, total"
FootNote,MUS,SP.POP.TOTL,2014 (YR2014),Excluding Agalega and St. Brandon.,Mauritius,"Population, total"
FootNote,MUS,SP.POP.TOTL,2013 (YR2013),Excluding Agalega and St. Brandon.,Mauritius,"Population, total"
FootNote,MUS,SP.POP.TOTL,2012 (YR2012),Excluding Agalega and St. Brandon.,Mauritius,"Population, total"
FootNote,MUS,SP.POP.TOTL,2011 (YR2011),Excluding Agalega and St. Brandon.,Mauritius,"Population, total"
FootNote,MUS,SP.POP.TOTL,2010 (YR2010),Excluding Agalega and St. Brandon.,Mauritius,"Population, total"
FootNote,MUS,SP.POP.TOTL,1985 (YR1985),Excluding Agalega and St. Brandon.,Mauritius,"Population, total"
FootNote,MUS,SP.POP.TOTL,1987 (YR1987),Excluding Agalega and St. Brandon.,Mauritius,"Population, total"
FootNote,MUS,SP.POP.TOTL,1986 (YR1986),Excluding Agalega and St. Brandon.,Mauritius,"Population, total"
FootNote,MUS,SP.POP.TOTL,1988 (YR1988),Excluding Agalega and St. Brandon.,Mauritius,"Population, total"
FootNote,MUS,SP.POP.TOTL,1989 (YR1989),Excluding Agalega and St. Brandon.,Mauritius,"Population, total"
FootNote,MUS,SP.POP.TOTL,1997 (YR1997),Excluding Agalega and St. Brandon.,Mauritius,"Population, total"
FootNote,MUS,SP.POP.TOTL,1992 (YR1992),Excluding Agalega and St. Brandon.,Mauritius,"Population, total"
FootNote,MUS,SP.POP.TOTL,1995 (YR1995),Excluding Agalega and St. Brandon.,Mauritius,"Population, total"
FootNote,MUS,SP.POP.TOTL,2000 (YR2000),Excluding Agalega and St. Brandon.,Mauritius,"Population, total"
FootNote,MUS,SP.POP.TOTL,1990 (YR1990),Excluding Agalega and St. Brandon.,Mauritius,"Population, total"
FootNote,MUS,SP.POP.TOTL,1993 (YR1993),Excluding Agalega and St. Brandon.,Mauritius,"Population, total"
FootNote,MUS,SP.POP.TOTL,1994 (YR1994),Excluding Agalega and St. Brandon.,Mauritius,"Population, total"
FootNote,MUS,SP.POP.TOTL,1999 (YR1999),Excluding Agalega and St. Brandon.,Mauritius,"Population, total"
FootNote,MUS,SP.POP.TOTL,1996 (YR1996),Excluding Agalega and St. Brandon.,Mauritius,"Population, total"
FootNote,MUS,SP.POP.TOTL,1991 (YR1991),Excluding Agalega and St. Brandon.,Mauritius,"Population, total"
FootNote,MUS,SP.POP.TOTL,1998 (YR1998),Excluding Agalega and St. Brandon.,Mauritius,"Population, total"
FootNote,MUS,BX.KLT.DINV.CD.DT,1970 (YR1970),"Source: United Nations Conference on Trade and Development, Foreign Direct Investment Online database.",Mauritius,"Foreign direct investment, net inflows in reporting economy (DRS, current US$)"
FootNote,MUS,SP.POP.TOTL,1983 (YR1983),Excluding Agalega and St. Brandon.,Mauritius,"Population, total"
FootNote,MUS,SP.POP.TOTL,1979 (YR1979),Excluding Agalega and St. Brandon.,Mauritius,"Population, total"
FootNote,MUS,SP.POP.TOTL,1980 (YR1980),Excluding Agalega and St. Brandon.,Mauritius,"Population, total"
FootNote,MUS,SP.POP.TOTL,1982 (YR1982),Excluding Agalega and St. Brandon.,Mauritius,"Population, total"
FootNote,MUS,SP.POP.TOTL,1984 (YR1984),Excluding Agalega and St. Brandon.,Mauritius,"Population, total"
FootNote,MUS,SP.POP.TOTL,1981 (YR1981),Excluding Agalega and St. Brandon.,Mauritius,"Population, total"
FootNote,MUS,SP.POP.TOTL,1978 (YR1978),Excluding Agalega and St. Brandon.,Mauritius,"Population, total"
FootNote,MUS,BX.KLT.DINV.CD.DT,1974 (YR1974),"Source: United Nations Conference on Trade and Development, Foreign Direct Investment Online database.",Mauritius,"Foreign direct investment, net inflows in reporting economy (DRS, current US$)"
FootNote,MUS,BX.KLT.DINV.CD.DT,1973 (YR1973),"Source: United Nations Conference on Trade and Development, Foreign Direct Investment Online database.",Mauritius,"Foreign direct investment, net inflows in reporting economy (DRS, current US$)"
FootNote,MUS,BX.KLT.DINV.CD.DT,1972 (YR1972),"Source: United Nations Conference on Trade and Development, Foreign Direct Investment Online database.",Mauritius,"Foreign direct investment, net inflows in reporting economy (DRS, current US$)"
FootNote,MUS,BX.KLT.DINV.CD.DT,1975 (YR1975),"Source: United Nations Conference on Trade and Development, Foreign Direct Investment Online database.",Mauritius,"Foreign direct investment, net inflows in reporting economy (DRS, current US$)"
FootNote,MUS,BX.KLT.DINV.CD.DT,1971 (YR1971),"Source: United Nations Conference on Trade and Development, Foreign Direct Investment Online database.",Mauritius,"Foreign direct investment, net inflows in reporting economy (DRS, current US$)"
FootNote,MEX,DT.DOD.DECT.CD,2009 (YR2009),Adjustments in the stock of debt in 2009 are mainly due to repurchased of $23 billions. PIDIREGAS bonds in 2007 and 2008 were not accounted by the Government until 2009.,Mexico,"External debt stocks, total (DOD, current US$)"
FootNote,MEX,DT.DOD.DPPG.CD,1995 (YR1995),The increase in 1995 in long-term debt includes the stock transfer of the Tesobonos.,Mexico,"External debt stocks, public and publicly guaranteed (PPG) (DOD, current US$)"
FootNote,MEX,BX.KLT.DINV.CD.DT,1971 (YR1971),"Source: United Nations Conference on Trade and Development, Foreign Direct Investment Online database.",Mexico,"Foreign direct investment, net inflows in reporting economy (DRS, current US$)"
FootNote,MEX,BX.KLT.DINV.CD.DT,1970 (YR1970),"Source: United Nations Conference on Trade and Development, Foreign Direct Investment Online database.",Mexico,"Foreign direct investment, net inflows in reporting economy (DRS, current US$)"
FootNote,MEX,BX.KLT.DINV.CD.DT,1974 (YR1974),"Source: United Nations Conference on Trade and Development, Foreign Direct Investment Online database.",Mexico,"Foreign direct investment, net inflows in reporting economy (DRS, current US$)"
FootNote,MEX,BX.KLT.DINV.CD.DT,1978 (YR1978),"Source: United Nations Conference on Trade and Development, Foreign Direct Investment Online database.",Mexico,"Foreign direct investment, net inflows in reporting economy (DRS, current US$)"
FootNote,MEX,BX.KLT.DINV.CD.DT,1973 (YR1973),"Source: United Nations Conference on Trade and Development, Foreign Direct Investment Online database.",Mexico,"Foreign direct investment, net inflows in reporting economy (DRS, current US$)"
FootNote,MEX,BX.KLT.DINV.CD.DT,1976 (YR1976),"Source: United Nations Conference on Trade and Development, Foreign Direct Investment Online database.",Mexico,"Foreign direct investment, net inflows in reporting economy (DRS, current US$)"
FootNote,MEX,BX.KLT.DINV.CD.DT,1977 (YR1977),"Source: United Nations Conference on Trade and Development, Foreign Direct Investment Online database.",Mexico,"Foreign direct investment, net inflows in reporting economy (DRS, current US$)"
FootNote,MEX,BX.KLT.DINV.CD.DT,1972 (YR1972),"Source: United Nations Conference on Trade and Development, Foreign Direct Investment Online database.",Mexico,"Foreign direct investment, net inflows in reporting economy (DRS, current US$)"
FootNote,MEX,BX.KLT.DINV.CD.DT,1975 (YR1975),"Source: United Nations Conference on Trade and Development, Foreign Direct Investment Online database.",Mexico,"Foreign direct investment, net inflows in reporting economy (DRS, current US$)"
FootNote,MDA,SP.POP.TOTL,2019 (YR2019),Extrapolated assuming the same growth rate as previous 6 months.,Moldova,"Population, total"
FootNote,MDA,SP.POP.TOTL,2017 (YR2017),Calculated by National Bureau of Statistics based on the 2014 census.,Moldova,"Population, total"
FootNote,MDA,SP.POP.TOTL,2018 (YR2018),Calculated by National Bureau of Statistics based on the 2014 census. Preliminary.,Moldova,"Population, total"
FootNote,MDA,SP.POP.TOTL,2013 (YR2013),Calculated backwards from 2014 using growth rates of the populaton (not adjusted by the 2014 census) from National Bureau of Statistics.,Moldova,"Population, total"
FootNote,MDA,SP.POP.TOTL,2010 (YR2010),Calculated backwards from 2014 using growth rates of the populaton (not adjusted by the 2014 census) from National Bureau of Statistics.,Moldova,"Population, total"
FootNote,MDA,SP.POP.TOTL,2011 (YR2011),Calculated backwards from 2014 using growth rates of the populaton (not adjusted by the 2014 census) from National Bureau of Statistics.,Moldova,"Population, total"
FootNote,MDA,SP.POP.TOTL,2012 (YR2012),Calculated backwards from 2014 using growth rates of the populaton (not adjusted by the 2014 census) from National Bureau of Statistics.,Moldova,"Population, total"
FootNote,MDA,SP.POP.TOTL,2015 (YR2015),Calculated by National Bureau of Statistics based on the 2014 census.,Moldova,"Population, total"
FootNote,MDA,SP.POP.TOTL,2016 (YR2016),Calculated by National Bureau of Statistics based on the 2014 census.,Moldova,"Population, total"
FootNote,MDA,SP.POP.TOTL,2014 (YR2014),Calculated by National Bureau of Statistics based on the 2014 census.,Moldova,"Population, total"
FootNote,MDA,SP.POP.TOTL,2002 (YR2002),Calculated backwards from 2014 using growth rates of the populaton (not adjusted by the 2014 census) from National Bureau of Statistics.,Moldova,"Population, total"
FootNote,MDA,SP.POP.TOTL,2003 (YR2003),Calculated backwards from 2014 using growth rates of the populaton (not adjusted by the 2014 census) from National Bureau of Statistics.,Moldova,"Population, total"
FootNote,MDA,SP.POP.TOTL,2007 (YR2007),Calculated backwards from 2014 using growth rates of the populaton (not adjusted by the 2014 census) from National Bureau of Statistics.,Moldova,"Population, total"
FootNote,MDA,SP.POP.TOTL,2009 (YR2009),Calculated backwards from 2014 using growth rates of the populaton (not adjusted by the 2014 census) from National Bureau of Statistics.,Moldova,"Population, total"
FootNote,MDA,SP.POP.TOTL,2001 (YR2001),Calculated backwards from 2014 using growth rates of the populaton (not adjusted by the 2014 census) from National Bureau of Statistics.,Moldova,"Population, total"
FootNote,MDA,SP.POP.TOTL,2005 (YR2005),Calculated backwards from 2014 using growth rates of the populaton (not adjusted by the 2014 census) from National Bureau of Statistics.,Moldova,"Population, total"
FootNote,MDA,SP.POP.TOTL,2006 (YR2006),Calculated backwards from 2014 using growth rates of the populaton (not adjusted by the 2014 census) from National Bureau of Statistics.,Moldova,"Population, total"
FootNote,MDA,SP.POP.TOTL,2004 (YR2004),Calculated backwards from 2014 using growth rates of the populaton (not adjusted by the 2014 census) from National Bureau of Statistics.,Moldova,"Population, total"
FootNote,MDA,SP.POP.TOTL,2008 (YR2008),Calculated backwards from 2014 using growth rates of the populaton (not adjusted by the 2014 census) from National Bureau of Statistics.,Moldova,"Population, total"
FootNote,MDA,SP.POP.TOTL,1986 (YR1986),Calculated backwards from 1995 using UN WPP's growth rate for whole Moldova.,Moldova,"Population, total"
FootNote,MDA,SP.POP.TOTL,1989 (YR1989),Calculated backwards from 1995 using UN WPP's growth rate for whole Moldova.,Moldova,"Population, total"
FootNote,MDA,SP.POP.TOTL,1988 (YR1988),Calculated backwards from 1995 using UN WPP's growth rate for whole Moldova.,Moldova,"Population, total"
FootNote,MDA,SP.POP.TOTL,1985 (YR1985),Calculated backwards from 1995 using UN WPP's growth rate for whole Moldova.,Moldova,"Population, total"
FootNote,MDA,SP.POP.TOTL,1987 (YR1987),Calculated backwards from 1995 using UN WPP's growth rate for whole Moldova.,Moldova,"Population, total"
FootNote,MDA,SP.POP.TOTL,1990 (YR1990),Calculated backwards from 1995 using UN WPP's growth rate for whole Moldova.,Moldova,"Population, total"
FootNote,MDA,SP.POP.TOTL,1991 (YR1991),Calculated backwards from 1995 using UN WPP's growth rate for whole Moldova.,Moldova,"Population, total"
FootNote,MDA,SP.POP.TOTL,1994 (YR1994),Calculated backwards from 1995 using UN WPP's growth rate for whole Moldova.,Moldova,"Population, total"
FootNote,MDA,SP.POP.TOTL,1992 (YR1992),Calculated backwards from 1995 using UN WPP's growth rate for whole Moldova.,Moldova,"Population, total"
FootNote,MDA,SP.POP.TOTL,1993 (YR1993),Calculated backwards from 1995 using UN WPP's growth rate for whole Moldova.,Moldova,"Population, total"
FootNote,MDA,SP.POP.TOTL,2000 (YR2000),Calculated backwards from 2014 using growth rates of the populaton (not adjusted by the 2014 census) from National Bureau of Statistics.,Moldova,"Population, total"
FootNote,MDA,SP.POP.TOTL,1996 (YR1996),Calculated backwards from 2014 using growth rates of the populaton (not adjusted by the 2014 census) from National Bureau of Statistics.,Moldova,"Population, total"
FootNote,MDA,SP.POP.TOTL,1997 (YR1997),Calculated backwards from 2014 using growth rates of the populaton (not adjusted by the 2014 census) from National Bureau of Statistics.,Moldova,"Population, total"
FootNote,MDA,SP.POP.TOTL,1995 (YR1995),Calculated backwards from 2014 using growth rates of the populaton (not adjusted by the 2014 census) from National Bureau of Statistics.,Moldova,"Population, total"
FootNote,MDA,SP.POP.TOTL,1999 (YR1999),Calculated backwards from 2014 using growth rates of the populaton (not adjusted by the 2014 census) from National Bureau of Statistics.,Moldova,"Population, total"
FootNote,MDA,SP.POP.TOTL,1998 (YR1998),Calculated backwards from 2014 using growth rates of the populaton (not adjusted by the 2014 census) from National Bureau of Statistics.,Moldova,"Population, total"
FootNote,MDA,BX.KLT.DINV.CD.DT,1993 (YR1993),"Source: United Nations Conference on Trade and Development, Foreign Direct Investment Online database.",Moldova,"Foreign direct investment, net inflows in reporting economy (DRS, current US$)"
FootNote,MDA,BX.KLT.DINV.CD.DT,1992 (YR1992),"Source: United Nations Conference on Trade and Development, Foreign Direct Investment Online database.",Moldova,"Foreign direct investment, net inflows in reporting economy (DRS, current US$)"
FootNote,MDA,SP.POP.TOTL,1973 (YR1973),Calculated backwards from 1995 using UN WPP's growth rate for whole Moldova.,Moldova,"Population, total"
FootNote,MDA,SP.POP.TOTL,1974 (YR1974),Calculated backwards from 1995 using UN WPP's growth rate for whole Moldova.,Moldova,"Population, total"
FootNote,MDA,SP.POP.TOTL,1979 (YR1979),Calculated backwards from 1995 using UN WPP's growth rate for whole Moldova.,Moldova,"Population, total"
FootNote,MDA,SP.POP.TOTL,1970 (YR1970),Calculated backwards from 1995 using UN WPP's growth rate for whole Moldova.,Moldova,"Population, total"
FootNote,MDA,SP.POP.TOTL,1977 (YR1977),Calculated backwards from 1995 using UN WPP's growth rate for whole Moldova.,Moldova,"Population, total"
FootNote,MDA,SP.POP.TOTL,1976 (YR1976),Calculated backwards from 1995 using UN WPP's growth rate for whole Moldova.,Moldova,"Population, total"
FootNote,MDA,SP.POP.TOTL,1975 (YR1975),Calculated backwards from 1995 using UN WPP's growth rate for whole Moldova.,Moldova,"Population, total"
FootNote,MDA,SP.POP.TOTL,1978 (YR1978),Calculated backwards from 1995 using UN WPP's growth rate for whole Moldova.,Moldova,"Population, total"
FootNote,MDA,SP.POP.TOTL,1980 (YR1980),Calculated backwards from 1995 using UN WPP's growth rate for whole Moldova.,Moldova,"Population, total"
FootNote,MDA,SP.POP.TOTL,1982 (YR1982),Calculated backwards from 1995 using UN WPP's growth rate for whole Moldova.,Moldova,"Population, total"
FootNote,MDA,SP.POP.TOTL,1971 (YR1971),Calculated backwards from 1995 using UN WPP's growth rate for whole Moldova.,Moldova,"Population, total"
FootNote,MDA,SP.POP.TOTL,1981 (YR1981),Calculated backwards from 1995 using UN WPP's growth rate for whole Moldova.,Moldova,"Population, total"
FootNote,MDA,SP.POP.TOTL,1984 (YR1984),Calculated backwards from 1995 using UN WPP's growth rate for whole Moldova.,Moldova,"Population, total"
FootNote,MDA,SP.POP.TOTL,1983 (YR1983),Calculated backwards from 1995 using UN WPP's growth rate for whole Moldova.,Moldova,"Population, total"
FootNote,MDA,SP.POP.TOTL,1972 (YR1972),Calculated backwards from 1995 using UN WPP's growth rate for whole Moldova.,Moldova,"Population, total"
FootNote,MNG,BX.KLT.DINV.CD.DT,1986 (YR1986),"Source: United Nations Conference on Trade and Development, Foreign Direct Investment Online database.",Mongolia,"Foreign direct investment, net inflows in reporting economy (DRS, current US$)"
FootNote,MNG,BX.KLT.DINV.CD.DT,1991 (YR1991),"Source: United Nations Conference on Trade and Development, Foreign Direct Investment Online database.",Mongolia,"Foreign direct investment, net inflows in reporting economy (DRS, current US$)"
FootNote,MNE,SP.POP.TOTL,2019 (YR2019),Extrapolated assuming the same growth rate as previous 6 months.,Montenegro,"Population, total"
FootNote,MAR,BX.KLT.DINV.CD.DT,1972 (YR1972),"Source: United Nations Conference on Trade and Development, Foreign Direct Investment Online database.",Morocco,"Foreign direct investment, net inflows in reporting economy (DRS, current US$)"
FootNote,MAR,BX.KLT.DINV.CD.DT,1975 (YR1975),"Source: United Nations Conference on Trade and Development, Foreign Direct Investment Online database.",Morocco,"Foreign direct investment, net inflows in reporting economy (DRS, current US$)"
FootNote,MAR,BX.KLT.DINV.CD.DT,1971 (YR1971),"Source: United Nations Conference on Trade and Development, Foreign Direct Investment Online database.",Morocco,"Foreign direct investment, net inflows in reporting economy (DRS, current US$)"
FootNote,MAR,BX.KLT.DINV.CD.DT,1974 (YR1974),"Source: United Nations Conference on Trade and Development, Foreign Direct Investment Online database.",Morocco,"Foreign direct investment, net inflows in reporting economy (DRS, current US$)"
FootNote,MAR,BX.KLT.DINV.CD.DT,1970 (YR1970),"Source: United Nations Conference on Trade and Development, Foreign Direct Investment Online database.",Morocco,"Foreign direct investment, net inflows in reporting economy (DRS, current US$)"
FootNote,MAR,BX.KLT.DINV.CD.DT,1973 (YR1973),"Source: United Nations Conference on Trade and Development, Foreign Direct Investment Online database.",Morocco,"Foreign direct investment, net inflows in reporting economy (DRS, current US$)"
FootNote,MOZ,BX.KLT.DINV.CD.DT,2004 (YR2004),"Source: United Nations Conference on Trade and Development, Foreign Direct Investment Online database.",Mozambique,"Foreign direct investment, net inflows in reporting economy (DRS, current US$)"
FootNote,MOZ,BX.KLT.DINV.CD.DT,2002 (YR2002),"Source: United Nations Conference on Trade and Development, Foreign Direct Investment Online database.",Mozambique,"Foreign direct investment, net inflows in reporting economy (DRS, current US$)"
FootNote,MOZ,BX.KLT.DINV.CD.DT,2001 (YR2001),"Source: United Nations Conference on Trade and Development, Foreign Direct Investment Online database.",Mozambique,"Foreign direct investment, net inflows in reporting economy (DRS, current US$)"
FootNote,MOZ,BX.KLT.DINV.CD.DT,2003 (YR2003),"Source: United Nations Conference on Trade and Development, Foreign Direct Investment Online database.",Mozambique,"Foreign direct investment, net inflows in reporting economy (DRS, current US$)"
FootNote,MOZ,BX.KLT.DREM.CD.DT,2001 (YR2001),"Source: United Nations Conference on Trade and Development, Balance of Payments Online database.",Mozambique,Primary income on FDI (current US$)
FootNote,MOZ,BX.KLT.DREM.CD.DT,2002 (YR2002),"Source: United Nations Conference on Trade and Development, Balance of Payments Online database.",Mozambique,Primary income on FDI (current US$)
FootNote,MOZ,BX.KLT.DREM.CD.DT,2003 (YR2003),"Source: United Nations Conference on Trade and Development, Balance of Payments Online database.",Mozambique,Primary income on FDI (current US$)
FootNote,MOZ,BX.KLT.DREM.CD.DT,2004 (YR2004),"Source: United Nations Conference on Trade and Development, Balance of Payments Online database.",Mozambique,Primary income on FDI (current US$)
FootNote,MOZ,DT.DOD.DECT.CD,2006 (YR2006),Data include the effects of MDRI.,Mozambique,"External debt stocks, total (DOD, current US$)"
FootNote,MOZ,DT.DFR.DPPG.CD,2006 (YR2006),Data include the effects of MDRI.,Mozambique,Debt forgiveness or reduction (current US$)
FootNote,MOZ,DT.DOD.PVLX.GN.ZS,2009 (YR2009),Data are from debt sustainability analyses for low-income countries. Present value estimates for these countries are for public and publicly guaranteed debt only.,Mozambique,Present value of external debt (% of GNI)
FootNote,MOZ,DT.DOD.PVLX.EX.ZS,2009 (YR2009),Data are from debt sustainability analyses for low-income countries. Present value estimates for these countries are for public and publicly guaranteed debt only.,Mozambique,"Present value of external debt (% of exports of goods, services and income)"
FootNote,MOZ,BN.CAB.XOKA.CD,2002 (YR2002),"Source: United Nations Conference on Trade and Development, Balance of Payments Online database.",Mozambique,Current account balance (current US$)
FootNote,MOZ,BN.CAB.XOKA.CD,2001 (YR2001),"Source: United Nations Conference on Trade and Development, Balance of Payments Online database.",Mozambique,Current account balance (current US$)
FootNote,MOZ,BN.CAB.XOKA.CD,2005 (YR2005),"Source: United Nations Conference on Trade and Development, Balance of Payments Online database.",Mozambique,Current account balance (current US$)
FootNote,MOZ,BN.CAB.XOKA.CD,2004 (YR2004),"Source: United Nations Conference on Trade and Development, Balance of Payments Online database.",Mozambique,Current account balance (current US$)
FootNote,MOZ,BN.CAB.XOKA.CD,2003 (YR2003),"Source: United Nations Conference on Trade and Development, Balance of Payments Online database.",Mozambique,Current account balance (current US$)
FootNote,MOZ,BM.GSR.TOTL.CD,2003 (YR2003),"Source: United Nations Conference on Trade and Development, Balance of Payments Online database.",Mozambique,"Imports of goods, services and primary income (current US$)"
FootNote,MOZ,BM.GSR.TOTL.CD,2002 (YR2002),"Source: United Nations Conference on Trade and Development, Balance of Payments Online database.",Mozambique,"Imports of goods, services and primary income (current US$)"
FootNote,MOZ,BM.GSR.TOTL.CD,2004 (YR2004),"Source: United Nations Conference on Trade and Development, Balance of Payments Online database.",Mozambique,"Imports of goods, services and primary income (current US$)"
FootNote,MOZ,BM.GSR.TOTL.CD,2001 (YR2001),"Source: United Nations Conference on Trade and Development, Balance of Payments Online database.",Mozambique,"Imports of goods, services and primary income (current US$)"
FootNote,MOZ,BX.GSR.TOTL.CD,2002 (YR2002),"Source: United Nations Conference on Trade and Development, Balance of Payments Online database.",Mozambique,"Exports of goods, services and primary income (current US$)"
FootNote,MOZ,BX.GSR.TOTL.CD,2001 (YR2001),"Source: United Nations Conference on Trade and Development, Balance of Payments Online database.",Mozambique,"Exports of goods, services and primary income (current US$)"
FootNote,MOZ,BX.GSR.TOTL.CD,2003 (YR2003),"Source: United Nations Conference on Trade and Development, Balance of Payments Online database.",Mozambique,"Exports of goods, services and primary income (current US$)"
FootNote,MOZ,BX.KLT.DINV.CD.DT,1985 (YR1985),"Source: United Nations Conference on Trade and Development, Foreign Direct Investment Online database.",Mozambique,"Foreign direct investment, net inflows in reporting economy (DRS, current US$)"
FootNote,MOZ,BX.KLT.DINV.CD.DT,2000 (YR2000),"Source: United Nations Conference on Trade and Development, Foreign Direct Investment Online database.",Mozambique,"Foreign direct investment, net inflows in reporting economy (DRS, current US$)"
FootNote,MOZ,BX.GSR.TOTL.CD,2000 (YR2000),"Source: United Nations Conference on Trade and Development, Balance of Payments Online database.",Mozambique,"Exports of goods, services and primary income (current US$)"
FootNote,MOZ,BM.GSR.TOTL.CD,2000 (YR2000),"Source: United Nations Conference on Trade and Development, Balance of Payments Online database.",Mozambique,"Imports of goods, services and primary income (current US$)"
FootNote,MOZ,BX.KLT.DREM.CD.DT,2000 (YR2000),"Source: United Nations Conference on Trade and Development, Balance of Payments Online database.",Mozambique,Primary income on FDI (current US$)
FootNote,MOZ,BN.CAB.XOKA.CD,2000 (YR2000),"Source: United Nations Conference on Trade and Development, Balance of Payments Online database.",Mozambique,Current account balance (current US$)
FootNote,MOZ,BX.KLT.DINV.CD.DT,1975 (YR1975),"Source: United Nations Conference on Trade and Development, Foreign Direct Investment Online database.",Mozambique,"Foreign direct investment, net inflows in reporting economy (DRS, current US$)"
FootNote,MOZ,BX.KLT.DINV.CD.DT,1980 (YR1980),"Source: United Nations Conference on Trade and Development, Foreign Direct Investment Online database.",Mozambique,"Foreign direct investment, net inflows in reporting economy (DRS, current US$)"
FootNote,MOZ,BX.KLT.DINV.CD.DT,1971 (YR1971),"Source: United Nations Conference on Trade and Development, Foreign Direct Investment Online database.",Mozambique,"Foreign direct investment, net inflows in reporting economy (DRS, current US$)"
FootNote,MOZ,BX.KLT.DINV.CD.DT,1979 (YR1979),"Source: United Nations Conference on Trade and Development, Foreign Direct Investment Online database.",Mozambique,"Foreign direct investment, net inflows in reporting economy (DRS, current US$)"
FootNote,MOZ,BX.KLT.DINV.CD.DT,1972 (YR1972),"Source: United Nations Conference on Trade and Development, Foreign Direct Investment Online database.",Mozambique,"Foreign direct investment, net inflows in reporting economy (DRS, current US$)"
FootNote,MOZ,BX.KLT.DINV.CD.DT,1983 (YR1983),"Source: United Nations Conference on Trade and Development, Foreign Direct Investment Online database.",Mozambique,"Foreign direct investment, net inflows in reporting economy (DRS, current US$)"
FootNote,MOZ,BX.KLT.DINV.CD.DT,1977 (YR1977),"Source: United Nations Conference on Trade and Development, Foreign Direct Investment Online database.",Mozambique,"Foreign direct investment, net inflows in reporting economy (DRS, current US$)"
FootNote,MOZ,BX.KLT.DINV.CD.DT,1976 (YR1976),"Source: United Nations Conference on Trade and Development, Foreign Direct Investment Online database.",Mozambique,"Foreign direct investment, net inflows in reporting economy (DRS, current US$)"
FootNote,MOZ,BX.KLT.DINV.CD.DT,1981 (YR1981),"Source: United Nations Conference on Trade and Development, Foreign Direct Investment Online database.",Mozambique,"Foreign direct investment, net inflows in reporting economy (DRS, current US$)"
FootNote,MOZ,BX.KLT.DINV.CD.DT,1974 (YR1974),"Source: United Nations Conference on Trade and Development, Foreign Direct Investment Online database.",Mozambique,"Foreign direct investment, net inflows in reporting economy (DRS, current US$)"
FootNote,MOZ,BX.KLT.DINV.CD.DT,1970 (YR1970),"Source: United Nations Conference on Trade and Development, Foreign Direct Investment Online database.",Mozambique,"Foreign direct investment, net inflows in reporting economy (DRS, current US$)"
FootNote,MOZ,BX.KLT.DINV.CD.DT,1978 (YR1978),"Source: United Nations Conference on Trade and Development, Foreign Direct Investment Online database.",Mozambique,"Foreign direct investment, net inflows in reporting economy (DRS, current US$)"
FootNote,MOZ,BX.KLT.DINV.CD.DT,1984 (YR1984),"Source: United Nations Conference on Trade and Development, Foreign Direct Investment Online database.",Mozambique,"Foreign direct investment, net inflows in reporting economy (DRS, current US$)"
FootNote,MOZ,BX.KLT.DINV.CD.DT,1982 (YR1982),"Source: United Nations Conference on Trade and Development, Foreign Direct Investment Online database.",Mozambique,"Foreign direct investment, net inflows in reporting economy (DRS, current US$)"
FootNote,MOZ,BX.KLT.DINV.CD.DT,1973 (YR1973),"Source: United Nations Conference on Trade and Development, Foreign Direct Investment Online database.",Mozambique,"Foreign direct investment, net inflows in reporting economy (DRS, current US$)"
FootNote,MMR,BN.CAB.XOKA.CD,2024 (YR2024),Gap-filled with countries' balance of payments statistics.,Myanmar,Current account balance (current US$)
FootNote,MMR,BN.CAB.XOKA.CD,2022 (YR2022),Gap-filled with countries' balance of payments statistics.,Myanmar,Current account balance (current US$)
FootNote,MMR,BN.CAB.XOKA.CD,2020 (YR2020),Gap-filled with countries' balance of payments statistics.,Myanmar,Current account balance (current US$)
FootNote,MMR,BN.CAB.XOKA.CD,2023 (YR2023),Gap-filled with countries' balance of payments statistics.,Myanmar,Current account balance (current US$)
FootNote,MMR,BN.CAB.XOKA.CD,2021 (YR2021),Gap-filled with countries' balance of payments statistics.,Myanmar,Current account balance (current US$)
FootNote,MMR,BX.GSR.TOTL.CD,2023 (YR2023),Gap-filled with countries' balance of payments statistics.,Myanmar,"Exports of goods, services and primary income (current US$)"
FootNote,MMR,BX.GSR.TOTL.CD,2024 (YR2024),Gap-filled with countries' balance of payments statistics.,Myanmar,"Exports of goods, services and primary income (current US$)"
FootNote,MMR,BM.GSR.TOTL.CD,2024 (YR2024),Gap-filled with countries' balance of payments statistics.,Myanmar,"Imports of goods, services and primary income (current US$)"
FootNote,MMR,BX.GSR.TOTL.CD,2020 (YR2020),Gap-filled with countries' balance of payments statistics.,Myanmar,"Exports of goods, services and primary income (current US$)"
FootNote,MMR,BX.GSR.TOTL.CD,2021 (YR2021),Gap-filled with countries' balance of payments statistics.,Myanmar,"Exports of goods, services and primary income (current US$)"
FootNote,MMR,BX.GSR.TOTL.CD,2022 (YR2022),Gap-filled with countries' balance of payments statistics.,Myanmar,"Exports of goods, services and primary income (current US$)"
FootNote,MMR,BM.GSR.TOTL.CD,2023 (YR2023),Gap-filled with countries' balance of payments statistics.,Myanmar,"Imports of goods, services and primary income (current US$)"
FootNote,MMR,BM.GSR.TOTL.CD,2022 (YR2022),Gap-filled with countries' balance of payments statistics.,Myanmar,"Imports of goods, services and primary income (current US$)"
FootNote,MMR,BM.GSR.TOTL.CD,2020 (YR2020),Gap-filled with countries' balance of payments statistics.,Myanmar,"Imports of goods, services and primary income (current US$)"
FootNote,MMR,BM.GSR.TOTL.CD,2021 (YR2021),Gap-filled with countries' balance of payments statistics.,Myanmar,"Imports of goods, services and primary income (current US$)"
FootNote,MMR,BX.TRF.PWKR.CD.DT,2020 (YR2020),Gap-filled with countries' balance of payments statistics.,Myanmar,"Personal transfers and compensation of employees, received (current US$)"
FootNote,MMR,BX.TRF.PWKR.CD.DT,2024 (YR2024),Gap-filled with countries' balance of payments statistics.,Myanmar,"Personal transfers and compensation of employees, received (current US$)"
FootNote,MMR,BX.TRF.PWKR.CD.DT,2023 (YR2023),Gap-filled with countries' balance of payments statistics.,Myanmar,"Personal transfers and compensation of employees, received (current US$)"
FootNote,MMR,BX.TRF.PWKR.CD.DT,2021 (YR2021),Gap-filled with countries' balance of payments statistics.,Myanmar,"Personal transfers and compensation of employees, received (current US$)"
FootNote,MMR,BX.TRF.PWKR.CD.DT,2022 (YR2022),Gap-filled with countries' balance of payments statistics.,Myanmar,"Personal transfers and compensation of employees, received (current US$)"
FootNote,MMR,BX.KLT.DINV.CD.DT,2024 (YR2024),"Source: United Nations Conference on Trade and Development, Foreign Direct Investment Online database.",Myanmar,"Foreign direct investment, net inflows in reporting economy (DRS, current US$)"
FootNote,MMR,BX.KLT.DINV.CD.DT,2023 (YR2023),Gap-filled with countries' balance of payments statistics.,Myanmar,"Foreign direct investment, net inflows in reporting economy (DRS, current US$)"
FootNote,MMR,BX.KLT.DINV.CD.DT,2021 (YR2021),Gap-filled with countries' balance of payments statistics.,Myanmar,"Foreign direct investment, net inflows in reporting economy (DRS, current US$)"
FootNote,MMR,BX.KLT.DINV.CD.DT,2020 (YR2020),Gap-filled with countries' balance of payments statistics.,Myanmar,"Foreign direct investment, net inflows in reporting economy (DRS, current US$)"
FootNote,MMR,BX.KLT.DINV.CD.DT,2022 (YR2022),Gap-filled with countries' balance of payments statistics.,Myanmar,"Foreign direct investment, net inflows in reporting economy (DRS, current US$)"
FootNote,MMR,BX.KLT.DINV.CD.DT,1987 (YR1987),"Source: United Nations Conference on Trade and Development, Foreign Direct Investment Online database.",Myanmar,"Foreign direct investment, net inflows in reporting economy (DRS, current US$)"
FootNote,MMR,BX.KLT.DINV.CD.DT,1986 (YR1986),"Source: United Nations Conference on Trade and Development, Foreign Direct Investment Online database.",Myanmar,"Foreign direct investment, net inflows in reporting economy (DRS, current US$)"
FootNote,MMR,BX.KLT.DINV.CD.DT,1983 (YR1983),"Source: United Nations Conference on Trade and Development, Foreign Direct Investment Online database.",Myanmar,"Foreign direct investment, net inflows in reporting economy (DRS, current US$)"
FootNote,MMR,BX.KLT.DINV.CD.DT,1973 (YR1973),"Source: United Nations Conference on Trade and Development, Foreign Direct Investment Online database.",Myanmar,"Foreign direct investment, net inflows in reporting economy (DRS, current US$)"
FootNote,MMR,BX.KLT.DINV.CD.DT,1972 (YR1972),"Source: United Nations Conference on Trade and Development, Foreign Direct Investment Online database.",Myanmar,"Foreign direct investment, net inflows in reporting economy (DRS, current US$)"
FootNote,MMR,BX.KLT.DINV.CD.DT,1977 (YR1977),"Source: United Nations Conference on Trade and Development, Foreign Direct Investment Online database.",Myanmar,"Foreign direct investment, net inflows in reporting economy (DRS, current US$)"
FootNote,MMR,BX.KLT.DINV.CD.DT,1971 (YR1971),"Source: United Nations Conference on Trade and Development, Foreign Direct Investment Online database.",Myanmar,"Foreign direct investment, net inflows in reporting economy (DRS, current US$)"
FootNote,MMR,BX.KLT.DINV.CD.DT,1984 (YR1984),"Source: United Nations Conference on Trade and Development, Foreign Direct Investment Online database.",Myanmar,"Foreign direct investment, net inflows in reporting economy (DRS, current US$)"
FootNote,MMR,BX.KLT.DINV.CD.DT,1974 (YR1974),"Source: United Nations Conference on Trade and Development, Foreign Direct Investment Online database.",Myanmar,"Foreign direct investment, net inflows in reporting economy (DRS, current US$)"
FootNote,MMR,BX.KLT.DINV.CD.DT,1975 (YR1975),"Source: United Nations Conference on Trade and Development, Foreign Direct Investment Online database.",Myanmar,"Foreign direct investment, net inflows in reporting economy (DRS, current US$)"
FootNote,MMR,BX.KLT.DINV.CD.DT,1980 (YR1980),"Source: United Nations Conference on Trade and Development, Foreign Direct Investment Online database.",Myanmar,"Foreign direct investment, net inflows in reporting economy (DRS, current US$)"
FootNote,NPL,DT.DOD.PVLX.GN.ZS,2009 (YR2009),Data are from debt sustainability analyses for low-income countries. Present value estimates for these countries are for public and publicly guaranteed debt only.,Nepal,Present value of external debt (% of GNI)
FootNote,NPL,DT.DOD.PVLX.EX.ZS,2009 (YR2009),Data are from debt sustainability analyses for low-income countries. Present value estimates for these countries are for public and publicly guaranteed debt only.,Nepal,"Present value of external debt (% of exports of goods, services and income)"
FootNote,NPL,BX.KLT.DINV.CD.DT,1990 (YR1990),"Source: United Nations Conference on Trade and Development, Foreign Direct Investment Online database.",Nepal,"Foreign direct investment, net inflows in reporting economy (DRS, current US$)"
FootNote,NPL,BX.KLT.DINV.CD.DT,1991 (YR1991),"Source: United Nations Conference on Trade and Development, Foreign Direct Investment Online database.",Nepal,"Foreign direct investment, net inflows in reporting economy (DRS, current US$)"
FootNote,NPL,BX.KLT.DINV.CD.DT,1999 (YR1999),"Source: United Nations Conference on Trade and Development, Foreign Direct Investment Online database.",Nepal,"Foreign direct investment, net inflows in reporting economy (DRS, current US$)"
FootNote,NPL,BX.KLT.DINV.CD.DT,1986 (YR1986),"Source: United Nations Conference on Trade and Development, Foreign Direct Investment Online database.",Nepal,"Foreign direct investment, net inflows in reporting economy (DRS, current US$)"
FootNote,NPL,BX.KLT.DINV.CD.DT,1988 (YR1988),"Source: United Nations Conference on Trade and Development, Foreign Direct Investment Online database.",Nepal,"Foreign direct investment, net inflows in reporting economy (DRS, current US$)"
FootNote,NPL,BX.KLT.DINV.CD.DT,1987 (YR1987),"Source: United Nations Conference on Trade and Development, Foreign Direct Investment Online database.",Nepal,"Foreign direct investment, net inflows in reporting economy (DRS, current US$)"
FootNote,NPL,BX.KLT.DINV.CD.DT,1989 (YR1989),"Source: United Nations Conference on Trade and Development, Foreign Direct Investment Online database.",Nepal,"Foreign direct investment, net inflows in reporting economy (DRS, current US$)"
FootNote,NPL,BX.KLT.DINV.CD.DT,1985 (YR1985),"Source: United Nations Conference on Trade and Development, Foreign Direct Investment Online database.",Nepal,"Foreign direct investment, net inflows in reporting economy (DRS, current US$)"
FootNote,NPL,BX.KLT.DINV.CD.DT,1983 (YR1983),"Source: United Nations Conference on Trade and Development, Foreign Direct Investment Online database.",Nepal,"Foreign direct investment, net inflows in reporting economy (DRS, current US$)"
FootNote,NPL,BX.KLT.DINV.CD.DT,1979 (YR1979),"Source: United Nations Conference on Trade and Development, Foreign Direct Investment Online database.",Nepal,"Foreign direct investment, net inflows in reporting economy (DRS, current US$)"
FootNote,NPL,BX.KLT.DINV.CD.DT,1980 (YR1980),"Source: United Nations Conference on Trade and Development, Foreign Direct Investment Online database.",Nepal,"Foreign direct investment, net inflows in reporting economy (DRS, current US$)"
FootNote,NPL,BX.KLT.DINV.CD.DT,1974 (YR1974),"Source: United Nations Conference on Trade and Development, Foreign Direct Investment Online database.",Nepal,"Foreign direct investment, net inflows in reporting economy (DRS, current US$)"
FootNote,NPL,BX.KLT.DINV.CD.DT,1981 (YR1981),"Source: United Nations Conference on Trade and Development, Foreign Direct Investment Online database.",Nepal,"Foreign direct investment, net inflows in reporting economy (DRS, current US$)"
FootNote,NPL,BX.KLT.DINV.CD.DT,1972 (YR1972),"Source: United Nations Conference on Trade and Development, Foreign Direct Investment Online database.",Nepal,"Foreign direct investment, net inflows in reporting economy (DRS, current US$)"
FootNote,NPL,BX.KLT.DINV.CD.DT,1973 (YR1973),"Source: United Nations Conference on Trade and Development, Foreign Direct Investment Online database.",Nepal,"Foreign direct investment, net inflows in reporting economy (DRS, current US$)"
FootNote,NPL,BX.KLT.DINV.CD.DT,1977 (YR1977),"Source: United Nations Conference on Trade and Development, Foreign Direct Investment Online database.",Nepal,"Foreign direct investment, net inflows in reporting economy (DRS, current US$)"
FootNote,NPL,BX.KLT.DINV.CD.DT,1978 (YR1978),"Source: United Nations Conference on Trade and Development, Foreign Direct Investment Online database.",Nepal,"Foreign direct investment, net inflows in reporting economy (DRS, current US$)"
FootNote,NPL,BX.KLT.DINV.CD.DT,1982 (YR1982),"Source: United Nations Conference on Trade and Development, Foreign Direct Investment Online database.",Nepal,"Foreign direct investment, net inflows in reporting economy (DRS, current US$)"
FootNote,NPL,BX.KLT.DINV.CD.DT,1976 (YR1976),"Source: United Nations Conference on Trade and Development, Foreign Direct Investment Online database.",Nepal,"Foreign direct investment, net inflows in reporting economy (DRS, current US$)"
FootNote,NPL,BX.KLT.DINV.CD.DT,1984 (YR1984),"Source: United Nations Conference on Trade and Development, Foreign Direct Investment Online database.",Nepal,"Foreign direct investment, net inflows in reporting economy (DRS, current US$)"
FootNote,NIC,DT.DOD.DECT.CD,2006 (YR2006),Data include the effects of MDRI.,Nicaragua,"External debt stocks, total (DOD, current US$)"
FootNote,NIC,DT.DFR.DPPG.CD,2006 (YR2006),Data include the effects of MDRI.,Nicaragua,Debt forgiveness or reduction (current US$)
FootNote,NIC,DT.DOD.PVLX.GN.ZS,2009 (YR2009),Data are from debt sustainability analyses for low-income countries. Present value estimates for these countries are for public and publicly guaranteed debt only.,Nicaragua,Present value of external debt (% of GNI)
FootNote,NIC,DT.DOD.PVLX.EX.ZS,2009 (YR2009),Data are from debt sustainability analyses for low-income countries. Present value estimates for these countries are for public and publicly guaranteed debt only.,Nicaragua,"Present value of external debt (% of exports of goods, services and income)"
FootNote,NIC,BX.KLT.DINV.CD.DT,1987 (YR1987),"Source: United Nations Conference on Trade and Development, Foreign Direct Investment Online database.",Nicaragua,"Foreign direct investment, net inflows in reporting economy (DRS, current US$)"
FootNote,NIC,BX.KLT.DINV.CD.DT,1985 (YR1985),"Source: United Nations Conference on Trade and Development, Foreign Direct Investment Online database.",Nicaragua,"Foreign direct investment, net inflows in reporting economy (DRS, current US$)"
FootNote,NIC,BX.KLT.DINV.CD.DT,1989 (YR1989),"Source: United Nations Conference on Trade and Development, Foreign Direct Investment Online database.",Nicaragua,"Foreign direct investment, net inflows in reporting economy (DRS, current US$)"
FootNote,NIC,BX.KLT.DINV.CD.DT,1986 (YR1986),"Source: United Nations Conference on Trade and Development, Foreign Direct Investment Online database.",Nicaragua,"Foreign direct investment, net inflows in reporting economy (DRS, current US$)"
FootNote,NIC,BX.KLT.DINV.CD.DT,1988 (YR1988),"Source: United Nations Conference on Trade and Development, Foreign Direct Investment Online database.",Nicaragua,"Foreign direct investment, net inflows in reporting economy (DRS, current US$)"
FootNote,NIC,BX.KLT.DINV.CD.DT,1990 (YR1990),"Source: United Nations Conference on Trade and Development, Foreign Direct Investment Online database.",Nicaragua,"Foreign direct investment, net inflows in reporting economy (DRS, current US$)"
FootNote,NIC,BX.KLT.DINV.CD.DT,1991 (YR1991),"Source: United Nations Conference on Trade and Development, Foreign Direct Investment Online database.",Nicaragua,"Foreign direct investment, net inflows in reporting economy (DRS, current US$)"
FootNote,NIC,BX.KLT.DINV.CD.DT,1976 (YR1976),"Source: United Nations Conference on Trade and Development, Foreign Direct Investment Online database.",Nicaragua,"Foreign direct investment, net inflows in reporting economy (DRS, current US$)"
FootNote,NIC,BX.KLT.DINV.CD.DT,1970 (YR1970),"Source: United Nations Conference on Trade and Development, Foreign Direct Investment Online database.",Nicaragua,"Foreign direct investment, net inflows in reporting economy (DRS, current US$)"
FootNote,NIC,BX.KLT.DINV.CD.DT,1980 (YR1980),"Source: United Nations Conference on Trade and Development, Foreign Direct Investment Online database.",Nicaragua,"Foreign direct investment, net inflows in reporting economy (DRS, current US$)"
FootNote,NIC,BX.KLT.DINV.CD.DT,1975 (YR1975),"Source: United Nations Conference on Trade and Development, Foreign Direct Investment Online database.",Nicaragua,"Foreign direct investment, net inflows in reporting economy (DRS, current US$)"
FootNote,NIC,BX.KLT.DINV.CD.DT,1981 (YR1981),"Source: United Nations Conference on Trade and Development, Foreign Direct Investment Online database.",Nicaragua,"Foreign direct investment, net inflows in reporting economy (DRS, current US$)"
FootNote,NIC,BX.KLT.DINV.CD.DT,1972 (YR1972),"Source: United Nations Conference on Trade and Development, Foreign Direct Investment Online database.",Nicaragua,"Foreign direct investment, net inflows in reporting economy (DRS, current US$)"
FootNote,NIC,BX.KLT.DINV.CD.DT,1984 (YR1984),"Source: United Nations Conference on Trade and Development, Foreign Direct Investment Online database.",Nicaragua,"Foreign direct investment, net inflows in reporting economy (DRS, current US$)"
FootNote,NIC,BX.KLT.DINV.CD.DT,1971 (YR1971),"Source: United Nations Conference on Trade and Development, Foreign Direct Investment Online database.",Nicaragua,"Foreign direct investment, net inflows in reporting economy (DRS, current US$)"
FootNote,NIC,BX.KLT.DINV.CD.DT,1973 (YR1973),"Source: United Nations Conference on Trade and Development, Foreign Direct Investment Online database.",Nicaragua,"Foreign direct investment, net inflows in reporting economy (DRS, current US$)"
FootNote,NIC,BX.KLT.DINV.CD.DT,1982 (YR1982),"Source: United Nations Conference on Trade and Development, Foreign Direct Investment Online database.",Nicaragua,"Foreign direct investment, net inflows in reporting economy (DRS, current US$)"
FootNote,NIC,BX.KLT.DINV.CD.DT,1974 (YR1974),"Source: United Nations Conference on Trade and Development, Foreign Direct Investment Online database.",Nicaragua,"Foreign direct investment, net inflows in reporting economy (DRS, current US$)"
FootNote,NER,BX.GSR.TOTL.CD,2024 (YR2024),Gap-filled with countries' balance of payments statistics.,Niger,"Exports of goods, services and primary income (current US$)"
FootNote,NER,BN.CAB.XOKA.CD,2024 (YR2024),Gap-filled with countries' balance of payments statistics.,Niger,Current account balance (current US$)
FootNote,NER,BX.TRF.PWKR.CD.DT,2024 (YR2024),"Data on Personal Transfers and Compensation of Employees are prepared by World Bank staff based on IMF's Balance of Payments statistics and data releases from central banks, national statistical agencies, and World Bank country desks.",Niger,"Personal transfers and compensation of employees, received (current US$)"
FootNote,NER,BM.GSR.TOTL.CD,2024 (YR2024),Gap-filled with countries' balance of payments statistics.,Niger,"Imports of goods, services and primary income (current US$)"
FootNote,NER,BX.KLT.DINV.CD.DT,2024 (YR2024),"Source: United Nations Conference on Trade and Development, Foreign Direct Investment Online database.",Niger,"Foreign direct investment, net inflows in reporting economy (DRS, current US$)"
FootNote,NER,FI.RES.TOTL.CD,2017 (YR2017),Gap-filled with countries' balance of payments statistics.,Niger,"Total reserves (includes gold, current US$)"
FootNote,NER,DT.DOD.PVLX.EX.ZS,2009 (YR2009),Data are from debt sustainability analyses for low-income countries. Present value estimates for these countries are for public and publicly guaranteed debt only.,Niger,"Present value of external debt (% of exports of goods, services and income)"
FootNote,NER,DT.DOD.PVLX.GN.ZS,2009 (YR2009),Data are from debt sustainability analyses for low-income countries. Present value estimates for these countries are for public and publicly guaranteed debt only.,Niger,Present value of external debt (% of GNI)
FootNote,NER,DT.DFR.DPPG.CD,2006 (YR2006),Data include the effects of MDRI.,Niger,Debt forgiveness or reduction (current US$)
FootNote,NER,DT.DOD.DECT.CD,2006 (YR2006),Data include the effects of MDRI.,Niger,"External debt stocks, total (DOD, current US$)"
FootNote,NER,FI.RES.TOTL.CD,2001 (YR2001),Gap-filled with countries' balance of payments statistics.,Niger,"Total reserves (includes gold, current US$)"
FootNote,NER,FI.RES.TOTL.CD,2009 (YR2009),Gap-filled with countries' balance of payments statistics.,Niger,"Total reserves (includes gold, current US$)"
FootNote,NER,FI.RES.TOTL.CD,2002 (YR2002),Gap-filled with countries' balance of payments statistics.,Niger,"Total reserves (includes gold, current US$)"
FootNote,NER,FI.RES.TOTL.CD,2005 (YR2005),Gap-filled with countries' balance of payments statistics.,Niger,"Total reserves (includes gold, current US$)"
FootNote,NER,FI.RES.TOTL.CD,2007 (YR2007),Gap-filled with countries' balance of payments statistics.,Niger,"Total reserves (includes gold, current US$)"
FootNote,NER,FI.RES.TOTL.CD,2015 (YR2015),Gap-filled with countries' balance of payments statistics.,Niger,"Total reserves (includes gold, current US$)"
FootNote,NER,FI.RES.TOTL.CD,2010 (YR2010),Gap-filled with countries' balance of payments statistics.,Niger,"Total reserves (includes gold, current US$)"
FootNote,NER,FI.RES.TOTL.CD,2006 (YR2006),Gap-filled with countries' balance of payments statistics.,Niger,"Total reserves (includes gold, current US$)"
FootNote,NER,FI.RES.TOTL.CD,2008 (YR2008),Gap-filled with countries' balance of payments statistics.,Niger,"Total reserves (includes gold, current US$)"
FootNote,NER,FI.RES.TOTL.CD,2003 (YR2003),Gap-filled with countries' balance of payments statistics.,Niger,"Total reserves (includes gold, current US$)"
FootNote,NER,FI.RES.TOTL.CD,2011 (YR2011),Gap-filled with countries' balance of payments statistics.,Niger,"Total reserves (includes gold, current US$)"
FootNote,NER,FI.RES.TOTL.CD,2012 (YR2012),Gap-filled with countries' balance of payments statistics.,Niger,"Total reserves (includes gold, current US$)"
FootNote,NER,FI.RES.TOTL.CD,2014 (YR2014),Gap-filled with countries' balance of payments statistics.,Niger,"Total reserves (includes gold, current US$)"
FootNote,NER,FI.RES.TOTL.CD,2013 (YR2013),Gap-filled with countries' balance of payments statistics.,Niger,"Total reserves (includes gold, current US$)"
FootNote,NER,FI.RES.TOTL.CD,2016 (YR2016),Gap-filled with countries' balance of payments statistics.,Niger,"Total reserves (includes gold, current US$)"
FootNote,NER,FI.RES.TOTL.CD,2004 (YR2004),Gap-filled with countries' balance of payments statistics.,Niger,"Total reserves (includes gold, current US$)"
FootNote,NER,FI.RES.TOTL.CD,2000 (YR2000),Gap-filled with countries' balance of payments statistics.,Niger,"Total reserves (includes gold, current US$)"
FootNote,NER,BX.KLT.DINV.CD.DT,1970 (YR1970),"Source: United Nations Conference on Trade and Development, Foreign Direct Investment Online database.",Niger,"Foreign direct investment, net inflows in reporting economy (DRS, current US$)"
FootNote,NER,BX.KLT.DINV.CD.DT,1971 (YR1971),"Source: United Nations Conference on Trade and Development, Foreign Direct Investment Online database.",Niger,"Foreign direct investment, net inflows in reporting economy (DRS, current US$)"
FootNote,NER,BX.KLT.DINV.CD.DT,1973 (YR1973),"Source: United Nations Conference on Trade and Development, Foreign Direct Investment Online database.",Niger,"Foreign direct investment, net inflows in reporting economy (DRS, current US$)"
FootNote,NER,BX.KLT.DINV.CD.DT,1972 (YR1972),"Source: United Nations Conference on Trade and Development, Foreign Direct Investment Online database.",Niger,"Foreign direct investment, net inflows in reporting economy (DRS, current US$)"
FootNote,NGA,BX.KLT.DINV.CD.DT,2002 (YR2002),"Source: United Nations Conference on Trade and Development, Foreign Direct Investment Online database.",Nigeria,"Foreign direct investment, net inflows in reporting economy (DRS, current US$)"
FootNote,NGA,BX.KLT.DINV.CD.DT,2001 (YR2001),"Source: United Nations Conference on Trade and Development, Foreign Direct Investment Online database.",Nigeria,"Foreign direct investment, net inflows in reporting economy (DRS, current US$)"
FootNote,NGA,DT.DOD.DECT.CD,2005 (YR2005),Data include the effects of Paris Club debt restructuring agreement.,Nigeria,"External debt stocks, total (DOD, current US$)"
FootNote,NGA,BX.KLT.DINV.CD.DT,2000 (YR2000),"Source: United Nations Conference on Trade and Development, Foreign Direct Investment Online database.",Nigeria,"Foreign direct investment, net inflows in reporting economy (DRS, current US$)"
FootNote,NGA,DT.DOD.DECT.CD,1992 (YR1992),Data for 1992 are World Bank staff estimates.,Nigeria,"External debt stocks, total (DOD, current US$)"
FootNote,NGA,DT.DOD.DECT.CD,1993 (YR1993),Data for 1993 are World Bank staff estimates.,Nigeria,"External debt stocks, total (DOD, current US$)"
FootNote,NGA,DT.DOD.DECT.CD,1994 (YR1994),Data for 1994 are World Bank staff estimates.,Nigeria,"External debt stocks, total (DOD, current US$)"
FootNote,NGA,DT.DOD.DECT.CD,1995 (YR1995),Data for 1995 are World Bank staff estimates.,Nigeria,"External debt stocks, total (DOD, current US$)"
FootNote,NGA,DT.DOD.DECT.CD,1996 (YR1996),Data for 1996 are World Bank staff estimates.,Nigeria,"External debt stocks, total (DOD, current US$)"
FootNote,NGA,DT.DOD.DECT.CD,1997 (YR1997),Data for 1997 are World Bank staff estimates.,Nigeria,"External debt stocks, total (DOD, current US$)"
FootNote,NGA,DT.DOD.DECT.CD,1998 (YR1998),Data for 1998 are World Bank staff estimates.,Nigeria,"External debt stocks, total (DOD, current US$)"
FootNote,NGA,BX.KLT.DINV.CD.DT,1970 (YR1970),"Source: United Nations Conference on Trade and Development, Foreign Direct Investment Online database.",Nigeria,"Foreign direct investment, net inflows in reporting economy (DRS, current US$)"
FootNote,NGA,BX.KLT.DINV.CD.DT,1971 (YR1971),"Source: United Nations Conference on Trade and Development, Foreign Direct Investment Online database.",Nigeria,"Foreign direct investment, net inflows in reporting economy (DRS, current US$)"
FootNote,NGA,BX.KLT.DINV.CD.DT,1976 (YR1976),"Source: United Nations Conference on Trade and Development, Foreign Direct Investment Online database.",Nigeria,"Foreign direct investment, net inflows in reporting economy (DRS, current US$)"
FootNote,NGA,BX.KLT.DINV.CD.DT,1973 (YR1973),"Source: United Nations Conference on Trade and Development, Foreign Direct Investment Online database.",Nigeria,"Foreign direct investment, net inflows in reporting economy (DRS, current US$)"
FootNote,NGA,BX.KLT.DINV.CD.DT,1975 (YR1975),"Source: United Nations Conference on Trade and Development, Foreign Direct Investment Online database.",Nigeria,"Foreign direct investment, net inflows in reporting economy (DRS, current US$)"
FootNote,NGA,BX.KLT.DINV.CD.DT,1972 (YR1972),"Source: United Nations Conference on Trade and Development, Foreign Direct Investment Online database.",Nigeria,"Foreign direct investment, net inflows in reporting economy (DRS, current US$)"
FootNote,NGA,BX.KLT.DINV.CD.DT,1974 (YR1974),"Source: United Nations Conference on Trade and Development, Foreign Direct Investment Online database.",Nigeria,"Foreign direct investment, net inflows in reporting economy (DRS, current US$)"
FootNote,MKD,DT.DOD.DECT.CD,1993 (YR1993),Debt outstanding as of end-1993 reflects only loans used directly by Macedonian beneficiaries.,North Macedonia,"External debt stocks, total (DOD, current US$)"
FootNote,MKD,BX.KLT.DINV.CD.DT,1994 (YR1994),"Source: United Nations Conference on Trade and Development, Foreign Direct Investment Online database.",North Macedonia,"Foreign direct investment, net inflows in reporting economy (DRS, current US$)"
FootNote,MKD,BX.KLT.DINV.CD.DT,1995 (YR1995),"Source: United Nations Conference on Trade and Development, Foreign Direct Investment Online database.",North Macedonia,"Foreign direct investment, net inflows in reporting economy (DRS, current US$)"
FootNote,PAK,BX.KLT.DINV.CD.DT,1973 (YR1973),"Source: United Nations Conference on Trade and Development, Foreign Direct Investment Online database.",Pakistan,"Foreign direct investment, net inflows in reporting economy (DRS, current US$)"
FootNote,PAK,BX.KLT.DINV.CD.DT,1971 (YR1971),"Source: United Nations Conference on Trade and Development, Foreign Direct Investment Online database.",Pakistan,"Foreign direct investment, net inflows in reporting economy (DRS, current US$)"
FootNote,PAK,BX.KLT.DINV.CD.DT,1970 (YR1970),"Source: United Nations Conference on Trade and Development, Foreign Direct Investment Online database.",Pakistan,"Foreign direct investment, net inflows in reporting economy (DRS, current US$)"
FootNote,PAK,BX.KLT.DINV.CD.DT,1975 (YR1975),"Source: United Nations Conference on Trade and Development, Foreign Direct Investment Online database.",Pakistan,"Foreign direct investment, net inflows in reporting economy (DRS, current US$)"
FootNote,PAK,BX.KLT.DINV.CD.DT,1974 (YR1974),"Source: United Nations Conference on Trade and Development, Foreign Direct Investment Online database.",Pakistan,"Foreign direct investment, net inflows in reporting economy (DRS, current US$)"
FootNote,PAK,BX.KLT.DINV.CD.DT,1972 (YR1972),"Source: United Nations Conference on Trade and Development, Foreign Direct Investment Online database.",Pakistan,"Foreign direct investment, net inflows in reporting economy (DRS, current US$)"
FootNote,PNG,BX.KLT.DINV.CD.DT,1974 (YR1974),"Source: United Nations Conference on Trade and Development, Foreign Direct Investment Online database.",Papua New Guinea,"Foreign direct investment, net inflows in reporting economy (DRS, current US$)"
FootNote,PNG,BX.KLT.DINV.CD.DT,1972 (YR1972),"Source: United Nations Conference on Trade and Development, Foreign Direct Investment Online database.",Papua New Guinea,"Foreign direct investment, net inflows in reporting economy (DRS, current US$)"
FootNote,PNG,BX.KLT.DINV.CD.DT,1975 (YR1975),"Source: United Nations Conference on Trade and Development, Foreign Direct Investment Online database.",Papua New Guinea,"Foreign direct investment, net inflows in reporting economy (DRS, current US$)"
FootNote,PNG,BX.KLT.DINV.CD.DT,1971 (YR1971),"Source: United Nations Conference on Trade and Development, Foreign Direct Investment Online database.",Papua New Guinea,"Foreign direct investment, net inflows in reporting economy (DRS, current US$)"
FootNote,PNG,BX.KLT.DINV.CD.DT,1973 (YR1973),"Source: United Nations Conference on Trade and Development, Foreign Direct Investment Online database.",Papua New Guinea,"Foreign direct investment, net inflows in reporting economy (DRS, current US$)"
FootNote,PNG,BX.KLT.DINV.CD.DT,1970 (YR1970),"Source: United Nations Conference on Trade and Development, Foreign Direct Investment Online database.",Papua New Guinea,"Foreign direct investment, net inflows in reporting economy (DRS, current US$)"
FootNote,PRY,BX.KLT.DINV.CD.DT,1972 (YR1972),"Source: United Nations Conference on Trade and Development, Foreign Direct Investment Online database.",Paraguay,"Foreign direct investment, net inflows in reporting economy (DRS, current US$)"
FootNote,PRY,BX.KLT.DINV.CD.DT,1974 (YR1974),"Source: United Nations Conference on Trade and Development, Foreign Direct Investment Online database.",Paraguay,"Foreign direct investment, net inflows in reporting economy (DRS, current US$)"
FootNote,PRY,BX.KLT.DINV.CD.DT,1970 (YR1970),"Source: United Nations Conference on Trade and Development, Foreign Direct Investment Online database.",Paraguay,"Foreign direct investment, net inflows in reporting economy (DRS, current US$)"
FootNote,PRY,BX.KLT.DINV.CD.DT,1971 (YR1971),"Source: United Nations Conference on Trade and Development, Foreign Direct Investment Online database.",Paraguay,"Foreign direct investment, net inflows in reporting economy (DRS, current US$)"
FootNote,PRY,BX.KLT.DINV.CD.DT,1973 (YR1973),"Source: United Nations Conference on Trade and Development, Foreign Direct Investment Online database.",Paraguay,"Foreign direct investment, net inflows in reporting economy (DRS, current US$)"
FootNote,PER,DT.AMT.DLXF.CD,2007 (YR2007),Data for 2007 include bond prepayments and prepayments to Paris Club creditors.,Peru,"Principal repayments on external debt, long-term (AMT, current US$)"
FootNote,PER,DT.DOD.DECT.CD,2007 (YR2007),Data include Bond prepayment and prepayment to Paris Club creditors.,Peru,"External debt stocks, total (DOD, current US$)"
FootNote,PER,DT.AMT.PBND.CD,2007 (YR2007),Data include Bond prepayments.,Peru,"PPG, bonds (AMT, current US$)"
FootNote,PER,DT.INT.PBND.CD,2007 (YR2007),Data include Bond prepayments.,Peru,"PPG, bonds (INT, current US$)"
FootNote,PER,DT.TDS.PBND.CD,2007 (YR2007),Data include Bond prepayments.,Peru,"PPG, bonds (TDS, current US$)"
FootNote,PER,DT.TDS.BLAT.CD,2007 (YR2007),Data include prepayments to Paris Club creditors.,Peru,"PPG, bilateral (TDS, current US$)"
FootNote,PER,DT.INT.BLAT.CD,2007 (YR2007),Data include prepayments to Paris Club creditors.,Peru,"PPG, bilateral (INT, current US$)"
FootNote,PER,DT.AMT.BLAT.CD,2007 (YR2007),Data include prepayments to Paris Club creditors.,Peru,"PPG, bilateral (AMT, current US$)"
FootNote,PER,BX.KLT.DINV.CD.DT,1970 (YR1970),"Source: United Nations Conference on Trade and Development, Foreign Direct Investment Online database.",Peru,"Foreign direct investment, net inflows in reporting economy (DRS, current US$)"
FootNote,PER,BX.KLT.DINV.CD.DT,1974 (YR1974),"Source: United Nations Conference on Trade and Development, Foreign Direct Investment Online database.",Peru,"Foreign direct investment, net inflows in reporting economy (DRS, current US$)"
FootNote,PER,BX.KLT.DINV.CD.DT,1976 (YR1976),"Source: United Nations Conference on Trade and Development, Foreign Direct Investment Online database.",Peru,"Foreign direct investment, net inflows in reporting economy (DRS, current US$)"
FootNote,PER,BX.KLT.DINV.CD.DT,1975 (YR1975),"Source: United Nations Conference on Trade and Development, Foreign Direct Investment Online database.",Peru,"Foreign direct investment, net inflows in reporting economy (DRS, current US$)"
FootNote,PER,BX.KLT.DINV.CD.DT,1971 (YR1971),"Source: United Nations Conference on Trade and Development, Foreign Direct Investment Online database.",Peru,"Foreign direct investment, net inflows in reporting economy (DRS, current US$)"
FootNote,PER,BX.KLT.DINV.CD.DT,1972 (YR1972),"Source: United Nations Conference on Trade and Development, Foreign Direct Investment Online database.",Peru,"Foreign direct investment, net inflows in reporting economy (DRS, current US$)"
FootNote,PER,BX.KLT.DINV.CD.DT,1973 (YR1973),"Source: United Nations Conference on Trade and Development, Foreign Direct Investment Online database.",Peru,"Foreign direct investment, net inflows in reporting economy (DRS, current US$)"
FootNote,PHL,BX.KLT.DINV.CD.DT,1972 (YR1972),"Source: United Nations Conference on Trade and Development, Foreign Direct Investment Online database.",Philippines,"Foreign direct investment, net inflows in reporting economy (DRS, current US$)"
FootNote,PHL,BX.KLT.DINV.CD.DT,1974 (YR1974),"Source: United Nations Conference on Trade and Development, Foreign Direct Investment Online database.",Philippines,"Foreign direct investment, net inflows in reporting economy (DRS, current US$)"
FootNote,PHL,BX.KLT.DINV.CD.DT,1973 (YR1973),"Source: United Nations Conference on Trade and Development, Foreign Direct Investment Online database.",Philippines,"Foreign direct investment, net inflows in reporting economy (DRS, current US$)"
FootNote,PHL,BX.KLT.DINV.CD.DT,1971 (YR1971),"Source: United Nations Conference on Trade and Development, Foreign Direct Investment Online database.",Philippines,"Foreign direct investment, net inflows in reporting economy (DRS, current US$)"
FootNote,PHL,BX.KLT.DINV.CD.DT,1970 (YR1970),"Source: United Nations Conference on Trade and Development, Foreign Direct Investment Online database.",Philippines,"Foreign direct investment, net inflows in reporting economy (DRS, current US$)"
FootNote,PHL,BX.KLT.DINV.CD.DT,1976 (YR1976),"Source: United Nations Conference on Trade and Development, Foreign Direct Investment Online database.",Philippines,"Foreign direct investment, net inflows in reporting economy (DRS, current US$)"
FootNote,PHL,BX.KLT.DINV.CD.DT,1975 (YR1975),"Source: United Nations Conference on Trade and Development, Foreign Direct Investment Online database.",Philippines,"Foreign direct investment, net inflows in reporting economy (DRS, current US$)"
FootNote,RWA,BX.PEF.TOTL.CD.DT,2024 (YR2024),Gap-filled with countries' balance of payments statistics.,Rwanda,"Portfolio investment, equity (DRS, current US$)"
FootNote,RWA,BM.GSR.TOTL.CD,2024 (YR2024),Gap-filled with countries' balance of payments statistics.,Rwanda,"Imports of goods, services and primary income (current US$)"
FootNote,RWA,BX.KLT.DREM.CD.DT,2024 (YR2024),Gap-filled with countries' balance of payments statistics.,Rwanda,Primary income on FDI (current US$)
FootNote,RWA,BX.TRF.PWKR.CD.DT,2024 (YR2024),Gap-filled with countries' balance of payments statistics.,Rwanda,"Personal transfers and compensation of employees, received (current US$)"
FootNote,RWA,BN.CAB.XOKA.CD,2024 (YR2024),Gap-filled with countries' balance of payments statistics.,Rwanda,Current account balance (current US$)
FootNote,RWA,BX.GSR.TOTL.CD,2024 (YR2024),Gap-filled with countries' balance of payments statistics.,Rwanda,"Exports of goods, services and primary income (current US$)"
FootNote,RWA,DT.DOD.PVLX.EX.ZS,2009 (YR2009),Data are from debt sustainability analyses for low-income countries. Present value estimates for these countries are for public and publicly guaranteed debt only.,Rwanda,"Present value of external debt (% of exports of goods, services and income)"
FootNote,RWA,DT.DOD.PVLX.GN.ZS,2009 (YR2009),Data are from debt sustainability analyses for low-income countries. Present value estimates for these countries are for public and publicly guaranteed debt only.,Rwanda,Present value of external debt (% of GNI)
FootNote,RWA,DT.DFR.DPPG.CD,2006 (YR2006),Data include the effects of MDRI.,Rwanda,Debt forgiveness or reduction (current US$)
FootNote,RWA,DT.DOD.DECT.CD,2006 (YR2006),Data include the effects of MDRI.,Rwanda,"External debt stocks, total (DOD, current US$)"
FootNote,RWA,BN.CAB.XOKA.CD,2004 (YR2004),"Source: United Nations Conference on Trade and Development, Balance of Payments Online database.",Rwanda,Current account balance (current US$)
FootNote,RWA,BN.CAB.XOKA.CD,2001 (YR2001),"Source: United Nations Conference on Trade and Development, Balance of Payments Online database.",Rwanda,Current account balance (current US$)
FootNote,RWA,BN.CAB.XOKA.CD,2009 (YR2009),"Source: United Nations Conference on Trade and Development, Balance of Payments Online database.",Rwanda,Current account balance (current US$)
FootNote,RWA,BN.CAB.XOKA.CD,2008 (YR2008),"Source: United Nations Conference on Trade and Development, Balance of Payments Online database.",Rwanda,Current account balance (current US$)
FootNote,RWA,BN.CAB.XOKA.CD,2002 (YR2002),"Source: United Nations Conference on Trade and Development, Balance of Payments Online database.",Rwanda,Current account balance (current US$)
FootNote,RWA,BN.CAB.XOKA.CD,2005 (YR2005),"Source: United Nations Conference on Trade and Development, Balance of Payments Online database.",Rwanda,Current account balance (current US$)
FootNote,RWA,BN.CAB.XOKA.CD,2007 (YR2007),"Source: United Nations Conference on Trade and Development, Balance of Payments Online database.",Rwanda,Current account balance (current US$)
FootNote,RWA,BN.CAB.XOKA.CD,2003 (YR2003),"Source: United Nations Conference on Trade and Development, Balance of Payments Online database.",Rwanda,Current account balance (current US$)
FootNote,RWA,BN.CAB.XOKA.CD,2006 (YR2006),"Source: United Nations Conference on Trade and Development, Balance of Payments Online database.",Rwanda,Current account balance (current US$)
FootNote,RWA,BX.KLT.DINV.CD.DT,2007 (YR2007),"Source: United Nations Conference on Trade and Development, Foreign Direct Investment Online database.",Rwanda,"Foreign direct investment, net inflows in reporting economy (DRS, current US$)"
FootNote,RWA,BX.KLT.DINV.CD.DT,2009 (YR2009),"Source: United Nations Conference on Trade and Development, Foreign Direct Investment Online database.",Rwanda,"Foreign direct investment, net inflows in reporting economy (DRS, current US$)"
FootNote,RWA,BX.KLT.DINV.CD.DT,2006 (YR2006),"Source: United Nations Conference on Trade and Development, Foreign Direct Investment Online database.",Rwanda,"Foreign direct investment, net inflows in reporting economy (DRS, current US$)"
FootNote,RWA,BX.KLT.DINV.CD.DT,2008 (YR2008),"Source: United Nations Conference on Trade and Development, Foreign Direct Investment Online database.",Rwanda,"Foreign direct investment, net inflows in reporting economy (DRS, current US$)"
FootNote,RWA,BX.KLT.DINV.CD.DT,2004 (YR2004),"Source: United Nations Conference on Trade and Development, Foreign Direct Investment Online database.",Rwanda,"Foreign direct investment, net inflows in reporting economy (DRS, current US$)"
FootNote,RWA,BX.KLT.DINV.CD.DT,2005 (YR2005),"Source: United Nations Conference on Trade and Development, Foreign Direct Investment Online database.",Rwanda,"Foreign direct investment, net inflows in reporting economy (DRS, current US$)"
FootNote,RWA,BX.KLT.DINV.CD.DT,2001 (YR2001),"Source: United Nations Conference on Trade and Development, Foreign Direct Investment Online database.",Rwanda,"Foreign direct investment, net inflows in reporting economy (DRS, current US$)"
FootNote,RWA,BX.KLT.DREM.CD.DT,2005 (YR2005),"Source: United Nations Conference on Trade and Development, Balance of Payments Online database.",Rwanda,Primary income on FDI (current US$)
FootNote,RWA,BX.KLT.DREM.CD.DT,2006 (YR2006),"Source: United Nations Conference on Trade and Development, Balance of Payments Online database.",Rwanda,Primary income on FDI (current US$)
FootNote,RWA,BX.KLT.DREM.CD.DT,2002 (YR2002),"Source: United Nations Conference on Trade and Development, Balance of Payments Online database.",Rwanda,Primary income on FDI (current US$)
FootNote,RWA,BX.KLT.DREM.CD.DT,2008 (YR2008),"Source: United Nations Conference on Trade and Development, Balance of Payments Online database.",Rwanda,Primary income on FDI (current US$)
FootNote,RWA,BX.KLT.DREM.CD.DT,2007 (YR2007),"Source: United Nations Conference on Trade and Development, Balance of Payments Online database.",Rwanda,Primary income on FDI (current US$)
FootNote,RWA,BX.KLT.DREM.CD.DT,2001 (YR2001),"Source: United Nations Conference on Trade and Development, Balance of Payments Online database.",Rwanda,Primary income on FDI (current US$)
FootNote,RWA,BX.KLT.DREM.CD.DT,2003 (YR2003),"Source: United Nations Conference on Trade and Development, Balance of Payments Online database.",Rwanda,Primary income on FDI (current US$)
FootNote,RWA,BX.KLT.DREM.CD.DT,2009 (YR2009),"Source: United Nations Conference on Trade and Development, Balance of Payments Online database.",Rwanda,Primary income on FDI (current US$)
FootNote,RWA,BX.KLT.DREM.CD.DT,2004 (YR2004),"Source: United Nations Conference on Trade and Development, Balance of Payments Online database.",Rwanda,Primary income on FDI (current US$)
FootNote,RWA,BX.KLT.DINV.CD.DT,2003 (YR2003),"Source: United Nations Conference on Trade and Development, Foreign Direct Investment Online database.",Rwanda,"Foreign direct investment, net inflows in reporting economy (DRS, current US$)"
FootNote,RWA,BX.KLT.DINV.CD.DT,2002 (YR2002),"Source: United Nations Conference on Trade and Development, Foreign Direct Investment Online database.",Rwanda,"Foreign direct investment, net inflows in reporting economy (DRS, current US$)"
FootNote,RWA,BX.KLT.DINV.CD.DT,1994 (YR1994),"Source: United Nations Conference on Trade and Development, Foreign Direct Investment Online database.",Rwanda,"Foreign direct investment, net inflows in reporting economy (DRS, current US$)"
FootNote,RWA,BN.CAB.XOKA.CD,2000 (YR2000),"Source: United Nations Conference on Trade and Development, Balance of Payments Online database.",Rwanda,Current account balance (current US$)
FootNote,RWA,BX.KLT.DREM.CD.DT,2000 (YR2000),"Source: United Nations Conference on Trade and Development, Balance of Payments Online database.",Rwanda,Primary income on FDI (current US$)
FootNote,RWA,BX.KLT.DINV.CD.DT,2000 (YR2000),"Source: United Nations Conference on Trade and Development, Foreign Direct Investment Online database.",Rwanda,"Foreign direct investment, net inflows in reporting economy (DRS, current US$)"
FootNote,RWA,BX.KLT.DINV.CD.DT,1971 (YR1971),"Source: United Nations Conference on Trade and Development, Foreign Direct Investment Online database.",Rwanda,"Foreign direct investment, net inflows in reporting economy (DRS, current US$)"
FootNote,RWA,BX.KLT.DINV.CD.DT,1972 (YR1972),"Source: United Nations Conference on Trade and Development, Foreign Direct Investment Online database.",Rwanda,"Foreign direct investment, net inflows in reporting economy (DRS, current US$)"
FootNote,RWA,BX.KLT.DINV.CD.DT,1975 (YR1975),"Source: United Nations Conference on Trade and Development, Foreign Direct Investment Online database.",Rwanda,"Foreign direct investment, net inflows in reporting economy (DRS, current US$)"
FootNote,RWA,BX.KLT.DINV.CD.DT,1974 (YR1974),"Source: United Nations Conference on Trade and Development, Foreign Direct Investment Online database.",Rwanda,"Foreign direct investment, net inflows in reporting economy (DRS, current US$)"
FootNote,RWA,BX.KLT.DINV.CD.DT,1973 (YR1973),"Source: United Nations Conference on Trade and Development, Foreign Direct Investment Online database.",Rwanda,"Foreign direct investment, net inflows in reporting economy (DRS, current US$)"
FootNote,RWA,BX.KLT.DINV.CD.DT,1970 (YR1970),"Source: United Nations Conference on Trade and Development, Foreign Direct Investment Online database.",Rwanda,"Foreign direct investment, net inflows in reporting economy (DRS, current US$)"
FootNote,WSM,BX.KLT.DINV.CD.DT,2003 (YR2003),"Source: United Nations Conference on Trade and Development, Foreign Direct Investment Online database.",Samoa,"Foreign direct investment, net inflows in reporting economy (DRS, current US$)"
FootNote,WSM,BX.KLT.DINV.CD.DT,2001 (YR2001),"Source: United Nations Conference on Trade and Development, Foreign Direct Investment Online database.",Samoa,"Foreign direct investment, net inflows in reporting economy (DRS, current US$)"
FootNote,WSM,BX.KLT.DINV.CD.DT,2002 (YR2002),"Source: United Nations Conference on Trade and Development, Foreign Direct Investment Online database.",Samoa,"Foreign direct investment, net inflows in reporting economy (DRS, current US$)"
FootNote,WSM,BN.CAB.XOKA.CD,2003 (YR2003),"Source: United Nations Conference on Trade and Development, Balance of Payments Online database.",Samoa,Current account balance (current US$)
FootNote,WSM,BN.CAB.XOKA.CD,2002 (YR2002),"Source: United Nations Conference on Trade and Development, Balance of Payments Online database.",Samoa,Current account balance (current US$)
FootNote,WSM,BN.CAB.XOKA.CD,2001 (YR2001),"Source: United Nations Conference on Trade and Development, Balance of Payments Online database.",Samoa,Current account balance (current US$)
FootNote,WSM,BX.KLT.DINV.CD.DT,1989 (YR1989),"Source: United Nations Conference on Trade and Development, Foreign Direct Investment Online database.",Samoa,"Foreign direct investment, net inflows in reporting economy (DRS, current US$)"
FootNote,WSM,BX.KLT.DINV.CD.DT,1986 (YR1986),"Source: United Nations Conference on Trade and Development, Foreign Direct Investment Online database.",Samoa,"Foreign direct investment, net inflows in reporting economy (DRS, current US$)"
FootNote,WSM,BX.KLT.DINV.CD.DT,1987 (YR1987),"Source: United Nations Conference on Trade and Development, Foreign Direct Investment Online database.",Samoa,"Foreign direct investment, net inflows in reporting economy (DRS, current US$)"
FootNote,WSM,BX.KLT.DINV.CD.DT,1988 (YR1988),"Source: United Nations Conference on Trade and Development, Foreign Direct Investment Online database.",Samoa,"Foreign direct investment, net inflows in reporting economy (DRS, current US$)"
FootNote,WSM,BX.KLT.DINV.CD.DT,1985 (YR1985),"Source: United Nations Conference on Trade and Development, Foreign Direct Investment Online database.",Samoa,"Foreign direct investment, net inflows in reporting economy (DRS, current US$)"
FootNote,WSM,BX.KLT.DINV.CD.DT,1994 (YR1994),"Source: United Nations Conference on Trade and Development, Foreign Direct Investment Online database.",Samoa,"Foreign direct investment, net inflows in reporting economy (DRS, current US$)"
FootNote,WSM,BX.KLT.DINV.CD.DT,1990 (YR1990),"Source: United Nations Conference on Trade and Development, Foreign Direct Investment Online database.",Samoa,"Foreign direct investment, net inflows in reporting economy (DRS, current US$)"
FootNote,WSM,BX.KLT.DINV.CD.DT,1992 (YR1992),"Source: United Nations Conference on Trade and Development, Foreign Direct Investment Online database.",Samoa,"Foreign direct investment, net inflows in reporting economy (DRS, current US$)"
FootNote,WSM,BX.KLT.DINV.CD.DT,1998 (YR1998),"Source: United Nations Conference on Trade and Development, Foreign Direct Investment Online database.",Samoa,"Foreign direct investment, net inflows in reporting economy (DRS, current US$)"
FootNote,WSM,BX.KLT.DINV.CD.DT,1999 (YR1999),"Source: United Nations Conference on Trade and Development, Foreign Direct Investment Online database.",Samoa,"Foreign direct investment, net inflows in reporting economy (DRS, current US$)"
FootNote,WSM,BX.KLT.DINV.CD.DT,1996 (YR1996),"Source: United Nations Conference on Trade and Development, Foreign Direct Investment Online database.",Samoa,"Foreign direct investment, net inflows in reporting economy (DRS, current US$)"
FootNote,WSM,BX.KLT.DINV.CD.DT,1995 (YR1995),"Source: United Nations Conference on Trade and Development, Foreign Direct Investment Online database.",Samoa,"Foreign direct investment, net inflows in reporting economy (DRS, current US$)"
FootNote,WSM,BX.KLT.DINV.CD.DT,1991 (YR1991),"Source: United Nations Conference on Trade and Development, Foreign Direct Investment Online database.",Samoa,"Foreign direct investment, net inflows in reporting economy (DRS, current US$)"
FootNote,WSM,BX.KLT.DINV.CD.DT,1997 (YR1997),"Source: United Nations Conference on Trade and Development, Foreign Direct Investment Online database.",Samoa,"Foreign direct investment, net inflows in reporting economy (DRS, current US$)"
FootNote,WSM,BX.KLT.DINV.CD.DT,1993 (YR1993),"Source: United Nations Conference on Trade and Development, Foreign Direct Investment Online database.",Samoa,"Foreign direct investment, net inflows in reporting economy (DRS, current US$)"
FootNote,WSM,BX.KLT.DINV.CD.DT,2000 (YR2000),"Source: United Nations Conference on Trade and Development, Foreign Direct Investment Online database.",Samoa,"Foreign direct investment, net inflows in reporting economy (DRS, current US$)"
FootNote,WSM,BN.CAB.XOKA.CD,2000 (YR2000),"Source: United Nations Conference on Trade and Development, Balance of Payments Online database.",Samoa,Current account balance (current US$)
FootNote,WSM,BX.KLT.DINV.CD.DT,1970 (YR1970),"Source: United Nations Conference on Trade and Development, Foreign Direct Investment Online database.",Samoa,"Foreign direct investment, net inflows in reporting economy (DRS, current US$)"
FootNote,WSM,BX.KLT.DINV.CD.DT,1977 (YR1977),"Source: United Nations Conference on Trade and Development, Foreign Direct Investment Online database.",Samoa,"Foreign direct investment, net inflows in reporting economy (DRS, current US$)"
FootNote,WSM,BX.KLT.DINV.CD.DT,1982 (YR1982),"Source: United Nations Conference on Trade and Development, Foreign Direct Investment Online database.",Samoa,"Foreign direct investment, net inflows in reporting economy (DRS, current US$)"
FootNote,WSM,BX.KLT.DINV.CD.DT,1975 (YR1975),"Source: United Nations Conference on Trade and Development, Foreign Direct Investment Online database.",Samoa,"Foreign direct investment, net inflows in reporting economy (DRS, current US$)"
FootNote,WSM,BX.KLT.DINV.CD.DT,1978 (YR1978),"Source: United Nations Conference on Trade and Development, Foreign Direct Investment Online database.",Samoa,"Foreign direct investment, net inflows in reporting economy (DRS, current US$)"
FootNote,WSM,BX.KLT.DINV.CD.DT,1983 (YR1983),"Source: United Nations Conference on Trade and Development, Foreign Direct Investment Online database.",Samoa,"Foreign direct investment, net inflows in reporting economy (DRS, current US$)"
FootNote,WSM,BX.KLT.DINV.CD.DT,1979 (YR1979),"Source: United Nations Conference on Trade and Development, Foreign Direct Investment Online database.",Samoa,"Foreign direct investment, net inflows in reporting economy (DRS, current US$)"
FootNote,WSM,BX.KLT.DINV.CD.DT,1981 (YR1981),"Source: United Nations Conference on Trade and Development, Foreign Direct Investment Online database.",Samoa,"Foreign direct investment, net inflows in reporting economy (DRS, current US$)"
FootNote,WSM,BX.KLT.DINV.CD.DT,1976 (YR1976),"Source: United Nations Conference on Trade and Development, Foreign Direct Investment Online database.",Samoa,"Foreign direct investment, net inflows in reporting economy (DRS, current US$)"
FootNote,WSM,BX.KLT.DINV.CD.DT,1984 (YR1984),"Source: United Nations Conference on Trade and Development, Foreign Direct Investment Online database.",Samoa,"Foreign direct investment, net inflows in reporting economy (DRS, current US$)"
FootNote,WSM,BX.KLT.DINV.CD.DT,1980 (YR1980),"Source: United Nations Conference on Trade and Development, Foreign Direct Investment Online database.",Samoa,"Foreign direct investment, net inflows in reporting economy (DRS, current US$)"
FootNote,WSM,BX.KLT.DINV.CD.DT,1972 (YR1972),"Source: United Nations Conference on Trade and Development, Foreign Direct Investment Online database.",Samoa,"Foreign direct investment, net inflows in reporting economy (DRS, current US$)"
FootNote,WSM,BX.KLT.DINV.CD.DT,1973 (YR1973),"Source: United Nations Conference on Trade and Development, Foreign Direct Investment Online database.",Samoa,"Foreign direct investment, net inflows in reporting economy (DRS, current US$)"
FootNote,WSM,BX.KLT.DINV.CD.DT,1971 (YR1971),"Source: United Nations Conference on Trade and Development, Foreign Direct Investment Online database.",Samoa,"Foreign direct investment, net inflows in reporting economy (DRS, current US$)"
FootNote,WSM,BX.KLT.DINV.CD.DT,1974 (YR1974),"Source: United Nations Conference on Trade and Development, Foreign Direct Investment Online database.",Samoa,"Foreign direct investment, net inflows in reporting economy (DRS, current US$)"
FootNote,STP,BN.CAB.XOKA.CD,2023 (YR2023),Gap-filled with countries' balance of payments statistics.,São Tomé and Principe,Current account balance (current US$)
FootNote,STP,BN.CAB.XOKA.CD,2024 (YR2024),Gap-filled with countries' balance of payments statistics.,São Tomé and Principe,Current account balance (current US$)
FootNote,STP,BX.GSR.TOTL.CD,2024 (YR2024),Gap-filled with countries' balance of payments statistics.,São Tomé and Principe,"Exports of goods, services and primary income (current US$)"
FootNote,STP,BX.GSR.TOTL.CD,2023 (YR2023),Gap-filled with countries' balance of payments statistics.,São Tomé and Principe,"Exports of goods, services and primary income (current US$)"
FootNote,STP,BX.TRF.PWKR.CD.DT,2024 (YR2024),Gap-filled with countries' balance of payments statistics.,São Tomé and Principe,"Personal transfers and compensation of employees, received (current US$)"
FootNote,STP,BX.TRF.PWKR.CD.DT,2023 (YR2023),Gap-filled with countries' balance of payments statistics.,São Tomé and Principe,"Personal transfers and compensation of employees, received (current US$)"
FootNote,STP,BM.GSR.TOTL.CD,2023 (YR2023),Gap-filled with countries' balance of payments statistics.,São Tomé and Principe,"Imports of goods, services and primary income (current US$)"
FootNote,STP,BM.GSR.TOTL.CD,2024 (YR2024),Gap-filled with countries' balance of payments statistics.,São Tomé and Principe,"Imports of goods, services and primary income (current US$)"
FootNote,STP,BX.KLT.DINV.CD.DT,2024 (YR2024),"Source: United Nations Conference on Trade and Development, Foreign Direct Investment Online database.",São Tomé and Principe,"Foreign direct investment, net inflows in reporting economy (DRS, current US$)"
FootNote,STP,BX.KLT.DINV.CD.DT,2023 (YR2023),"Source: United Nations Conference on Trade and Development, Foreign Direct Investment Online database.",São Tomé and Principe,"Foreign direct investment, net inflows in reporting economy (DRS, current US$)"
FootNote,STP,DT.DOD.DECT.CD,2010 (YR2010),Data include the effects of Enhanced HIPC Initiative.,São Tomé and Principe,"External debt stocks, total (DOD, current US$)"
FootNote,STP,DT.DOD.DECT.CD,2007 (YR2007),Data include the effects of MDRI and HIPC debt relief.,São Tomé and Principe,"External debt stocks, total (DOD, current US$)"
FootNote,STP,DT.DFR.DPPG.CD,2008 (YR2008),Data include the effects of MDRI and HIPC debt relief.,São Tomé and Principe,Debt forgiveness or reduction (current US$)
FootNote,STP,DT.DOD.DECT.CD,2008 (YR2008),Data include the effects of MDRI and HIPC debt relief.,São Tomé and Principe,"External debt stocks, total (DOD, current US$)"
FootNote,STP,DT.DFR.DPPG.CD,2007 (YR2007),Data include the effects of MDRI and HIPC debt relief.,São Tomé and Principe,Debt forgiveness or reduction (current US$)
FootNote,STP,DT.DOD.PVLX.GN.ZS,2009 (YR2009),Data are from debt sustainability analyses for low-income countries. Present value estimates for these countries are for public and publicly guaranteed debt only.,São Tomé and Principe,Present value of external debt (% of GNI)
FootNote,STP,DT.DOD.PVLX.EX.ZS,2009 (YR2009),Data are from debt sustainability analyses for low-income countries. Present value estimates for these countries are for public and publicly guaranteed debt only.,São Tomé and Principe,"Present value of external debt (% of exports of goods, services and income)"
FootNote,STP,DT.DOD.DECT.CD,2009 (YR2009),Data include the effects of Enhanced HIPC Initiative.,São Tomé and Principe,"External debt stocks, total (DOD, current US$)"
FootNote,STP,DT.DFR.DPPG.CD,2009 (YR2009),Data include the effects of Enhanced HIPC Initiative.,São Tomé and Principe,Debt forgiveness or reduction (current US$)
FootNote,STP,BX.KLT.DINV.CD.DT,1987 (YR1987),"Source: United Nations Conference on Trade and Development, Foreign Direct Investment Online database.",São Tomé and Principe,"Foreign direct investment, net inflows in reporting economy (DRS, current US$)"
FootNote,STP,BX.KLT.DINV.CD.DT,1989 (YR1989),"Source: United Nations Conference on Trade and Development, Foreign Direct Investment Online database.",São Tomé and Principe,"Foreign direct investment, net inflows in reporting economy (DRS, current US$)"
FootNote,STP,BX.KLT.DINV.CD.DT,1988 (YR1988),"Source: United Nations Conference on Trade and Development, Foreign Direct Investment Online database.",São Tomé and Principe,"Foreign direct investment, net inflows in reporting economy (DRS, current US$)"
FootNote,STP,BX.KLT.DINV.CD.DT,1996 (YR1996),"Source: United Nations Conference on Trade and Development, Foreign Direct Investment Online database.",São Tomé and Principe,"Foreign direct investment, net inflows in reporting economy (DRS, current US$)"
FootNote,STP,BX.KLT.DINV.CD.DT,1993 (YR1993),"Source: United Nations Conference on Trade and Development, Foreign Direct Investment Online database.",São Tomé and Principe,"Foreign direct investment, net inflows in reporting economy (DRS, current US$)"
FootNote,STP,BX.KLT.DINV.CD.DT,1995 (YR1995),"Source: United Nations Conference on Trade and Development, Foreign Direct Investment Online database.",São Tomé and Principe,"Foreign direct investment, net inflows in reporting economy (DRS, current US$)"
FootNote,SEN,BX.KLT.DINV.CD.DT,2024 (YR2024),"Source: United Nations Conference on Trade and Development, Foreign Direct Investment Online database.",Senegal,"Foreign direct investment, net inflows in reporting economy (DRS, current US$)"
FootNote,SEN,BX.TRF.PWKR.CD.DT,2024 (YR2024),"Data on Personal Transfers and Compensation of Employees are prepared by World Bank staff based on IMF's Balance of Payments statistics and data releases from central banks, national statistical agencies, and World Bank country desks.",Senegal,"Personal transfers and compensation of employees, received (current US$)"
FootNote,SEN,BN.CAB.XOKA.CD,2024 (YR2024),Gap-filled with countries' balance of payments statistics.,Senegal,Current account balance (current US$)
FootNote,SEN,BX.GSR.TOTL.CD,2024 (YR2024),Gap-filled with countries' balance of payments statistics.,Senegal,"Exports of goods, services and primary income (current US$)"
FootNote,SEN,BM.GSR.TOTL.CD,2024 (YR2024),Gap-filled with countries' balance of payments statistics.,Senegal,"Imports of goods, services and primary income (current US$)"
FootNote,SEN,FI.RES.TOTL.CD,2018 (YR2018),Gap-filled with countries' balance of payments statistics.,Senegal,"Total reserves (includes gold, current US$)"
FootNote,SEN,FI.RES.TOTL.CD,2017 (YR2017),Gap-filled with countries' balance of payments statistics.,Senegal,"Total reserves (includes gold, current US$)"
FootNote,SEN,DT.DOD.PVLX.EX.ZS,2009 (YR2009),Data are from debt sustainability analyses for low-income countries. Present value estimates for these countries are for public and publicly guaranteed debt only.,Senegal,"Present value of external debt (% of exports of goods, services and income)"
FootNote,SEN,DT.DOD.PVLX.GN.ZS,2009 (YR2009),Data are from debt sustainability analyses for low-income countries. Present value estimates for these countries are for public and publicly guaranteed debt only.,Senegal,Present value of external debt (% of GNI)
FootNote,SEN,DT.DFR.DPPG.CD,2006 (YR2006),Data include the effects of MDRI.,Senegal,Debt forgiveness or reduction (current US$)
FootNote,SEN,DT.DFR.DPPG.CD,2007 (YR2007),Data include the effects of MDRI.,Senegal,Debt forgiveness or reduction (current US$)
FootNote,SEN,DT.DOD.DECT.CD,2007 (YR2007),Data include the effects of MDRI.,Senegal,"External debt stocks, total (DOD, current US$)"
FootNote,SEN,DT.DOD.DECT.CD,2006 (YR2006),Data include the effects of MDRI.,Senegal,"External debt stocks, total (DOD, current US$)"
FootNote,SEN,FI.RES.TOTL.CD,2015 (YR2015),Gap-filled with countries' balance of payments statistics.,Senegal,"Total reserves (includes gold, current US$)"
FootNote,SEN,FI.RES.TOTL.CD,2001 (YR2001),Gap-filled with countries' balance of payments statistics.,Senegal,"Total reserves (includes gold, current US$)"
FootNote,SEN,FI.RES.TOTL.CD,2010 (YR2010),Gap-filled with countries' balance of payments statistics.,Senegal,"Total reserves (includes gold, current US$)"
FootNote,SEN,FI.RES.TOTL.CD,2016 (YR2016),Gap-filled with countries' balance of payments statistics.,Senegal,"Total reserves (includes gold, current US$)"
FootNote,SEN,FI.RES.TOTL.CD,2012 (YR2012),Gap-filled with countries' balance of payments statistics.,Senegal,"Total reserves (includes gold, current US$)"
FootNote,SEN,FI.RES.TOTL.CD,2006 (YR2006),Gap-filled with countries' balance of payments statistics.,Senegal,"Total reserves (includes gold, current US$)"
FootNote,SEN,FI.RES.TOTL.CD,2004 (YR2004),Gap-filled with countries' balance of payments statistics.,Senegal,"Total reserves (includes gold, current US$)"
FootNote,SEN,FI.RES.TOTL.CD,2003 (YR2003),Gap-filled with countries' balance of payments statistics.,Senegal,"Total reserves (includes gold, current US$)"
FootNote,SEN,FI.RES.TOTL.CD,2014 (YR2014),Gap-filled with countries' balance of payments statistics.,Senegal,"Total reserves (includes gold, current US$)"
FootNote,SEN,FI.RES.TOTL.CD,2008 (YR2008),Gap-filled with countries' balance of payments statistics.,Senegal,"Total reserves (includes gold, current US$)"
FootNote,SEN,FI.RES.TOTL.CD,2009 (YR2009),Gap-filled with countries' balance of payments statistics.,Senegal,"Total reserves (includes gold, current US$)"
FootNote,SEN,FI.RES.TOTL.CD,2011 (YR2011),Gap-filled with countries' balance of payments statistics.,Senegal,"Total reserves (includes gold, current US$)"
FootNote,SEN,FI.RES.TOTL.CD,2002 (YR2002),Gap-filled with countries' balance of payments statistics.,Senegal,"Total reserves (includes gold, current US$)"
FootNote,SEN,FI.RES.TOTL.CD,2013 (YR2013),Gap-filled with countries' balance of payments statistics.,Senegal,"Total reserves (includes gold, current US$)"
FootNote,SEN,FI.RES.TOTL.CD,2005 (YR2005),Gap-filled with countries' balance of payments statistics.,Senegal,"Total reserves (includes gold, current US$)"
FootNote,SEN,FI.RES.TOTL.CD,2007 (YR2007),Gap-filled with countries' balance of payments statistics.,Senegal,"Total reserves (includes gold, current US$)"
FootNote,SEN,FI.RES.TOTL.CD,2000 (YR2000),Gap-filled with countries' balance of payments statistics.,Senegal,"Total reserves (includes gold, current US$)"
FootNote,SEN,BX.KLT.DINV.CD.DT,1971 (YR1971),"Source: United Nations Conference on Trade and Development, Foreign Direct Investment Online database.",Senegal,"Foreign direct investment, net inflows in reporting economy (DRS, current US$)"
FootNote,SEN,BX.KLT.DINV.CD.DT,1972 (YR1972),"Source: United Nations Conference on Trade and Development, Foreign Direct Investment Online database.",Senegal,"Foreign direct investment, net inflows in reporting economy (DRS, current US$)"
FootNote,SEN,BX.KLT.DINV.CD.DT,1973 (YR1973),"Source: United Nations Conference on Trade and Development, Foreign Direct Investment Online database.",Senegal,"Foreign direct investment, net inflows in reporting economy (DRS, current US$)"
FootNote,SEN,BX.KLT.DINV.CD.DT,1970 (YR1970),"Source: United Nations Conference on Trade and Development, Foreign Direct Investment Online database.",Senegal,"Foreign direct investment, net inflows in reporting economy (DRS, current US$)"
FootNote,SRB,SP.POP.TOTL,2017 (YR2017),Data on Kosovo are excluded.,Serbia,"Population, total"
FootNote,SRB,SP.POP.TOTL,2018 (YR2018),Data on Kosovo are excluded.,Serbia,"Population, total"
FootNote,SRB,SP.POP.TOTL,2019 (YR2019),Data on Kosovo are excluded. Extrapolated assuming the same growth rate as previous 6 months.,Serbia,"Population, total"
FootNote,SRB,DT.DOD.DECT.CD,2006 (YR2006),Beginning 2006 the DRS data for Serbia exclude Montenegro.,Serbia,"External debt stocks, total (DOD, current US$)"
FootNote,SRB,SP.POP.TOTL,2002 (YR2002),Data on Kosovo are excluded.,Serbia,"Population, total"
FootNote,SRB,SP.POP.TOTL,2004 (YR2004),Data on Kosovo are excluded.,Serbia,"Population, total"
FootNote,SRB,SP.POP.TOTL,2006 (YR2006),Data on Kosovo are excluded.,Serbia,"Population, total"
FootNote,SRB,SP.POP.TOTL,2009 (YR2009),Data on Kosovo are excluded.,Serbia,"Population, total"
FootNote,SRB,SP.POP.TOTL,2005 (YR2005),Data on Kosovo are excluded.,Serbia,"Population, total"
FootNote,SRB,SP.POP.TOTL,2008 (YR2008),Data on Kosovo are excluded.,Serbia,"Population, total"
FootNote,SRB,SP.POP.TOTL,2003 (YR2003),Data on Kosovo are excluded.,Serbia,"Population, total"
FootNote,SRB,SP.POP.TOTL,2007 (YR2007),Data on Kosovo are excluded.,Serbia,"Population, total"
FootNote,SRB,SP.POP.TOTL,2001 (YR2001),Data on Kosovo are excluded.,Serbia,"Population, total"
FootNote,SRB,SP.POP.TOTL,2015 (YR2015),Data on Kosovo are excluded.,Serbia,"Population, total"
FootNote,SRB,SP.POP.TOTL,2010 (YR2010),Data on Kosovo are excluded.,Serbia,"Population, total"
FootNote,SRB,SP.POP.TOTL,2012 (YR2012),Data on Kosovo are excluded.,Serbia,"Population, total"
FootNote,SRB,SP.POP.TOTL,2013 (YR2013),Data on Kosovo are excluded.,Serbia,"Population, total"
FootNote,SRB,SP.POP.TOTL,2014 (YR2014),Data on Kosovo are excluded.,Serbia,"Population, total"
FootNote,SRB,SP.POP.TOTL,2016 (YR2016),Data on Kosovo are excluded.,Serbia,"Population, total"
FootNote,SRB,SP.POP.TOTL,2011 (YR2011),Data on Kosovo are excluded. Break in series.,Serbia,"Population, total"
FootNote,SRB,SP.POP.TOTL,1998 (YR1998),Data on Kosovo are excluded.,Serbia,"Population, total"
FootNote,SRB,SP.POP.TOTL,2000 (YR2000),Data on Kosovo are excluded.,Serbia,"Population, total"
FootNote,SRB,SP.POP.TOTL,1997 (YR1997),Data on Kosovo are excluded.,Serbia,"Population, total"
FootNote,SRB,SP.POP.TOTL,1990 (YR1990),Data on Kosovo are excluded.,Serbia,"Population, total"
FootNote,SRB,SP.POP.TOTL,1994 (YR1994),Data on Kosovo are excluded.,Serbia,"Population, total"
FootNote,SRB,SP.POP.TOTL,1999 (YR1999),Data on Kosovo are excluded.,Serbia,"Population, total"
FootNote,SRB,SP.POP.TOTL,1991 (YR1991),Data on Kosovo are excluded.,Serbia,"Population, total"
FootNote,SRB,SP.POP.TOTL,1992 (YR1992),Data on Kosovo are excluded.,Serbia,"Population, total"
FootNote,SRB,SP.POP.TOTL,1996 (YR1996),Data on Kosovo are excluded.,Serbia,"Population, total"
FootNote,SRB,SP.POP.TOTL,1993 (YR1993),Data on Kosovo are excluded.,Serbia,"Population, total"
FootNote,SRB,SP.POP.TOTL,1995 (YR1995),Data on Kosovo are excluded. Break in series.,Serbia,"Population, total"
FootNote,SRB,BX.KLT.DINV.CD.DT,1993 (YR1993),"Includes Montenegro. Source: United Nations Conference on Trade and Development, Foreign Direct Investment Online database.",Serbia,"Foreign direct investment, net inflows in reporting economy (DRS, current US$)"
FootNote,SRB,BX.KLT.DINV.CD.DT,1996 (YR1996),"Includes Montenegro. Source: United Nations Conference on Trade and Development, Foreign Direct Investment Online database.",Serbia,"Foreign direct investment, net inflows in reporting economy (DRS, current US$)"
FootNote,SRB,BX.KLT.DINV.CD.DT,1999 (YR1999),"Includes Montenegro. Source: United Nations Conference on Trade and Development, Foreign Direct Investment Online database.",Serbia,"Foreign direct investment, net inflows in reporting economy (DRS, current US$)"
FootNote,SRB,BX.KLT.DINV.CD.DT,1994 (YR1994),"Includes Montenegro. Source: United Nations Conference on Trade and Development, Foreign Direct Investment Online database.",Serbia,"Foreign direct investment, net inflows in reporting economy (DRS, current US$)"
FootNote,SRB,BX.KLT.DINV.CD.DT,1998 (YR1998),"Includes Montenegro. Source: United Nations Conference on Trade and Development, Foreign Direct Investment Online database.",Serbia,"Foreign direct investment, net inflows in reporting economy (DRS, current US$)"
FootNote,SRB,BX.KLT.DINV.CD.DT,1995 (YR1995),"Includes Montenegro. Source: United Nations Conference on Trade and Development, Foreign Direct Investment Online database.",Serbia,"Foreign direct investment, net inflows in reporting economy (DRS, current US$)"
FootNote,SRB,BX.KLT.DINV.CD.DT,1992 (YR1992),"Includes Montenegro. Source: United Nations Conference on Trade and Development, Foreign Direct Investment Online database.",Serbia,"Foreign direct investment, net inflows in reporting economy (DRS, current US$)"
FootNote,SRB,BX.KLT.DINV.CD.DT,1997 (YR1997),"Includes Montenegro. Source: United Nations Conference on Trade and Development, Foreign Direct Investment Online database.",Serbia,"Foreign direct investment, net inflows in reporting economy (DRS, current US$)"
FootNote,SRB,SP.POP.TOTL,1987 (YR1987),Data on Kosovo are excluded.,Serbia,"Population, total"
FootNote,SRB,SP.POP.TOTL,1988 (YR1988),Data on Kosovo are excluded.,Serbia,"Population, total"
FootNote,SRB,SP.POP.TOTL,1985 (YR1985),Data on Kosovo are excluded.,Serbia,"Population, total"
FootNote,SRB,SP.POP.TOTL,1989 (YR1989),Data on Kosovo are excluded.,Serbia,"Population, total"
FootNote,SRB,SP.POP.TOTL,1986 (YR1986),Data on Kosovo are excluded.,Serbia,"Population, total"
FootNote,SRB,SP.POP.TOTL,1979 (YR1979),Data on Kosovo are excluded.,Serbia,"Population, total"
FootNote,SRB,SP.POP.TOTL,1976 (YR1976),Data on Kosovo are excluded.,Serbia,"Population, total"
FootNote,SRB,SP.POP.TOTL,1973 (YR1973),Data on Kosovo are excluded.,Serbia,"Population, total"
FootNote,SRB,SP.POP.TOTL,1982 (YR1982),Data on Kosovo are excluded.,Serbia,"Population, total"
FootNote,SRB,SP.POP.TOTL,1975 (YR1975),Data on Kosovo are excluded.,Serbia,"Population, total"
FootNote,SRB,SP.POP.TOTL,1972 (YR1972),Data on Kosovo are excluded.,Serbia,"Population, total"
FootNote,SRB,SP.POP.TOTL,1983 (YR1983),Data on Kosovo are excluded.,Serbia,"Population, total"
FootNote,SRB,SP.POP.TOTL,1981 (YR1981),Data on Kosovo are excluded.,Serbia,"Population, total"
FootNote,SRB,SP.POP.TOTL,1984 (YR1984),Data on Kosovo are excluded.,Serbia,"Population, total"
FootNote,SRB,SP.POP.TOTL,1970 (YR1970),Data on Kosovo are excluded.,Serbia,"Population, total"
FootNote,SRB,SP.POP.TOTL,1978 (YR1978),Data on Kosovo are excluded.,Serbia,"Population, total"
FootNote,SRB,SP.POP.TOTL,1971 (YR1971),Data on Kosovo are excluded.,Serbia,"Population, total"
FootNote,SRB,SP.POP.TOTL,1980 (YR1980),Data on Kosovo are excluded.,Serbia,"Population, total"
FootNote,SRB,SP.POP.TOTL,1977 (YR1977),Data on Kosovo are excluded.,Serbia,"Population, total"
FootNote,SRB,SP.POP.TOTL,1974 (YR1974),Data on Kosovo are excluded.,Serbia,"Population, total"
FootNote,SLE,BM.GSR.TOTL.CD,2024 (YR2024),"Data are prepared by World Bank staff based on IMF's Balance of Payments statistics and data releases from central banks, national statistical agencies, and World Bank country desks.",Sierra Leone,"Imports of goods, services and primary income (current US$)"
FootNote,SLE,BX.GSR.TOTL.CD,2024 (YR2024),"Data are prepared by World Bank staff based on IMF's Balance of Payments statistics and data releases from central banks, national statistical agencies, and World Bank country desks.",Sierra Leone,"Exports of goods, services and primary income (current US$)"
FootNote,SLE,BN.CAB.XOKA.CD,2024 (YR2024),Gap-filled with countries' balance of payments statistics.,Sierra Leone,Current account balance (current US$)
FootNote,SLE,BX.TRF.PWKR.CD.DT,2024 (YR2024),"Data on Personal Transfers and Compensation of Employees are prepared by World Bank staff based on IMF's Balance of Payments statistics and data releases from central banks, national statistical agencies, and World Bank country desks.",Sierra Leone,"Personal transfers and compensation of employees, received (current US$)"
FootNote,SLE,BX.KLT.DINV.CD.DT,2024 (YR2024),"Source: United Nations Conference on Trade and Development, Foreign Direct Investment Online database.",Sierra Leone,"Foreign direct investment, net inflows in reporting economy (DRS, current US$)"
FootNote,SLE,DT.DOD.DECT.CD,2007 (YR2007),Data include the effects of MDRI and HIPC debt relief and Paris Club debt restructuring agreement.,Sierra Leone,"External debt stocks, total (DOD, current US$)"
FootNote,SLE,DT.DFR.DPPG.CD,2007 (YR2007),Data include the effects of MDRI and HIPC debt relief.,Sierra Leone,Debt forgiveness or reduction (current US$)
FootNote,SLE,DT.DOD.PVLX.GN.ZS,2009 (YR2009),Data are from debt sustainability analyses for low-income countries. Present value estimates for these countries are for public and publicly guaranteed debt only.,Sierra Leone,Present value of external debt (% of GNI)
FootNote,SLE,DT.DOD.PVLX.EX.ZS,2009 (YR2009),Data are from debt sustainability analyses for low-income countries. Present value estimates for these countries are for public and publicly guaranteed debt only.,Sierra Leone,"Present value of external debt (% of exports of goods, services and income)"
FootNote,SLE,BX.KLT.DINV.CD.DT,1971 (YR1971),"Source: United Nations Conference on Trade and Development, Foreign Direct Investment Online database.",Sierra Leone,"Foreign direct investment, net inflows in reporting economy (DRS, current US$)"
FootNote,SLE,BX.KLT.DINV.CD.DT,1972 (YR1972),"Source: United Nations Conference on Trade and Development, Foreign Direct Investment Online database.",Sierra Leone,"Foreign direct investment, net inflows in reporting economy (DRS, current US$)"
FootNote,SLE,BX.KLT.DINV.CD.DT,1976 (YR1976),"Source: United Nations Conference on Trade and Development, Foreign Direct Investment Online database.",Sierra Leone,"Foreign direct investment, net inflows in reporting economy (DRS, current US$)"
FootNote,SLE,BX.KLT.DINV.CD.DT,1974 (YR1974),"Source: United Nations Conference on Trade and Development, Foreign Direct Investment Online database.",Sierra Leone,"Foreign direct investment, net inflows in reporting economy (DRS, current US$)"
FootNote,SLE,BX.KLT.DINV.CD.DT,1973 (YR1973),"Source: United Nations Conference on Trade and Development, Foreign Direct Investment Online database.",Sierra Leone,"Foreign direct investment, net inflows in reporting economy (DRS, current US$)"
FootNote,SLE,BX.KLT.DINV.CD.DT,1970 (YR1970),"Source: United Nations Conference on Trade and Development, Foreign Direct Investment Online database.",Sierra Leone,"Foreign direct investment, net inflows in reporting economy (DRS, current US$)"
FootNote,SLE,BX.KLT.DINV.CD.DT,1975 (YR1975),"Source: United Nations Conference on Trade and Development, Foreign Direct Investment Online database.",Sierra Leone,"Foreign direct investment, net inflows in reporting economy (DRS, current US$)"
FootNote,SLB,BX.KLT.DINV.CD.DT,1972 (YR1972),"Source: United Nations Conference on Trade and Development, Foreign Direct Investment Online database.",Solomon Islands,"Foreign direct investment, net inflows in reporting economy (DRS, current US$)"
FootNote,SLB,BX.KLT.DINV.CD.DT,1971 (YR1971),"Source: United Nations Conference on Trade and Development, Foreign Direct Investment Online database.",Solomon Islands,"Foreign direct investment, net inflows in reporting economy (DRS, current US$)"
FootNote,SLB,BX.KLT.DINV.CD.DT,1974 (YR1974),"Source: United Nations Conference on Trade and Development, Foreign Direct Investment Online database.",Solomon Islands,"Foreign direct investment, net inflows in reporting economy (DRS, current US$)"
FootNote,SLB,BX.KLT.DINV.CD.DT,1973 (YR1973),"Source: United Nations Conference on Trade and Development, Foreign Direct Investment Online database.",Solomon Islands,"Foreign direct investment, net inflows in reporting economy (DRS, current US$)"
FootNote,SOM,BX.KLT.DINV.CD.DT,2019 (YR2019),"Source: United Nations Conference on Trade and Development, Foreign Direct Investment Online database.","Somalia, Fed. Rep.","Foreign direct investment, net inflows in reporting economy (DRS, current US$)"
FootNote,SOM,BX.KLT.DINV.CD.DT,2023 (YR2023),"Source: United Nations Conference on Trade and Development, Foreign Direct Investment Online database.","Somalia, Fed. Rep.","Foreign direct investment, net inflows in reporting economy (DRS, current US$)"
FootNote,SOM,BX.KLT.DINV.CD.DT,2018 (YR2018),"Source: United Nations Conference on Trade and Development, Foreign Direct Investment Online database.","Somalia, Fed. Rep.","Foreign direct investment, net inflows in reporting economy (DRS, current US$)"
FootNote,SOM,BX.KLT.DINV.CD.DT,2017 (YR2017),"Source: United Nations Conference on Trade and Development, Foreign Direct Investment Online database.","Somalia, Fed. Rep.","Foreign direct investment, net inflows in reporting economy (DRS, current US$)"
FootNote,SOM,BX.KLT.DINV.CD.DT,2024 (YR2024),"Source: United Nations Conference on Trade and Development, Foreign Direct Investment Online database.","Somalia, Fed. Rep.","Foreign direct investment, net inflows in reporting economy (DRS, current US$)"
FootNote,SOM,BX.KLT.DINV.CD.DT,2020 (YR2020),"Source: United Nations Conference on Trade and Development, Foreign Direct Investment Online database.","Somalia, Fed. Rep.","Foreign direct investment, net inflows in reporting economy (DRS, current US$)"
FootNote,SOM,BX.KLT.DINV.CD.DT,2022 (YR2022),"Source: United Nations Conference on Trade and Development, Foreign Direct Investment Online database.","Somalia, Fed. Rep.","Foreign direct investment, net inflows in reporting economy (DRS, current US$)"
FootNote,SOM,BX.KLT.DINV.CD.DT,2021 (YR2021),"Source: United Nations Conference on Trade and Development, Foreign Direct Investment Online database.","Somalia, Fed. Rep.","Foreign direct investment, net inflows in reporting economy (DRS, current US$)"
FootNote,SOM,BX.TRF.PWKR.CD.DT,2024 (YR2024),"Data on Personal Transfers and Compensation of Employees are prepared by World Bank staff based on IMF's Balance of Payments statistics and data releases from central banks, national statistical agencies, and World Bank country desks.","Somalia, Fed. Rep.","Personal transfers and compensation of employees, received (current US$)"
FootNote,SOM,BM.GSR.TOTL.CD,2022 (YR2022),Gap-filled with countries' balance of payments statistics.,"Somalia, Fed. Rep.","Imports of goods, services and primary income (current US$)"
FootNote,SOM,BM.GSR.TOTL.CD,2018 (YR2018),Gap-filled with countries' balance of payments statistics.,"Somalia, Fed. Rep.","Imports of goods, services and primary income (current US$)"
FootNote,SOM,BX.TRF.PWKR.CD.DT,2022 (YR2022),Gap-filled with countries' balance of payments statistics.,"Somalia, Fed. Rep.","Personal transfers and compensation of employees, received (current US$)"
FootNote,SOM,BX.TRF.PWKR.CD.DT,2017 (YR2017),Gap-filled with countries' balance of payments statistics.,"Somalia, Fed. Rep.","Personal transfers and compensation of employees, received (current US$)"
FootNote,SOM,BX.TRF.PWKR.CD.DT,2019 (YR2019),Gap-filled with countries' balance of payments statistics.,"Somalia, Fed. Rep.","Personal transfers and compensation of employees, received (current US$)"
FootNote,SOM,BX.TRF.PWKR.CD.DT,2021 (YR2021),Gap-filled with countries' balance of payments statistics.,"Somalia, Fed. Rep.","Personal transfers and compensation of employees, received (current US$)"
FootNote,SOM,BX.TRF.PWKR.CD.DT,2018 (YR2018),Gap-filled with countries' balance of payments statistics.,"Somalia, Fed. Rep.","Personal transfers and compensation of employees, received (current US$)"
FootNote,SOM,BX.TRF.PWKR.CD.DT,2020 (YR2020),Gap-filled with countries' balance of payments statistics.,"Somalia, Fed. Rep.","Personal transfers and compensation of employees, received (current US$)"
FootNote,SOM,BX.TRF.PWKR.CD.DT,2023 (YR2023),"Source: United Nations Conference on Trade and Development, Balance of Payments Online database.","Somalia, Fed. Rep.","Personal transfers and compensation of employees, received (current US$)"
FootNote,SOM,BN.CAB.XOKA.CD,2017 (YR2017),Gap-filled with countries' balance of payments statistics.,"Somalia, Fed. Rep.",Current account balance (current US$)
FootNote,SOM,BN.CAB.XOKA.CD,2023 (YR2023),Gap-filled with countries' balance of payments statistics.,"Somalia, Fed. Rep.",Current account balance (current US$)
FootNote,SOM,BN.CAB.XOKA.CD,2021 (YR2021),Gap-filled with countries' balance of payments statistics.,"Somalia, Fed. Rep.",Current account balance (current US$)
FootNote,SOM,BN.CAB.XOKA.CD,2020 (YR2020),Gap-filled with countries' balance of payments statistics.,"Somalia, Fed. Rep.",Current account balance (current US$)
FootNote,SOM,BN.CAB.XOKA.CD,2019 (YR2019),Gap-filled with countries' balance of payments statistics.,"Somalia, Fed. Rep.",Current account balance (current US$)
FootNote,SOM,BN.CAB.XOKA.CD,2022 (YR2022),Gap-filled with countries' balance of payments statistics.,"Somalia, Fed. Rep.",Current account balance (current US$)
FootNote,SOM,BN.CAB.XOKA.CD,2018 (YR2018),Gap-filled with countries' balance of payments statistics.,"Somalia, Fed. Rep.",Current account balance (current US$)
FootNote,SOM,BN.CAB.XOKA.CD,2024 (YR2024),Gap-filled with countries' balance of payments statistics.,"Somalia, Fed. Rep.",Current account balance (current US$)
FootNote,SOM,BX.GSR.TOTL.CD,2019 (YR2019),Gap-filled with countries' balance of payments statistics.,"Somalia, Fed. Rep.","Exports of goods, services and primary income (current US$)"
FootNote,SOM,BX.GSR.TOTL.CD,2017 (YR2017),Gap-filled with countries' balance of payments statistics.,"Somalia, Fed. Rep.","Exports of goods, services and primary income (current US$)"
FootNote,SOM,BX.GSR.TOTL.CD,2023 (YR2023),"Data are prepared by World Bank staff based on IMF's Balance of Payments statistics and data releases from central banks, national statistical agencies, and World Bank country desks.","Somalia, Fed. Rep.","Exports of goods, services and primary income (current US$)"
FootNote,SOM,BX.GSR.TOTL.CD,2024 (YR2024),"Data are prepared by World Bank staff based on IMF's Balance of Payments statistics and data releases from central banks, national statistical agencies, and World Bank country desks.","Somalia, Fed. Rep.","Exports of goods, services and primary income (current US$)"
FootNote,SOM,BX.GSR.TOTL.CD,2018 (YR2018),Gap-filled with countries' balance of payments statistics.,"Somalia, Fed. Rep.","Exports of goods, services and primary income (current US$)"
FootNote,SOM,BX.GSR.TOTL.CD,2022 (YR2022),Gap-filled with countries' balance of payments statistics.,"Somalia, Fed. Rep.","Exports of goods, services and primary income (current US$)"
FootNote,SOM,BX.GSR.TOTL.CD,2021 (YR2021),Gap-filled with countries' balance of payments statistics.,"Somalia, Fed. Rep.","Exports of goods, services and primary income (current US$)"
FootNote,SOM,BM.GSR.TOTL.CD,2017 (YR2017),Gap-filled with countries' balance of payments statistics.,"Somalia, Fed. Rep.","Imports of goods, services and primary income (current US$)"
FootNote,SOM,BM.GSR.TOTL.CD,2020 (YR2020),Gap-filled with countries' balance of payments statistics.,"Somalia, Fed. Rep.","Imports of goods, services and primary income (current US$)"
FootNote,SOM,BM.GSR.TOTL.CD,2019 (YR2019),Gap-filled with countries' balance of payments statistics.,"Somalia, Fed. Rep.","Imports of goods, services and primary income (current US$)"
FootNote,SOM,BM.GSR.TOTL.CD,2021 (YR2021),Gap-filled with countries' balance of payments statistics.,"Somalia, Fed. Rep.","Imports of goods, services and primary income (current US$)"
FootNote,SOM,BX.GSR.TOTL.CD,2020 (YR2020),Gap-filled with countries' balance of payments statistics.,"Somalia, Fed. Rep.","Exports of goods, services and primary income (current US$)"
FootNote,SOM,BM.GSR.TOTL.CD,2023 (YR2023),"Data are prepared by World Bank staff based on IMF's Balance of Payments statistics and data releases from central banks, national statistical agencies, and World Bank country desks.","Somalia, Fed. Rep.","Imports of goods, services and primary income (current US$)"
FootNote,SOM,BM.GSR.TOTL.CD,2024 (YR2024),"Data are prepared by World Bank staff based on IMF's Balance of Payments statistics and data releases from central banks, national statistical agencies, and World Bank country desks.","Somalia, Fed. Rep.","Imports of goods, services and primary income (current US$)"
FootNote,SOM,DT.DOD.PVLX.EX.ZS,2009 (YR2009),Data are from debt sustainability analyses for low-income countries. Present value estimates for these countries are for public and publicly guaranteed debt only.,"Somalia, Fed. Rep.","Present value of external debt (% of exports of goods, services and income)"
FootNote,SOM,DT.DOD.PVLX.GN.ZS,2009 (YR2009),Data are from debt sustainability analyses for low-income countries. Present value estimates for these countries are for public and publicly guaranteed debt only.,"Somalia, Fed. Rep.",Present value of external debt (% of GNI)
FootNote,SOM,BN.CAB.XOKA.CD,2016 (YR2016),Gap-filled with countries' balance of payments statistics.,"Somalia, Fed. Rep.",Current account balance (current US$)
FootNote,SOM,BN.CAB.XOKA.CD,2015 (YR2015),Gap-filled with countries' balance of payments statistics.,"Somalia, Fed. Rep.",Current account balance (current US$)
FootNote,SOM,BN.CAB.XOKA.CD,2013 (YR2013),Gap-filled with countries' balance of payments statistics.,"Somalia, Fed. Rep.",Current account balance (current US$)
FootNote,SOM,BN.CAB.XOKA.CD,2014 (YR2014),Gap-filled with countries' balance of payments statistics.,"Somalia, Fed. Rep.",Current account balance (current US$)
FootNote,SOM,BX.GSR.TOTL.CD,2015 (YR2015),Gap-filled with countries' balance of payments statistics.,"Somalia, Fed. Rep.","Exports of goods, services and primary income (current US$)"
FootNote,SOM,BX.GSR.TOTL.CD,2016 (YR2016),Gap-filled with countries' balance of payments statistics.,"Somalia, Fed. Rep.","Exports of goods, services and primary income (current US$)"
FootNote,SOM,BX.GSR.TOTL.CD,2013 (YR2013),Gap-filled with countries' balance of payments statistics.,"Somalia, Fed. Rep.","Exports of goods, services and primary income (current US$)"
FootNote,SOM,BM.GSR.TOTL.CD,2013 (YR2013),Gap-filled with countries' balance of payments statistics.,"Somalia, Fed. Rep.","Imports of goods, services and primary income (current US$)"
FootNote,SOM,BM.GSR.TOTL.CD,2015 (YR2015),Gap-filled with countries' balance of payments statistics.,"Somalia, Fed. Rep.","Imports of goods, services and primary income (current US$)"
FootNote,SOM,BM.GSR.TOTL.CD,2014 (YR2014),Gap-filled with countries' balance of payments statistics.,"Somalia, Fed. Rep.","Imports of goods, services and primary income (current US$)"
FootNote,SOM,BX.GSR.TOTL.CD,2014 (YR2014),Gap-filled with countries' balance of payments statistics.,"Somalia, Fed. Rep.","Exports of goods, services and primary income (current US$)"
FootNote,SOM,BM.GSR.TOTL.CD,2016 (YR2016),Gap-filled with countries' balance of payments statistics.,"Somalia, Fed. Rep.","Imports of goods, services and primary income (current US$)"
FootNote,SOM,BX.KLT.DINV.CD.DT,2002 (YR2002),"Source: United Nations Conference on Trade and Development, Foreign Direct Investment Online database.","Somalia, Fed. Rep.","Foreign direct investment, net inflows in reporting economy (DRS, current US$)"
FootNote,SOM,BX.KLT.DINV.CD.DT,2014 (YR2014),"Source: United Nations Conference on Trade and Development, Foreign Direct Investment Online database.","Somalia, Fed. Rep.","Foreign direct investment, net inflows in reporting economy (DRS, current US$)"
FootNote,SOM,BX.KLT.DINV.CD.DT,2005 (YR2005),"Source: United Nations Conference on Trade and Development, Foreign Direct Investment Online database.","Somalia, Fed. Rep.","Foreign direct investment, net inflows in reporting economy (DRS, current US$)"
FootNote,SOM,BX.TRF.PWKR.CD.DT,2015 (YR2015),Gap-filled with countries' balance of payments statistics.,"Somalia, Fed. Rep.","Personal transfers and compensation of employees, received (current US$)"
FootNote,SOM,BX.TRF.PWKR.CD.DT,2013 (YR2013),Gap-filled with countries' balance of payments statistics.,"Somalia, Fed. Rep.","Personal transfers and compensation of employees, received (current US$)"
FootNote,SOM,BX.TRF.PWKR.CD.DT,2014 (YR2014),Gap-filled with countries' balance of payments statistics.,"Somalia, Fed. Rep.","Personal transfers and compensation of employees, received (current US$)"
FootNote,SOM,BX.TRF.PWKR.CD.DT,2016 (YR2016),Gap-filled with countries' balance of payments statistics.,"Somalia, Fed. Rep.","Personal transfers and compensation of employees, received (current US$)"
FootNote,SOM,BX.KLT.DINV.CD.DT,2006 (YR2006),"Source: United Nations Conference on Trade and Development, Foreign Direct Investment Online database.","Somalia, Fed. Rep.","Foreign direct investment, net inflows in reporting economy (DRS, current US$)"
FootNote,SOM,BX.KLT.DINV.CD.DT,2008 (YR2008),"Source: United Nations Conference on Trade and Development, Foreign Direct Investment Online database.","Somalia, Fed. Rep.","Foreign direct investment, net inflows in reporting economy (DRS, current US$)"
FootNote,SOM,BX.KLT.DINV.CD.DT,2001 (YR2001),"Source: United Nations Conference on Trade and Development, Foreign Direct Investment Online database.","Somalia, Fed. Rep.","Foreign direct investment, net inflows in reporting economy (DRS, current US$)"
FootNote,SOM,BX.KLT.DINV.CD.DT,2013 (YR2013),"Source: United Nations Conference on Trade and Development, Foreign Direct Investment Online database.","Somalia, Fed. Rep.","Foreign direct investment, net inflows in reporting economy (DRS, current US$)"
FootNote,SOM,BX.KLT.DINV.CD.DT,2004 (YR2004),"Source: United Nations Conference on Trade and Development, Foreign Direct Investment Online database.","Somalia, Fed. Rep.","Foreign direct investment, net inflows in reporting economy (DRS, current US$)"
FootNote,SOM,BX.KLT.DINV.CD.DT,2015 (YR2015),"Source: United Nations Conference on Trade and Development, Foreign Direct Investment Online database.","Somalia, Fed. Rep.","Foreign direct investment, net inflows in reporting economy (DRS, current US$)"
FootNote,SOM,BX.KLT.DINV.CD.DT,2007 (YR2007),"Source: United Nations Conference on Trade and Development, Foreign Direct Investment Online database.","Somalia, Fed. Rep.","Foreign direct investment, net inflows in reporting economy (DRS, current US$)"
FootNote,SOM,BX.KLT.DINV.CD.DT,2003 (YR2003),"Source: United Nations Conference on Trade and Development, Foreign Direct Investment Online database.","Somalia, Fed. Rep.","Foreign direct investment, net inflows in reporting economy (DRS, current US$)"
FootNote,SOM,BX.KLT.DINV.CD.DT,2011 (YR2011),"Source: United Nations Conference on Trade and Development, Foreign Direct Investment Online database.","Somalia, Fed. Rep.","Foreign direct investment, net inflows in reporting economy (DRS, current US$)"
FootNote,SOM,BX.KLT.DINV.CD.DT,2009 (YR2009),"Source: United Nations Conference on Trade and Development, Foreign Direct Investment Online database.","Somalia, Fed. Rep.","Foreign direct investment, net inflows in reporting economy (DRS, current US$)"
FootNote,SOM,BX.KLT.DINV.CD.DT,2010 (YR2010),"Source: United Nations Conference on Trade and Development, Foreign Direct Investment Online database.","Somalia, Fed. Rep.","Foreign direct investment, net inflows in reporting economy (DRS, current US$)"
FootNote,SOM,BX.KLT.DINV.CD.DT,2012 (YR2012),"Source: United Nations Conference on Trade and Development, Foreign Direct Investment Online database.","Somalia, Fed. Rep.","Foreign direct investment, net inflows in reporting economy (DRS, current US$)"
FootNote,SOM,BX.KLT.DINV.CD.DT,2016 (YR2016),"Source: United Nations Conference on Trade and Development, Foreign Direct Investment Online database.","Somalia, Fed. Rep.","Foreign direct investment, net inflows in reporting economy (DRS, current US$)"
FootNote,SOM,BX.KLT.DINV.CD.DT,1991 (YR1991),"Source: United Nations Conference on Trade and Development, Foreign Direct Investment Online database.","Somalia, Fed. Rep.","Foreign direct investment, net inflows in reporting economy (DRS, current US$)"
FootNote,SOM,BX.KLT.DINV.CD.DT,1992 (YR1992),"Source: United Nations Conference on Trade and Development, Foreign Direct Investment Online database.","Somalia, Fed. Rep.","Foreign direct investment, net inflows in reporting economy (DRS, current US$)"
FootNote,SOM,BX.KLT.DINV.CD.DT,1990 (YR1990),"Source: United Nations Conference on Trade and Development, Foreign Direct Investment Online database.","Somalia, Fed. Rep.","Foreign direct investment, net inflows in reporting economy (DRS, current US$)"
FootNote,SOM,BX.KLT.DINV.CD.DT,1997 (YR1997),"Source: United Nations Conference on Trade and Development, Foreign Direct Investment Online database.","Somalia, Fed. Rep.","Foreign direct investment, net inflows in reporting economy (DRS, current US$)"
FootNote,SOM,BX.KLT.DINV.CD.DT,1998 (YR1998),"Source: United Nations Conference on Trade and Development, Foreign Direct Investment Online database.","Somalia, Fed. Rep.","Foreign direct investment, net inflows in reporting economy (DRS, current US$)"
FootNote,SOM,BX.KLT.DINV.CD.DT,1989 (YR1989),"Source: United Nations Conference on Trade and Development, Foreign Direct Investment Online database.","Somalia, Fed. Rep.","Foreign direct investment, net inflows in reporting economy (DRS, current US$)"
FootNote,SOM,BX.KLT.DINV.CD.DT,1988 (YR1988),"Source: United Nations Conference on Trade and Development, Foreign Direct Investment Online database.","Somalia, Fed. Rep.","Foreign direct investment, net inflows in reporting economy (DRS, current US$)"
FootNote,SOM,BX.KLT.DINV.CD.DT,1987 (YR1987),"Source: United Nations Conference on Trade and Development, Foreign Direct Investment Online database.","Somalia, Fed. Rep.","Foreign direct investment, net inflows in reporting economy (DRS, current US$)"
FootNote,SOM,BX.KLT.DINV.CD.DT,1986 (YR1986),"Source: United Nations Conference on Trade and Development, Foreign Direct Investment Online database.","Somalia, Fed. Rep.","Foreign direct investment, net inflows in reporting economy (DRS, current US$)"
FootNote,SOM,BX.KLT.DINV.CD.DT,2000 (YR2000),"Source: United Nations Conference on Trade and Development, Foreign Direct Investment Online database.","Somalia, Fed. Rep.","Foreign direct investment, net inflows in reporting economy (DRS, current US$)"
FootNote,SOM,BX.KLT.DINV.CD.DT,1999 (YR1999),"Source: United Nations Conference on Trade and Development, Foreign Direct Investment Online database.","Somalia, Fed. Rep.","Foreign direct investment, net inflows in reporting economy (DRS, current US$)"
FootNote,SOM,BX.KLT.DINV.CD.DT,1995 (YR1995),"Source: United Nations Conference on Trade and Development, Foreign Direct Investment Online database.","Somalia, Fed. Rep.","Foreign direct investment, net inflows in reporting economy (DRS, current US$)"
FootNote,SOM,BX.KLT.DINV.CD.DT,1996 (YR1996),"Source: United Nations Conference on Trade and Development, Foreign Direct Investment Online database.","Somalia, Fed. Rep.","Foreign direct investment, net inflows in reporting economy (DRS, current US$)"
FootNote,SOM,BX.KLT.DINV.CD.DT,1993 (YR1993),"Source: United Nations Conference on Trade and Development, Foreign Direct Investment Online database.","Somalia, Fed. Rep.","Foreign direct investment, net inflows in reporting economy (DRS, current US$)"
FootNote,SOM,BX.KLT.DINV.CD.DT,1994 (YR1994),"Source: United Nations Conference on Trade and Development, Foreign Direct Investment Online database.","Somalia, Fed. Rep.","Foreign direct investment, net inflows in reporting economy (DRS, current US$)"
FootNote,SOM,BX.KLT.DINV.CD.DT,1976 (YR1976),"Source: United Nations Conference on Trade and Development, Foreign Direct Investment Online database.","Somalia, Fed. Rep.","Foreign direct investment, net inflows in reporting economy (DRS, current US$)"
FootNote,SOM,BX.KLT.DINV.CD.DT,1979 (YR1979),"Source: United Nations Conference on Trade and Development, Foreign Direct Investment Online database.","Somalia, Fed. Rep.","Foreign direct investment, net inflows in reporting economy (DRS, current US$)"
FootNote,SOM,BX.KLT.DINV.CD.DT,1970 (YR1970),"Source: United Nations Conference on Trade and Development, Foreign Direct Investment Online database.","Somalia, Fed. Rep.","Foreign direct investment, net inflows in reporting economy (DRS, current US$)"
FootNote,SOM,BX.KLT.DINV.CD.DT,1980 (YR1980),"Source: United Nations Conference on Trade and Development, Foreign Direct Investment Online database.","Somalia, Fed. Rep.","Foreign direct investment, net inflows in reporting economy (DRS, current US$)"
FootNote,SOM,BX.KLT.DINV.CD.DT,1973 (YR1973),"Source: United Nations Conference on Trade and Development, Foreign Direct Investment Online database.","Somalia, Fed. Rep.","Foreign direct investment, net inflows in reporting economy (DRS, current US$)"
FootNote,SOM,BX.KLT.DINV.CD.DT,1975 (YR1975),"Source: United Nations Conference on Trade and Development, Foreign Direct Investment Online database.","Somalia, Fed. Rep.","Foreign direct investment, net inflows in reporting economy (DRS, current US$)"
FootNote,SOM,BX.KLT.DINV.CD.DT,1974 (YR1974),"Source: United Nations Conference on Trade and Development, Foreign Direct Investment Online database.","Somalia, Fed. Rep.","Foreign direct investment, net inflows in reporting economy (DRS, current US$)"
FootNote,SOM,BX.KLT.DINV.CD.DT,1981 (YR1981),"Source: United Nations Conference on Trade and Development, Foreign Direct Investment Online database.","Somalia, Fed. Rep.","Foreign direct investment, net inflows in reporting economy (DRS, current US$)"
FootNote,SOM,BX.KLT.DINV.CD.DT,1972 (YR1972),"Source: United Nations Conference on Trade and Development, Foreign Direct Investment Online database.","Somalia, Fed. Rep.","Foreign direct investment, net inflows in reporting economy (DRS, current US$)"
FootNote,SOM,BX.KLT.DINV.CD.DT,1971 (YR1971),"Source: United Nations Conference on Trade and Development, Foreign Direct Investment Online database.","Somalia, Fed. Rep.","Foreign direct investment, net inflows in reporting economy (DRS, current US$)"
FootNote,ZAF,BX.KLT.DINV.CD.DT,1984 (YR1984),"Source: United Nations Conference on Trade and Development, Foreign Direct Investment Online database.",South Africa,"Foreign direct investment, net inflows in reporting economy (DRS, current US$)"
FootNote,ZAF,BX.KLT.DINV.CD.DT,1979 (YR1979),"Source: United Nations Conference on Trade and Development, Foreign Direct Investment Online database.",South Africa,"Foreign direct investment, net inflows in reporting economy (DRS, current US$)"
FootNote,ZAF,BX.KLT.DINV.CD.DT,1971 (YR1971),"Source: United Nations Conference on Trade and Development, Foreign Direct Investment Online database.",South Africa,"Foreign direct investment, net inflows in reporting economy (DRS, current US$)"
FootNote,ZAF,BX.KLT.DINV.CD.DT,1977 (YR1977),"Source: United Nations Conference on Trade and Development, Foreign Direct Investment Online database.",South Africa,"Foreign direct investment, net inflows in reporting economy (DRS, current US$)"
FootNote,ZAF,BX.KLT.DINV.CD.DT,1976 (YR1976),"Source: United Nations Conference on Trade and Development, Foreign Direct Investment Online database.",South Africa,"Foreign direct investment, net inflows in reporting economy (DRS, current US$)"
FootNote,ZAF,BX.KLT.DINV.CD.DT,1981 (YR1981),"Source: United Nations Conference on Trade and Development, Foreign Direct Investment Online database.",South Africa,"Foreign direct investment, net inflows in reporting economy (DRS, current US$)"
FootNote,ZAF,BX.KLT.DINV.CD.DT,1982 (YR1982),"Source: United Nations Conference on Trade and Development, Foreign Direct Investment Online database.",South Africa,"Foreign direct investment, net inflows in reporting economy (DRS, current US$)"
FootNote,ZAF,BX.KLT.DINV.CD.DT,1974 (YR1974),"Source: United Nations Conference on Trade and Development, Foreign Direct Investment Online database.",South Africa,"Foreign direct investment, net inflows in reporting economy (DRS, current US$)"
FootNote,ZAF,BX.KLT.DINV.CD.DT,1973 (YR1973),"Source: United Nations Conference on Trade and Development, Foreign Direct Investment Online database.",South Africa,"Foreign direct investment, net inflows in reporting economy (DRS, current US$)"
FootNote,ZAF,BX.KLT.DINV.CD.DT,1970 (YR1970),"Source: United Nations Conference on Trade and Development, Foreign Direct Investment Online database.",South Africa,"Foreign direct investment, net inflows in reporting economy (DRS, current US$)"
FootNote,ZAF,BX.KLT.DINV.CD.DT,1978 (YR1978),"Source: United Nations Conference on Trade and Development, Foreign Direct Investment Online database.",South Africa,"Foreign direct investment, net inflows in reporting economy (DRS, current US$)"
FootNote,ZAF,BX.KLT.DINV.CD.DT,1975 (YR1975),"Source: United Nations Conference on Trade and Development, Foreign Direct Investment Online database.",South Africa,"Foreign direct investment, net inflows in reporting economy (DRS, current US$)"
FootNote,ZAF,BX.KLT.DINV.CD.DT,1972 (YR1972),"Source: United Nations Conference on Trade and Development, Foreign Direct Investment Online database.",South Africa,"Foreign direct investment, net inflows in reporting economy (DRS, current US$)"
FootNote,ZAF,BX.KLT.DINV.CD.DT,1980 (YR1980),"Source: United Nations Conference on Trade and Development, Foreign Direct Investment Online database.",South Africa,"Foreign direct investment, net inflows in reporting economy (DRS, current US$)"
FootNote,ZAF,BX.KLT.DINV.CD.DT,1983 (YR1983),"Source: United Nations Conference on Trade and Development, Foreign Direct Investment Online database.",South Africa,"Foreign direct investment, net inflows in reporting economy (DRS, current US$)"
FootNote,LKA,BX.TRF.PWKR.CD.DT,2024 (YR2024),Gap-filled with countries' balance of payments statistics.,Sri Lanka,"Personal transfers and compensation of employees, received (current US$)"
FootNote,LKA,BX.KLT.DREM.CD.DT,2024 (YR2024),Gap-filled with countries' balance of payments statistics.,Sri Lanka,Primary income on FDI (current US$)
FootNote,LKA,BN.CAB.XOKA.CD,2024 (YR2024),Gap-filled with countries' balance of payments statistics.,Sri Lanka,Current account balance (current US$)
FootNote,LKA,SP.POP.TOTL,2018 (YR2018),Preliminary.,Sri Lanka,"Population, total"
FootNote,LKA,SP.POP.TOTL,2017 (YR2017),Preliminary.,Sri Lanka,"Population, total"
FootNote,LKA,SP.POP.TOTL,2019 (YR2019),Preliminary.,Sri Lanka,"Population, total"
FootNote,LKA,BX.GSR.TOTL.CD,2024 (YR2024),Gap-filled with countries' balance of payments statistics.,Sri Lanka,"Exports of goods, services and primary income (current US$)"
FootNote,LKA,BM.GSR.TOTL.CD,2024 (YR2024),Gap-filled with countries' balance of payments statistics.,Sri Lanka,"Imports of goods, services and primary income (current US$)"
FootNote,LKA,BX.KLT.DINV.CD.DT,2024 (YR2024),"Source: United Nations Conference on Trade and Development, Foreign Direct Investment Online database.",Sri Lanka,"Foreign direct investment, net inflows in reporting economy (DRS, current US$)"
FootNote,LKA,SP.POP.TOTL,2016 (YR2016),Preliminary.,Sri Lanka,"Population, total"
FootNote,LKA,BX.KLT.DINV.CD.DT,1974 (YR1974),"Source: United Nations Conference on Trade and Development, Foreign Direct Investment Online database.",Sri Lanka,"Foreign direct investment, net inflows in reporting economy (DRS, current US$)"
FootNote,LKA,BX.KLT.DINV.CD.DT,1970 (YR1970),"Source: United Nations Conference on Trade and Development, Foreign Direct Investment Online database.",Sri Lanka,"Foreign direct investment, net inflows in reporting economy (DRS, current US$)"
FootNote,LKA,BX.KLT.DINV.CD.DT,1973 (YR1973),"Source: United Nations Conference on Trade and Development, Foreign Direct Investment Online database.",Sri Lanka,"Foreign direct investment, net inflows in reporting economy (DRS, current US$)"
FootNote,LKA,BX.KLT.DINV.CD.DT,1976 (YR1976),"Source: United Nations Conference on Trade and Development, Foreign Direct Investment Online database.",Sri Lanka,"Foreign direct investment, net inflows in reporting economy (DRS, current US$)"
FootNote,LKA,BX.KLT.DINV.CD.DT,1972 (YR1972),"Source: United Nations Conference on Trade and Development, Foreign Direct Investment Online database.",Sri Lanka,"Foreign direct investment, net inflows in reporting economy (DRS, current US$)"
FootNote,LKA,BX.KLT.DINV.CD.DT,1971 (YR1971),"Source: United Nations Conference on Trade and Development, Foreign Direct Investment Online database.",Sri Lanka,"Foreign direct investment, net inflows in reporting economy (DRS, current US$)"
FootNote,SDN,BN.CAB.XOKA.CD,2024 (YR2024),Gap-filled with countries' balance of payments statistics.,Sudan,Current account balance (current US$)
FootNote,SDN,BN.CAB.XOKA.CD,2023 (YR2023),Gap-filled with countries' balance of payments statistics.,Sudan,Current account balance (current US$)
FootNote,SDN,BX.TRF.PWKR.CD.DT,2023 (YR2023),"Source: United Nations Conference on Trade and Development, Balance of Payments Online database.",Sudan,"Personal transfers and compensation of employees, received (current US$)"
FootNote,SDN,BX.TRF.PWKR.CD.DT,2024 (YR2024),"Data on Personal Transfers and Compensation of Employees are prepared by World Bank staff based on IMF's Balance of Payments statistics and data releases from central banks, national statistical agencies, and World Bank country desks.",Sudan,"Personal transfers and compensation of employees, received (current US$)"
FootNote,SDN,BX.KLT.DINV.CD.DT,2023 (YR2023),"Source: United Nations Conference on Trade and Development, Foreign Direct Investment Online database.",Sudan,"Foreign direct investment, net inflows in reporting economy (DRS, current US$)"
FootNote,SDN,BX.KLT.DINV.CD.DT,2024 (YR2024),"Source: United Nations Conference on Trade and Development, Foreign Direct Investment Online database.",Sudan,"Foreign direct investment, net inflows in reporting economy (DRS, current US$)"
FootNote,SDN,NY.GNP.MKTP.CD,2011 (YR2011),"Excludes South Sudan after July 9, 2011.",Sudan,GNI (current US$)
FootNote,SDN,DT.DOD.PVLX.EX.ZS,2009 (YR2009),Data are from debt sustainability analyses for low-income countries. Present value estimates for these countries are for public and publicly guaranteed debt only.,Sudan,"Present value of external debt (% of exports of goods, services and income)"
FootNote,SDN,DT.DOD.PVLX.GN.ZS,2009 (YR2009),Data are from debt sustainability analyses for low-income countries. Present value estimates for these countries are for public and publicly guaranteed debt only.,Sudan,Present value of external debt (% of GNI)
FootNote,SDN,BX.KLT.DINV.CD.DT,1991 (YR1991),"Source: United Nations Conference on Trade and Development, Foreign Direct Investment Online database.",Sudan,"Foreign direct investment, net inflows in reporting economy (DRS, current US$)"
FootNote,SDN,BX.KLT.DINV.CD.DT,1994 (YR1994),"Source: United Nations Conference on Trade and Development, Foreign Direct Investment Online database.",Sudan,"Foreign direct investment, net inflows in reporting economy (DRS, current US$)"
FootNote,SDN,BX.KLT.DINV.CD.DT,1992 (YR1992),"Source: United Nations Conference on Trade and Development, Foreign Direct Investment Online database.",Sudan,"Foreign direct investment, net inflows in reporting economy (DRS, current US$)"
FootNote,SDN,BX.KLT.DINV.CD.DT,1987 (YR1987),"Source: United Nations Conference on Trade and Development, Foreign Direct Investment Online database.",Sudan,"Foreign direct investment, net inflows in reporting economy (DRS, current US$)"
FootNote,SDN,BX.KLT.DINV.CD.DT,1995 (YR1995),"Source: United Nations Conference on Trade and Development, Foreign Direct Investment Online database.",Sudan,"Foreign direct investment, net inflows in reporting economy (DRS, current US$)"
FootNote,SDN,BX.KLT.DINV.CD.DT,1990 (YR1990),"Source: United Nations Conference on Trade and Development, Foreign Direct Investment Online database.",Sudan,"Foreign direct investment, net inflows in reporting economy (DRS, current US$)"
FootNote,SDN,BX.KLT.DINV.CD.DT,1993 (YR1993),"Source: United Nations Conference on Trade and Development, Foreign Direct Investment Online database.",Sudan,"Foreign direct investment, net inflows in reporting economy (DRS, current US$)"
FootNote,SDN,BX.KLT.DINV.CD.DT,1988 (YR1988),"Source: United Nations Conference on Trade and Development, Foreign Direct Investment Online database.",Sudan,"Foreign direct investment, net inflows in reporting economy (DRS, current US$)"
FootNote,SDN,BX.KLT.DINV.CD.DT,1986 (YR1986),"Source: United Nations Conference on Trade and Development, Foreign Direct Investment Online database.",Sudan,"Foreign direct investment, net inflows in reporting economy (DRS, current US$)"
FootNote,SDN,BX.KLT.DINV.CD.DT,1976 (YR1976),"Source: United Nations Conference on Trade and Development, Foreign Direct Investment Online database.",Sudan,"Foreign direct investment, net inflows in reporting economy (DRS, current US$)"
FootNote,SDN,BX.KLT.DINV.CD.DT,1973 (YR1973),"Source: United Nations Conference on Trade and Development, Foreign Direct Investment Online database.",Sudan,"Foreign direct investment, net inflows in reporting economy (DRS, current US$)"
FootNote,SDN,BX.KLT.DINV.CD.DT,1970 (YR1970),"Source: United Nations Conference on Trade and Development, Foreign Direct Investment Online database.",Sudan,"Foreign direct investment, net inflows in reporting economy (DRS, current US$)"
FootNote,SDN,BX.KLT.DINV.CD.DT,1979 (YR1979),"Source: United Nations Conference on Trade and Development, Foreign Direct Investment Online database.",Sudan,"Foreign direct investment, net inflows in reporting economy (DRS, current US$)"
FootNote,SDN,BX.KLT.DINV.CD.DT,1980 (YR1980),"Source: United Nations Conference on Trade and Development, Foreign Direct Investment Online database.",Sudan,"Foreign direct investment, net inflows in reporting economy (DRS, current US$)"
FootNote,SDN,BX.KLT.DINV.CD.DT,1983 (YR1983),"Source: United Nations Conference on Trade and Development, Foreign Direct Investment Online database.",Sudan,"Foreign direct investment, net inflows in reporting economy (DRS, current US$)"
FootNote,SDN,BX.KLT.DINV.CD.DT,1981 (YR1981),"Source: United Nations Conference on Trade and Development, Foreign Direct Investment Online database.",Sudan,"Foreign direct investment, net inflows in reporting economy (DRS, current US$)"
FootNote,SDN,BX.KLT.DINV.CD.DT,1982 (YR1982),"Source: United Nations Conference on Trade and Development, Foreign Direct Investment Online database.",Sudan,"Foreign direct investment, net inflows in reporting economy (DRS, current US$)"
FootNote,SDN,BX.KLT.DINV.CD.DT,1977 (YR1977),"Source: United Nations Conference on Trade and Development, Foreign Direct Investment Online database.",Sudan,"Foreign direct investment, net inflows in reporting economy (DRS, current US$)"
FootNote,SDN,BX.KLT.DINV.CD.DT,1974 (YR1974),"Source: United Nations Conference on Trade and Development, Foreign Direct Investment Online database.",Sudan,"Foreign direct investment, net inflows in reporting economy (DRS, current US$)"
FootNote,SDN,BX.KLT.DINV.CD.DT,1978 (YR1978),"Source: United Nations Conference on Trade and Development, Foreign Direct Investment Online database.",Sudan,"Foreign direct investment, net inflows in reporting economy (DRS, current US$)"
FootNote,SDN,BX.KLT.DINV.CD.DT,1972 (YR1972),"Source: United Nations Conference on Trade and Development, Foreign Direct Investment Online database.",Sudan,"Foreign direct investment, net inflows in reporting economy (DRS, current US$)"
FootNote,SDN,BX.KLT.DINV.CD.DT,1975 (YR1975),"Source: United Nations Conference on Trade and Development, Foreign Direct Investment Online database.",Sudan,"Foreign direct investment, net inflows in reporting economy (DRS, current US$)"
FootNote,SUR,BN.CAB.XOKA.CD,2001 (YR2001),"Source: United Nations Conference on Trade and Development, Balance of Payments Online database.",Suriname,Current account balance (current US$)
FootNote,SUR,BN.CAB.XOKA.CD,2003 (YR2003),"Source: United Nations Conference on Trade and Development, Balance of Payments Online database.",Suriname,Current account balance (current US$)
FootNote,SUR,BN.CAB.XOKA.CD,2002 (YR2002),"Source: United Nations Conference on Trade and Development, Balance of Payments Online database.",Suriname,Current account balance (current US$)
FootNote,SUR,BN.CAB.XOKA.CD,2004 (YR2004),"Source: United Nations Conference on Trade and Development, Balance of Payments Online database.",Suriname,Current account balance (current US$)
FootNote,SUR,BX.KLT.DINV.CD.DT,2005 (YR2005),"Source: United Nations Conference on Trade and Development, Foreign Direct Investment Online database.",Suriname,"Foreign direct investment, net inflows in reporting economy (DRS, current US$)"
FootNote,SUR,BX.KLT.DINV.CD.DT,2002 (YR2002),"Source: United Nations Conference on Trade and Development, Foreign Direct Investment Online database.",Suriname,"Foreign direct investment, net inflows in reporting economy (DRS, current US$)"
FootNote,SUR,BX.KLT.DINV.CD.DT,2003 (YR2003),"Source: United Nations Conference on Trade and Development, Foreign Direct Investment Online database.",Suriname,"Foreign direct investment, net inflows in reporting economy (DRS, current US$)"
FootNote,SUR,BX.KLT.DINV.CD.DT,2001 (YR2001),"Source: United Nations Conference on Trade and Development, Foreign Direct Investment Online database.",Suriname,"Foreign direct investment, net inflows in reporting economy (DRS, current US$)"
FootNote,SUR,BX.KLT.DINV.CD.DT,2004 (YR2004),"Source: United Nations Conference on Trade and Development, Foreign Direct Investment Online database.",Suriname,"Foreign direct investment, net inflows in reporting economy (DRS, current US$)"
FootNote,SUR,BN.CAB.XOKA.CD,2000 (YR2000),"Source: United Nations Conference on Trade and Development, Balance of Payments Online database.",Suriname,Current account balance (current US$)
FootNote,SUR,BX.KLT.DINV.CD.DT,2000 (YR2000),"Source: United Nations Conference on Trade and Development, Foreign Direct Investment Online database.",Suriname,"Foreign direct investment, net inflows in reporting economy (DRS, current US$)"
FootNote,SYR,BN.CAB.XOKA.CD,2019 (YR2019),"Source: United Nations Conference on Trade and Development, Balance of Payments Online database.",Syrian Arab Republic,Current account balance (current US$)
FootNote,SYR,BN.CAB.XOKA.CD,2017 (YR2017),"Source: United Nations Conference on Trade and Development, Balance of Payments Online database.",Syrian Arab Republic,Current account balance (current US$)
FootNote,SYR,BN.CAB.XOKA.CD,2018 (YR2018),"Source: United Nations Conference on Trade and Development, Balance of Payments Online database.",Syrian Arab Republic,Current account balance (current US$)
FootNote,SYR,BX.TRF.PWKR.CD.DT,2023 (YR2023),"Source: United Nations Conference on Trade and Development, Balance of Payments Online database.",Syrian Arab Republic,"Personal transfers and compensation of employees, received (current US$)"
FootNote,SYR,BX.TRF.PWKR.CD.DT,2017 (YR2017),"Source: United Nations Conference on Trade and Development, Balance of Payments Online database.",Syrian Arab Republic,"Personal transfers and compensation of employees, received (current US$)"
FootNote,SYR,BX.TRF.PWKR.CD.DT,2021 (YR2021),"Source: United Nations Conference on Trade and Development, Balance of Payments Online database.",Syrian Arab Republic,"Personal transfers and compensation of employees, received (current US$)"
FootNote,SYR,BX.TRF.PWKR.CD.DT,2018 (YR2018),"Source: United Nations Conference on Trade and Development, Balance of Payments Online database.",Syrian Arab Republic,"Personal transfers and compensation of employees, received (current US$)"
FootNote,SYR,BX.TRF.PWKR.CD.DT,2022 (YR2022),"Source: United Nations Conference on Trade and Development, Balance of Payments Online database.",Syrian Arab Republic,"Personal transfers and compensation of employees, received (current US$)"
FootNote,SYR,BX.TRF.PWKR.CD.DT,2020 (YR2020),"Source: United Nations Conference on Trade and Development, Balance of Payments Online database.",Syrian Arab Republic,"Personal transfers and compensation of employees, received (current US$)"
FootNote,SYR,BX.TRF.PWKR.CD.DT,2019 (YR2019),"Source: United Nations Conference on Trade and Development, Balance of Payments Online database.",Syrian Arab Republic,"Personal transfers and compensation of employees, received (current US$)"
FootNote,SYR,BX.KLT.DINV.CD.DT,2024 (YR2024),"Source: United Nations Conference on Trade and Development, Foreign Direct Investment Online database.",Syrian Arab Republic,"Foreign direct investment, net inflows in reporting economy (DRS, current US$)"
FootNote,SYR,BX.TRF.PWKR.CD.DT,2015 (YR2015),"Source: United Nations Conference on Trade and Development, Balance of Payments Online database.",Syrian Arab Republic,"Personal transfers and compensation of employees, received (current US$)"
FootNote,SYR,BX.TRF.PWKR.CD.DT,2016 (YR2016),"Source: United Nations Conference on Trade and Development, Balance of Payments Online database.",Syrian Arab Republic,"Personal transfers and compensation of employees, received (current US$)"
FootNote,SYR,BX.TRF.PWKR.CD.DT,2014 (YR2014),"Source: United Nations Conference on Trade and Development, Balance of Payments Online database.",Syrian Arab Republic,"Personal transfers and compensation of employees, received (current US$)"
FootNote,SYR,BX.TRF.PWKR.CD.DT,2011 (YR2011),"Source: United Nations Conference on Trade and Development, Balance of Payments Online database.",Syrian Arab Republic,"Personal transfers and compensation of employees, received (current US$)"
FootNote,SYR,BX.TRF.PWKR.CD.DT,2013 (YR2013),"Source: United Nations Conference on Trade and Development, Balance of Payments Online database.",Syrian Arab Republic,"Personal transfers and compensation of employees, received (current US$)"
FootNote,SYR,BX.TRF.PWKR.CD.DT,2012 (YR2012),"Source: United Nations Conference on Trade and Development, Balance of Payments Online database.",Syrian Arab Republic,"Personal transfers and compensation of employees, received (current US$)"
FootNote,SYR,BN.CAB.XOKA.CD,2016 (YR2016),"Source: United Nations Conference on Trade and Development, Balance of Payments Online database.",Syrian Arab Republic,Current account balance (current US$)
FootNote,SYR,BN.CAB.XOKA.CD,2015 (YR2015),"Source: United Nations Conference on Trade and Development, Balance of Payments Online database.",Syrian Arab Republic,Current account balance (current US$)
FootNote,SYR,BN.CAB.XOKA.CD,2014 (YR2014),"Source: United Nations Conference on Trade and Development, Balance of Payments Online database.",Syrian Arab Republic,Current account balance (current US$)
FootNote,SYR,BN.CAB.XOKA.CD,2011 (YR2011),"Source: United Nations Conference on Trade and Development, Balance of Payments Online database.",Syrian Arab Republic,Current account balance (current US$)
FootNote,SYR,BN.CAB.XOKA.CD,2012 (YR2012),"Source: United Nations Conference on Trade and Development, Balance of Payments Online database.",Syrian Arab Republic,Current account balance (current US$)
FootNote,SYR,BN.CAB.XOKA.CD,2013 (YR2013),"Source: United Nations Conference on Trade and Development, Balance of Payments Online database.",Syrian Arab Republic,Current account balance (current US$)
FootNote,SYR,BX.KLT.DINV.CD.DT,1991 (YR1991),"Source: United Nations Conference on Trade and Development, Foreign Direct Investment Online database.",Syrian Arab Republic,"Foreign direct investment, net inflows in reporting economy (DRS, current US$)"
FootNote,SYR,BX.KLT.DINV.CD.DT,1990 (YR1990),"Source: United Nations Conference on Trade and Development, Foreign Direct Investment Online database.",Syrian Arab Republic,"Foreign direct investment, net inflows in reporting economy (DRS, current US$)"
FootNote,SYR,BX.KLT.DINV.CD.DT,1992 (YR1992),"Source: United Nations Conference on Trade and Development, Foreign Direct Investment Online database.",Syrian Arab Republic,"Foreign direct investment, net inflows in reporting economy (DRS, current US$)"
FootNote,SYR,BX.KLT.DINV.CD.DT,1985 (YR1985),"Source: United Nations Conference on Trade and Development, Foreign Direct Investment Online database.",Syrian Arab Republic,"Foreign direct investment, net inflows in reporting economy (DRS, current US$)"
FootNote,SYR,BX.KLT.DINV.CD.DT,1988 (YR1988),"Source: United Nations Conference on Trade and Development, Foreign Direct Investment Online database.",Syrian Arab Republic,"Foreign direct investment, net inflows in reporting economy (DRS, current US$)"
FootNote,SYR,BX.KLT.DINV.CD.DT,1987 (YR1987),"Source: United Nations Conference on Trade and Development, Foreign Direct Investment Online database.",Syrian Arab Republic,"Foreign direct investment, net inflows in reporting economy (DRS, current US$)"
FootNote,SYR,BX.KLT.DINV.CD.DT,1986 (YR1986),"Source: United Nations Conference on Trade and Development, Foreign Direct Investment Online database.",Syrian Arab Republic,"Foreign direct investment, net inflows in reporting economy (DRS, current US$)"
FootNote,SYR,BX.KLT.DINV.CD.DT,1989 (YR1989),"Source: United Nations Conference on Trade and Development, Foreign Direct Investment Online database.",Syrian Arab Republic,"Foreign direct investment, net inflows in reporting economy (DRS, current US$)"
FootNote,SYR,BX.KLT.DINV.CD.DT,1984 (YR1984),"Source: United Nations Conference on Trade and Development, Foreign Direct Investment Online database.",Syrian Arab Republic,"Foreign direct investment, net inflows in reporting economy (DRS, current US$)"
FootNote,SYR,BX.KLT.DINV.CD.DT,1981 (YR1981),"Source: United Nations Conference on Trade and Development, Foreign Direct Investment Online database.",Syrian Arab Republic,"Foreign direct investment, net inflows in reporting economy (DRS, current US$)"
FootNote,SYR,BX.KLT.DINV.CD.DT,1982 (YR1982),"Source: United Nations Conference on Trade and Development, Foreign Direct Investment Online database.",Syrian Arab Republic,"Foreign direct investment, net inflows in reporting economy (DRS, current US$)"
FootNote,SYR,BX.KLT.DINV.CD.DT,1973 (YR1973),"Source: United Nations Conference on Trade and Development, Foreign Direct Investment Online database.",Syrian Arab Republic,"Foreign direct investment, net inflows in reporting economy (DRS, current US$)"
FootNote,SYR,BX.KLT.DINV.CD.DT,1977 (YR1977),"Source: United Nations Conference on Trade and Development, Foreign Direct Investment Online database.",Syrian Arab Republic,"Foreign direct investment, net inflows in reporting economy (DRS, current US$)"
FootNote,SYR,BX.KLT.DINV.CD.DT,1974 (YR1974),"Source: United Nations Conference on Trade and Development, Foreign Direct Investment Online database.",Syrian Arab Republic,"Foreign direct investment, net inflows in reporting economy (DRS, current US$)"
FootNote,SYR,BX.KLT.DINV.CD.DT,1983 (YR1983),"Source: United Nations Conference on Trade and Development, Foreign Direct Investment Online database.",Syrian Arab Republic,"Foreign direct investment, net inflows in reporting economy (DRS, current US$)"
FootNote,SYR,BX.KLT.DINV.CD.DT,1976 (YR1976),"Source: United Nations Conference on Trade and Development, Foreign Direct Investment Online database.",Syrian Arab Republic,"Foreign direct investment, net inflows in reporting economy (DRS, current US$)"
FootNote,SYR,BX.KLT.DINV.CD.DT,1970 (YR1970),"Source: United Nations Conference on Trade and Development, Foreign Direct Investment Online database.",Syrian Arab Republic,"Foreign direct investment, net inflows in reporting economy (DRS, current US$)"
FootNote,SYR,BX.KLT.DINV.CD.DT,1972 (YR1972),"Source: United Nations Conference on Trade and Development, Foreign Direct Investment Online database.",Syrian Arab Republic,"Foreign direct investment, net inflows in reporting economy (DRS, current US$)"
FootNote,SYR,BX.KLT.DINV.CD.DT,1980 (YR1980),"Source: United Nations Conference on Trade and Development, Foreign Direct Investment Online database.",Syrian Arab Republic,"Foreign direct investment, net inflows in reporting economy (DRS, current US$)"
FootNote,SYR,BX.KLT.DINV.CD.DT,1979 (YR1979),"Source: United Nations Conference on Trade and Development, Foreign Direct Investment Online database.",Syrian Arab Republic,"Foreign direct investment, net inflows in reporting economy (DRS, current US$)"
FootNote,SYR,BX.KLT.DINV.CD.DT,1975 (YR1975),"Source: United Nations Conference on Trade and Development, Foreign Direct Investment Online database.",Syrian Arab Republic,"Foreign direct investment, net inflows in reporting economy (DRS, current US$)"
FootNote,TJK,DT.DFR.DPPG.CD,2006 (YR2006),Data include the effects of MDRI.,Tajikistan,Debt forgiveness or reduction (current US$)
FootNote,TJK,DT.DOD.DECT.CD,2006 (YR2006),Data include the effects of MDRI.,Tajikistan,"External debt stocks, total (DOD, current US$)"
FootNote,TJK,BN.CAB.XOKA.CD,2001 (YR2001),"Source: United Nations Conference on Trade and Development, Balance of Payments Online database.",Tajikistan,Current account balance (current US$)
FootNote,TJK,BX.KLT.DINV.CD.DT,2001 (YR2001),"Source: United Nations Conference on Trade and Development, Foreign Direct Investment Online database.",Tajikistan,"Foreign direct investment, net inflows in reporting economy (DRS, current US$)"
FootNote,TJK,BX.KLT.DINV.CD.DT,1999 (YR1999),"Source: United Nations Conference on Trade and Development, Foreign Direct Investment Online database.",Tajikistan,"Foreign direct investment, net inflows in reporting economy (DRS, current US$)"
FootNote,TJK,BX.KLT.DINV.CD.DT,1994 (YR1994),"Source: United Nations Conference on Trade and Development, Foreign Direct Investment Online database.",Tajikistan,"Foreign direct investment, net inflows in reporting economy (DRS, current US$)"
FootNote,TJK,BX.KLT.DINV.CD.DT,1995 (YR1995),"Source: United Nations Conference on Trade and Development, Foreign Direct Investment Online database.",Tajikistan,"Foreign direct investment, net inflows in reporting economy (DRS, current US$)"
FootNote,TJK,BX.KLT.DINV.CD.DT,1996 (YR1996),"Source: United Nations Conference on Trade and Development, Foreign Direct Investment Online database.",Tajikistan,"Foreign direct investment, net inflows in reporting economy (DRS, current US$)"
FootNote,TJK,BX.KLT.DINV.CD.DT,1992 (YR1992),"Source: United Nations Conference on Trade and Development, Foreign Direct Investment Online database.",Tajikistan,"Foreign direct investment, net inflows in reporting economy (DRS, current US$)"
FootNote,TJK,BX.KLT.DINV.CD.DT,2000 (YR2000),"Source: United Nations Conference on Trade and Development, Foreign Direct Investment Online database.",Tajikistan,"Foreign direct investment, net inflows in reporting economy (DRS, current US$)"
FootNote,TJK,BX.KLT.DINV.CD.DT,1998 (YR1998),"Source: United Nations Conference on Trade and Development, Foreign Direct Investment Online database.",Tajikistan,"Foreign direct investment, net inflows in reporting economy (DRS, current US$)"
FootNote,TJK,BN.CAB.XOKA.CD,2000 (YR2000),"Source: United Nations Conference on Trade and Development, Balance of Payments Online database.",Tajikistan,Current account balance (current US$)
FootNote,TJK,BX.KLT.DINV.CD.DT,1997 (YR1997),"Source: United Nations Conference on Trade and Development, Foreign Direct Investment Online database.",Tajikistan,"Foreign direct investment, net inflows in reporting economy (DRS, current US$)"
FootNote,TJK,BX.KLT.DINV.CD.DT,1993 (YR1993),"Source: United Nations Conference on Trade and Development, Foreign Direct Investment Online database.",Tajikistan,"Foreign direct investment, net inflows in reporting economy (DRS, current US$)"
FootNote,TZA,BN.CAB.XOKA.CD,2024 (YR2024),Gap-filled with countries' balance of payments statistics.,Tanzania,Current account balance (current US$)
FootNote,TZA,BX.GSR.TOTL.CD,2024 (YR2024),Gap-filled with countries' balance of payments statistics.,Tanzania,"Exports of goods, services and primary income (current US$)"
FootNote,TZA,BX.TRF.PWKR.CD.DT,2024 (YR2024),"Data on Personal Transfers and Compensation of Employees are prepared by World Bank staff based on IMF's Balance of Payments statistics and data releases from central banks, national statistical agencies, and World Bank country desks.",Tanzania,"Personal transfers and compensation of employees, received (current US$)"
FootNote,TZA,BM.GSR.TOTL.CD,2024 (YR2024),Gap-filled with countries' balance of payments statistics.,Tanzania,"Imports of goods, services and primary income (current US$)"
FootNote,TZA,DT.DFR.DPPG.CD,2006 (YR2006),Data include the effects of MDRI.,Tanzania,Debt forgiveness or reduction (current US$)
FootNote,TZA,DT.DOD.DECT.CD,2006 (YR2006),Data include the effects of MDRI.,Tanzania,"External debt stocks, total (DOD, current US$)"
FootNote,TZA,DT.DOD.PVLX.EX.ZS,2009 (YR2009),Data are from debt sustainability analyses for low-income countries. Present value estimates for these countries are for public and publicly guaranteed debt only.,Tanzania,"Present value of external debt (% of exports of goods, services and income)"
FootNote,TZA,DT.DOD.PVLX.GN.ZS,2009 (YR2009),Data are from debt sustainability analyses for low-income countries. Present value estimates for these countries are for public and publicly guaranteed debt only.,Tanzania,Present value of external debt (% of GNI)
FootNote,TZA,BX.KLT.DINV.CD.DT,1991 (YR1991),"Source: United Nations Conference on Trade and Development, Foreign Direct Investment Online database.",Tanzania,"Foreign direct investment, net inflows in reporting economy (DRS, current US$)"
FootNote,TZA,BX.KLT.DINV.CD.DT,1990 (YR1990),"Source: United Nations Conference on Trade and Development, Foreign Direct Investment Online database.",Tanzania,"Foreign direct investment, net inflows in reporting economy (DRS, current US$)"
FootNote,TZA,BX.KLT.DINV.CD.DT,1985 (YR1985),"Source: United Nations Conference on Trade and Development, Foreign Direct Investment Online database.",Tanzania,"Foreign direct investment, net inflows in reporting economy (DRS, current US$)"
FootNote,TZA,BX.KLT.DINV.CD.DT,1988 (YR1988),"Source: United Nations Conference on Trade and Development, Foreign Direct Investment Online database.",Tanzania,"Foreign direct investment, net inflows in reporting economy (DRS, current US$)"
FootNote,TZA,BX.KLT.DINV.CD.DT,1986 (YR1986),"Source: United Nations Conference on Trade and Development, Foreign Direct Investment Online database.",Tanzania,"Foreign direct investment, net inflows in reporting economy (DRS, current US$)"
FootNote,TZA,BX.KLT.DINV.CD.DT,1989 (YR1989),"Source: United Nations Conference on Trade and Development, Foreign Direct Investment Online database.",Tanzania,"Foreign direct investment, net inflows in reporting economy (DRS, current US$)"
FootNote,TZA,BX.KLT.DINV.CD.DT,1987 (YR1987),"Source: United Nations Conference on Trade and Development, Foreign Direct Investment Online database.",Tanzania,"Foreign direct investment, net inflows in reporting economy (DRS, current US$)"
FootNote,TZA,BX.KLT.DINV.CD.DT,1984 (YR1984),"Source: United Nations Conference on Trade and Development, Foreign Direct Investment Online database.",Tanzania,"Foreign direct investment, net inflows in reporting economy (DRS, current US$)"
FootNote,TZA,BX.KLT.DINV.CD.DT,1976 (YR1976),"Source: United Nations Conference on Trade and Development, Foreign Direct Investment Online database.",Tanzania,"Foreign direct investment, net inflows in reporting economy (DRS, current US$)"
FootNote,TZA,BX.KLT.DINV.CD.DT,1974 (YR1974),"Source: United Nations Conference on Trade and Development, Foreign Direct Investment Online database.",Tanzania,"Foreign direct investment, net inflows in reporting economy (DRS, current US$)"
FootNote,TZA,BX.KLT.DINV.CD.DT,1971 (YR1971),"Source: United Nations Conference on Trade and Development, Foreign Direct Investment Online database.",Tanzania,"Foreign direct investment, net inflows in reporting economy (DRS, current US$)"
FootNote,TZA,BX.KLT.DINV.CD.DT,1973 (YR1973),"Source: United Nations Conference on Trade and Development, Foreign Direct Investment Online database.",Tanzania,"Foreign direct investment, net inflows in reporting economy (DRS, current US$)"
FootNote,TZA,BX.KLT.DINV.CD.DT,1979 (YR1979),"Source: United Nations Conference on Trade and Development, Foreign Direct Investment Online database.",Tanzania,"Foreign direct investment, net inflows in reporting economy (DRS, current US$)"
FootNote,TZA,BX.KLT.DINV.CD.DT,1975 (YR1975),"Source: United Nations Conference on Trade and Development, Foreign Direct Investment Online database.",Tanzania,"Foreign direct investment, net inflows in reporting economy (DRS, current US$)"
FootNote,TZA,BX.KLT.DINV.CD.DT,1978 (YR1978),"Source: United Nations Conference on Trade and Development, Foreign Direct Investment Online database.",Tanzania,"Foreign direct investment, net inflows in reporting economy (DRS, current US$)"
FootNote,TZA,BX.KLT.DINV.CD.DT,1983 (YR1983),"Source: United Nations Conference on Trade and Development, Foreign Direct Investment Online database.",Tanzania,"Foreign direct investment, net inflows in reporting economy (DRS, current US$)"
FootNote,TZA,BX.KLT.DINV.CD.DT,1970 (YR1970),"Source: United Nations Conference on Trade and Development, Foreign Direct Investment Online database.",Tanzania,"Foreign direct investment, net inflows in reporting economy (DRS, current US$)"
FootNote,TZA,BX.KLT.DINV.CD.DT,1982 (YR1982),"Source: United Nations Conference on Trade and Development, Foreign Direct Investment Online database.",Tanzania,"Foreign direct investment, net inflows in reporting economy (DRS, current US$)"
FootNote,TZA,BX.KLT.DINV.CD.DT,1981 (YR1981),"Source: United Nations Conference on Trade and Development, Foreign Direct Investment Online database.",Tanzania,"Foreign direct investment, net inflows in reporting economy (DRS, current US$)"
FootNote,TZA,BX.KLT.DINV.CD.DT,1977 (YR1977),"Source: United Nations Conference on Trade and Development, Foreign Direct Investment Online database.",Tanzania,"Foreign direct investment, net inflows in reporting economy (DRS, current US$)"
FootNote,TZA,BX.KLT.DINV.CD.DT,1972 (YR1972),"Source: United Nations Conference on Trade and Development, Foreign Direct Investment Online database.",Tanzania,"Foreign direct investment, net inflows in reporting economy (DRS, current US$)"
FootNote,TZA,BX.KLT.DINV.CD.DT,1980 (YR1980),"Source: United Nations Conference on Trade and Development, Foreign Direct Investment Online database.",Tanzania,"Foreign direct investment, net inflows in reporting economy (DRS, current US$)"
FootNote,TLS,BN.CAB.XOKA.CD,2005 (YR2005),"Source: United Nations Conference on Trade and Development, Balance of Payments Online database.",Timor-Leste,Current account balance (current US$)
FootNote,TLS,BN.CAB.XOKA.CD,2003 (YR2003),"Source: United Nations Conference on Trade and Development, Balance of Payments Online database.",Timor-Leste,Current account balance (current US$)
FootNote,TLS,BN.CAB.XOKA.CD,2004 (YR2004),"Source: United Nations Conference on Trade and Development, Balance of Payments Online database.",Timor-Leste,Current account balance (current US$)
FootNote,TGO,BX.KLT.DINV.CD.DT,2022 (YR2022),"Source: United Nations Conference on Trade and Development, Foreign Direct Investment Online database.",Togo,"Foreign direct investment, net inflows in reporting economy (DRS, current US$)"
FootNote,TGO,FI.RES.TOTL.CD,2017 (YR2017),Gap-filled with countries' balance of payments statistics.,Togo,"Total reserves (includes gold, current US$)"
FootNote,TGO,FI.RES.TOTL.CD,2018 (YR2018),Gap-filled with countries' balance of payments statistics.,Togo,"Total reserves (includes gold, current US$)"
FootNote,TGO,BX.GSR.TOTL.CD,2021 (YR2021),Gap-filled with countries' balance of payments statistics.,Togo,"Exports of goods, services and primary income (current US$)"
FootNote,TGO,BX.GSR.TOTL.CD,2024 (YR2024),Gap-filled with countries' balance of payments statistics.,Togo,"Exports of goods, services and primary income (current US$)"
FootNote,TGO,BM.GSR.TOTL.CD,2022 (YR2022),Gap-filled with countries' balance of payments statistics.,Togo,"Imports of goods, services and primary income (current US$)"
FootNote,TGO,BX.GSR.TOTL.CD,2023 (YR2023),Gap-filled with countries' balance of payments statistics.,Togo,"Exports of goods, services and primary income (current US$)"
FootNote,TGO,BX.GSR.TOTL.CD,2022 (YR2022),Gap-filled with countries' balance of payments statistics.,Togo,"Exports of goods, services and primary income (current US$)"
FootNote,TGO,BM.GSR.TOTL.CD,2021 (YR2021),Gap-filled with countries' balance of payments statistics.,Togo,"Imports of goods, services and primary income (current US$)"
FootNote,TGO,BN.CAB.XOKA.CD,2022 (YR2022),Gap-filled with countries' balance of payments statistics.,Togo,Current account balance (current US$)
FootNote,TGO,BN.CAB.XOKA.CD,2024 (YR2024),Gap-filled with countries' balance of payments statistics.,Togo,Current account balance (current US$)
FootNote,TGO,BN.CAB.XOKA.CD,2021 (YR2021),Gap-filled with countries' balance of payments statistics.,Togo,Current account balance (current US$)
FootNote,TGO,BN.CAB.XOKA.CD,2023 (YR2023),Gap-filled with countries' balance of payments statistics.,Togo,Current account balance (current US$)
FootNote,TGO,BM.GSR.TOTL.CD,2023 (YR2023),Gap-filled with countries' balance of payments statistics.,Togo,"Imports of goods, services and primary income (current US$)"
FootNote,TGO,BM.GSR.TOTL.CD,2024 (YR2024),Gap-filled with countries' balance of payments statistics.,Togo,"Imports of goods, services and primary income (current US$)"
FootNote,TGO,BX.TRF.PWKR.CD.DT,2024 (YR2024),"Data on Personal Transfers and Compensation of Employees are prepared by World Bank staff based on IMF's Balance of Payments statistics and data releases from central banks, national statistical agencies, and World Bank country desks.",Togo,"Personal transfers and compensation of employees, received (current US$)"
FootNote,TGO,BX.TRF.PWKR.CD.DT,2021 (YR2021),"Source: United Nations Conference on Trade and Development, Balance of Payments Online database.",Togo,"Personal transfers and compensation of employees, received (current US$)"
FootNote,TGO,BX.TRF.PWKR.CD.DT,2022 (YR2022),"Source: United Nations Conference on Trade and Development, Balance of Payments Online database.",Togo,"Personal transfers and compensation of employees, received (current US$)"
FootNote,TGO,BX.TRF.PWKR.CD.DT,2023 (YR2023),"Source: United Nations Conference on Trade and Development, Balance of Payments Online database.",Togo,"Personal transfers and compensation of employees, received (current US$)"
FootNote,TGO,BX.KLT.DINV.CD.DT,2024 (YR2024),"Source: United Nations Conference on Trade and Development, Foreign Direct Investment Online database.",Togo,"Foreign direct investment, net inflows in reporting economy (DRS, current US$)"
FootNote,TGO,BX.KLT.DINV.CD.DT,2021 (YR2021),"Source: United Nations Conference on Trade and Development, Foreign Direct Investment Online database.",Togo,"Foreign direct investment, net inflows in reporting economy (DRS, current US$)"
FootNote,TGO,BX.KLT.DINV.CD.DT,2023 (YR2023),"Source: United Nations Conference on Trade and Development, Foreign Direct Investment Online database.",Togo,"Foreign direct investment, net inflows in reporting economy (DRS, current US$)"
FootNote,TGO,FI.RES.TOTL.CD,2009 (YR2009),Gap-filled with countries' balance of payments statistics.,Togo,"Total reserves (includes gold, current US$)"
FootNote,TGO,FI.RES.TOTL.CD,2012 (YR2012),Gap-filled with countries' balance of payments statistics.,Togo,"Total reserves (includes gold, current US$)"
FootNote,TGO,FI.RES.TOTL.CD,2006 (YR2006),Gap-filled with countries' balance of payments statistics.,Togo,"Total reserves (includes gold, current US$)"
FootNote,TGO,FI.RES.TOTL.CD,2014 (YR2014),Gap-filled with countries' balance of payments statistics.,Togo,"Total reserves (includes gold, current US$)"
FootNote,TGO,FI.RES.TOTL.CD,2010 (YR2010),Gap-filled with countries' balance of payments statistics.,Togo,"Total reserves (includes gold, current US$)"
FootNote,TGO,FI.RES.TOTL.CD,2001 (YR2001),Gap-filled with countries' balance of payments statistics.,Togo,"Total reserves (includes gold, current US$)"
FootNote,TGO,FI.RES.TOTL.CD,2004 (YR2004),Gap-filled with countries' balance of payments statistics.,Togo,"Total reserves (includes gold, current US$)"
FootNote,TGO,FI.RES.TOTL.CD,2016 (YR2016),Gap-filled with countries' balance of payments statistics.,Togo,"Total reserves (includes gold, current US$)"
FootNote,TGO,FI.RES.TOTL.CD,2003 (YR2003),Gap-filled with countries' balance of payments statistics.,Togo,"Total reserves (includes gold, current US$)"
FootNote,TGO,FI.RES.TOTL.CD,2013 (YR2013),Gap-filled with countries' balance of payments statistics.,Togo,"Total reserves (includes gold, current US$)"
FootNote,TGO,FI.RES.TOTL.CD,2005 (YR2005),Gap-filled with countries' balance of payments statistics.,Togo,"Total reserves (includes gold, current US$)"
FootNote,TGO,FI.RES.TOTL.CD,2007 (YR2007),Gap-filled with countries' balance of payments statistics.,Togo,"Total reserves (includes gold, current US$)"
FootNote,TGO,FI.RES.TOTL.CD,2015 (YR2015),Gap-filled with countries' balance of payments statistics.,Togo,"Total reserves (includes gold, current US$)"
FootNote,TGO,FI.RES.TOTL.CD,2011 (YR2011),Gap-filled with countries' balance of payments statistics.,Togo,"Total reserves (includes gold, current US$)"
FootNote,TGO,FI.RES.TOTL.CD,2008 (YR2008),Gap-filled with countries' balance of payments statistics.,Togo,"Total reserves (includes gold, current US$)"
FootNote,TGO,FI.RES.TOTL.CD,2002 (YR2002),Gap-filled with countries' balance of payments statistics.,Togo,"Total reserves (includes gold, current US$)"
FootNote,TGO,DT.DOD.PVLX.EX.ZS,2009 (YR2009),Data are from debt sustainability analyses for low-income countries. Present value estimates for these countries are for public and publicly guaranteed debt only.,Togo,"Present value of external debt (% of exports of goods, services and income)"
FootNote,TGO,DT.DOD.PVLX.GN.ZS,2009 (YR2009),Data are from debt sustainability analyses for low-income countries. Present value estimates for these countries are for public and publicly guaranteed debt only.,Togo,Present value of external debt (% of GNI)
FootNote,TGO,DT.DOD.DECT.CD,2009 (YR2009),Data include the effects of Paris Club debt restructuring agreement.,Togo,"External debt stocks, total (DOD, current US$)"
FootNote,TGO,DT.DOD.DECT.CD,2008 (YR2008),Data include the effects of Paris Club debt restructuring agreement.,Togo,"External debt stocks, total (DOD, current US$)"
FootNote,TGO,FI.RES.TOTL.CD,2000 (YR2000),Gap-filled with countries' balance of payments statistics.,Togo,"Total reserves (includes gold, current US$)"
FootNote,TGO,BX.KLT.DINV.CD.DT,1992 (YR1992),"Source: United Nations Conference on Trade and Development, Foreign Direct Investment Online database.",Togo,"Foreign direct investment, net inflows in reporting economy (DRS, current US$)"
FootNote,TON,BX.KLT.DINV.CD.DT,2001 (YR2001),"Source: United Nations Conference on Trade and Development, Foreign Direct Investment Online database.",Tonga,"Foreign direct investment, net inflows in reporting economy (DRS, current US$)"
FootNote,TON,BX.KLT.DINV.CD.DT,2002 (YR2002),"Source: United Nations Conference on Trade and Development, Foreign Direct Investment Online database.",Tonga,"Foreign direct investment, net inflows in reporting economy (DRS, current US$)"
FootNote,TON,BX.KLT.DINV.CD.DT,1995 (YR1995),"Source: United Nations Conference on Trade and Development, Foreign Direct Investment Online database.",Tonga,"Foreign direct investment, net inflows in reporting economy (DRS, current US$)"
FootNote,TON,BX.KLT.DINV.CD.DT,1994 (YR1994),"Source: United Nations Conference on Trade and Development, Foreign Direct Investment Online database.",Tonga,"Foreign direct investment, net inflows in reporting economy (DRS, current US$)"
FootNote,TON,BX.KLT.DINV.CD.DT,1997 (YR1997),"Source: United Nations Conference on Trade and Development, Foreign Direct Investment Online database.",Tonga,"Foreign direct investment, net inflows in reporting economy (DRS, current US$)"
FootNote,TON,BX.KLT.DINV.CD.DT,1996 (YR1996),"Source: United Nations Conference on Trade and Development, Foreign Direct Investment Online database.",Tonga,"Foreign direct investment, net inflows in reporting economy (DRS, current US$)"
FootNote,TON,BX.KLT.DINV.CD.DT,1999 (YR1999),"Source: United Nations Conference on Trade and Development, Foreign Direct Investment Online database.",Tonga,"Foreign direct investment, net inflows in reporting economy (DRS, current US$)"
FootNote,TON,BN.CAB.XOKA.CD,2000 (YR2000),"Source: United Nations Conference on Trade and Development, Balance of Payments Online database.",Tonga,Current account balance (current US$)
FootNote,TON,BX.KLT.DINV.CD.DT,2000 (YR2000),"Source: United Nations Conference on Trade and Development, Foreign Direct Investment Online database.",Tonga,"Foreign direct investment, net inflows in reporting economy (DRS, current US$)"
FootNote,TON,BX.KLT.DINV.CD.DT,1998 (YR1998),"Source: United Nations Conference on Trade and Development, Foreign Direct Investment Online database.",Tonga,"Foreign direct investment, net inflows in reporting economy (DRS, current US$)"
FootNote,TON,BX.KLT.DINV.CD.DT,1978 (YR1978),"Source: United Nations Conference on Trade and Development, Foreign Direct Investment Online database.",Tonga,"Foreign direct investment, net inflows in reporting economy (DRS, current US$)"
FootNote,TON,BX.KLT.DINV.CD.DT,1977 (YR1977),"Source: United Nations Conference on Trade and Development, Foreign Direct Investment Online database.",Tonga,"Foreign direct investment, net inflows in reporting economy (DRS, current US$)"
FootNote,TKM,BX.KLT.DINV.CD.DT,2023 (YR2023),"Source: United Nations Conference on Trade and Development, Foreign Direct Investment Online database.",Turkmenistan,"Foreign direct investment, net inflows in reporting economy (DRS, current US$)"
FootNote,TKM,BX.KLT.DINV.CD.DT,2017 (YR2017),"Source: United Nations Conference on Trade and Development, Foreign Direct Investment Online database.",Turkmenistan,"Foreign direct investment, net inflows in reporting economy (DRS, current US$)"
FootNote,TKM,BX.KLT.DINV.CD.DT,2024 (YR2024),"Source: United Nations Conference on Trade and Development, Foreign Direct Investment Online database.",Turkmenistan,"Foreign direct investment, net inflows in reporting economy (DRS, current US$)"
FootNote,TKM,BX.KLT.DINV.CD.DT,2019 (YR2019),"Source: United Nations Conference on Trade and Development, Foreign Direct Investment Online database.",Turkmenistan,"Foreign direct investment, net inflows in reporting economy (DRS, current US$)"
FootNote,TKM,BX.KLT.DINV.CD.DT,2022 (YR2022),"Source: United Nations Conference on Trade and Development, Foreign Direct Investment Online database.",Turkmenistan,"Foreign direct investment, net inflows in reporting economy (DRS, current US$)"
FootNote,TKM,BX.KLT.DINV.CD.DT,2021 (YR2021),"Source: United Nations Conference on Trade and Development, Foreign Direct Investment Online database.",Turkmenistan,"Foreign direct investment, net inflows in reporting economy (DRS, current US$)"
FootNote,TKM,BX.KLT.DINV.CD.DT,2018 (YR2018),"Source: United Nations Conference on Trade and Development, Foreign Direct Investment Online database.",Turkmenistan,"Foreign direct investment, net inflows in reporting economy (DRS, current US$)"
FootNote,TKM,BX.TRF.PWKR.CD.DT,2020 (YR2020),"Source: United Nations Conference on Trade and Development, Balance of Payments Online database.",Turkmenistan,"Personal transfers and compensation of employees, received (current US$)"
FootNote,TKM,BX.TRF.PWKR.CD.DT,2018 (YR2018),"Source: United Nations Conference on Trade and Development, Balance of Payments Online database.",Turkmenistan,"Personal transfers and compensation of employees, received (current US$)"
FootNote,TKM,BX.TRF.PWKR.CD.DT,2017 (YR2017),"Source: United Nations Conference on Trade and Development, Balance of Payments Online database.",Turkmenistan,"Personal transfers and compensation of employees, received (current US$)"
FootNote,TKM,BX.TRF.PWKR.CD.DT,2019 (YR2019),"Source: United Nations Conference on Trade and Development, Balance of Payments Online database.",Turkmenistan,"Personal transfers and compensation of employees, received (current US$)"
FootNote,TKM,BX.TRF.PWKR.CD.DT,2021 (YR2021),"Source: United Nations Conference on Trade and Development, Balance of Payments Online database.",Turkmenistan,"Personal transfers and compensation of employees, received (current US$)"
FootNote,TKM,BN.CAB.XOKA.CD,2019 (YR2019),"Source: United Nations Conference on Trade and Development, Balance of Payments Online database.",Turkmenistan,Current account balance (current US$)
FootNote,TKM,BN.CAB.XOKA.CD,2017 (YR2017),"Source: United Nations Conference on Trade and Development, Balance of Payments Online database.",Turkmenistan,Current account balance (current US$)
FootNote,TKM,BN.CAB.XOKA.CD,2018 (YR2018),"Source: United Nations Conference on Trade and Development, Balance of Payments Online database.",Turkmenistan,Current account balance (current US$)
FootNote,TKM,BX.KLT.DINV.CD.DT,2020 (YR2020),"Source: United Nations Conference on Trade and Development, Foreign Direct Investment Online database.",Turkmenistan,"Foreign direct investment, net inflows in reporting economy (DRS, current US$)"
FootNote,TKM,BX.KLT.DINV.CD.DT,2008 (YR2008),"Source: United Nations Conference on Trade and Development, Foreign Direct Investment Online database.",Turkmenistan,"Foreign direct investment, net inflows in reporting economy (DRS, current US$)"
FootNote,TKM,BX.KLT.DINV.CD.DT,2015 (YR2015),"Source: United Nations Conference on Trade and Development, Foreign Direct Investment Online database.",Turkmenistan,"Foreign direct investment, net inflows in reporting economy (DRS, current US$)"
FootNote,TKM,BX.KLT.DINV.CD.DT,2013 (YR2013),"Source: United Nations Conference on Trade and Development, Foreign Direct Investment Online database.",Turkmenistan,"Foreign direct investment, net inflows in reporting economy (DRS, current US$)"
FootNote,TKM,BX.KLT.DINV.CD.DT,2003 (YR2003),"Source: United Nations Conference on Trade and Development, Foreign Direct Investment Online database.",Turkmenistan,"Foreign direct investment, net inflows in reporting economy (DRS, current US$)"
FootNote,TKM,BX.KLT.DINV.CD.DT,2006 (YR2006),"Source: United Nations Conference on Trade and Development, Foreign Direct Investment Online database.",Turkmenistan,"Foreign direct investment, net inflows in reporting economy (DRS, current US$)"
FootNote,TKM,BX.KLT.DINV.CD.DT,2009 (YR2009),"Source: United Nations Conference on Trade and Development, Foreign Direct Investment Online database.",Turkmenistan,"Foreign direct investment, net inflows in reporting economy (DRS, current US$)"
FootNote,TKM,BX.KLT.DINV.CD.DT,2011 (YR2011),"Source: United Nations Conference on Trade and Development, Foreign Direct Investment Online database.",Turkmenistan,"Foreign direct investment, net inflows in reporting economy (DRS, current US$)"
FootNote,TKM,BX.KLT.DINV.CD.DT,2005 (YR2005),"Source: United Nations Conference on Trade and Development, Foreign Direct Investment Online database.",Turkmenistan,"Foreign direct investment, net inflows in reporting economy (DRS, current US$)"
FootNote,TKM,BX.KLT.DINV.CD.DT,2004 (YR2004),"Source: United Nations Conference on Trade and Development, Foreign Direct Investment Online database.",Turkmenistan,"Foreign direct investment, net inflows in reporting economy (DRS, current US$)"
FootNote,TKM,BX.KLT.DINV.CD.DT,2002 (YR2002),"Source: United Nations Conference on Trade and Development, Foreign Direct Investment Online database.",Turkmenistan,"Foreign direct investment, net inflows in reporting economy (DRS, current US$)"
FootNote,TKM,BX.KLT.DINV.CD.DT,2007 (YR2007),"Source: United Nations Conference on Trade and Development, Foreign Direct Investment Online database.",Turkmenistan,"Foreign direct investment, net inflows in reporting economy (DRS, current US$)"
FootNote,TKM,BX.KLT.DINV.CD.DT,2001 (YR2001),"Source: United Nations Conference on Trade and Development, Foreign Direct Investment Online database.",Turkmenistan,"Foreign direct investment, net inflows in reporting economy (DRS, current US$)"
FootNote,TKM,BX.KLT.DINV.CD.DT,2016 (YR2016),"Source: United Nations Conference on Trade and Development, Foreign Direct Investment Online database.",Turkmenistan,"Foreign direct investment, net inflows in reporting economy (DRS, current US$)"
FootNote,TKM,BX.KLT.DINV.CD.DT,2010 (YR2010),"Source: United Nations Conference on Trade and Development, Foreign Direct Investment Online database.",Turkmenistan,"Foreign direct investment, net inflows in reporting economy (DRS, current US$)"
FootNote,TKM,BX.TRF.PWKR.CD.DT,2015 (YR2015),"Source: United Nations Conference on Trade and Development, Balance of Payments Online database.",Turkmenistan,"Personal transfers and compensation of employees, received (current US$)"
FootNote,TKM,BX.TRF.PWKR.CD.DT,2016 (YR2016),"Source: United Nations Conference on Trade and Development, Balance of Payments Online database.",Turkmenistan,"Personal transfers and compensation of employees, received (current US$)"
FootNote,TKM,BX.TRF.PWKR.CD.DT,2010 (YR2010),"Source: United Nations Conference on Trade and Development, Balance of Payments Online database.",Turkmenistan,"Personal transfers and compensation of employees, received (current US$)"
FootNote,TKM,BX.TRF.PWKR.CD.DT,2011 (YR2011),"Source: United Nations Conference on Trade and Development, Balance of Payments Online database.",Turkmenistan,"Personal transfers and compensation of employees, received (current US$)"
FootNote,TKM,BX.TRF.PWKR.CD.DT,2013 (YR2013),"Source: United Nations Conference on Trade and Development, Balance of Payments Online database.",Turkmenistan,"Personal transfers and compensation of employees, received (current US$)"
FootNote,TKM,BX.KLT.DINV.CD.DT,2014 (YR2014),"Source: United Nations Conference on Trade and Development, Foreign Direct Investment Online database.",Turkmenistan,"Foreign direct investment, net inflows in reporting economy (DRS, current US$)"
FootNote,TKM,BX.KLT.DINV.CD.DT,2012 (YR2012),"Source: United Nations Conference on Trade and Development, Foreign Direct Investment Online database.",Turkmenistan,"Foreign direct investment, net inflows in reporting economy (DRS, current US$)"
FootNote,TKM,BX.TRF.PWKR.CD.DT,2014 (YR2014),"Source: United Nations Conference on Trade and Development, Balance of Payments Online database.",Turkmenistan,"Personal transfers and compensation of employees, received (current US$)"
FootNote,TKM,BX.TRF.PWKR.CD.DT,2012 (YR2012),"Source: United Nations Conference on Trade and Development, Balance of Payments Online database.",Turkmenistan,"Personal transfers and compensation of employees, received (current US$)"
FootNote,TKM,BN.CAB.XOKA.CD,2010 (YR2010),"Source: United Nations Conference on Trade and Development, Balance of Payments Online database.",Turkmenistan,Current account balance (current US$)
FootNote,TKM,BN.CAB.XOKA.CD,2004 (YR2004),"Source: United Nations Conference on Trade and Development, Balance of Payments Online database.",Turkmenistan,Current account balance (current US$)
FootNote,TKM,BN.CAB.XOKA.CD,2008 (YR2008),"Source: United Nations Conference on Trade and Development, Balance of Payments Online database.",Turkmenistan,Current account balance (current US$)
FootNote,TKM,BN.CAB.XOKA.CD,2011 (YR2011),"Source: United Nations Conference on Trade and Development, Balance of Payments Online database.",Turkmenistan,Current account balance (current US$)
FootNote,TKM,BN.CAB.XOKA.CD,2006 (YR2006),"Source: United Nations Conference on Trade and Development, Balance of Payments Online database.",Turkmenistan,Current account balance (current US$)
FootNote,TKM,BN.CAB.XOKA.CD,2007 (YR2007),"Source: United Nations Conference on Trade and Development, Balance of Payments Online database.",Turkmenistan,Current account balance (current US$)
FootNote,TKM,BN.CAB.XOKA.CD,2014 (YR2014),"Source: United Nations Conference on Trade and Development, Balance of Payments Online database.",Turkmenistan,Current account balance (current US$)
FootNote,TKM,BN.CAB.XOKA.CD,2009 (YR2009),"Source: United Nations Conference on Trade and Development, Balance of Payments Online database.",Turkmenistan,Current account balance (current US$)
FootNote,TKM,BN.CAB.XOKA.CD,2001 (YR2001),"Source: United Nations Conference on Trade and Development, Balance of Payments Online database.",Turkmenistan,Current account balance (current US$)
FootNote,TKM,BN.CAB.XOKA.CD,2015 (YR2015),"Source: United Nations Conference on Trade and Development, Balance of Payments Online database.",Turkmenistan,Current account balance (current US$)
FootNote,TKM,BN.CAB.XOKA.CD,2016 (YR2016),"Source: United Nations Conference on Trade and Development, Balance of Payments Online database.",Turkmenistan,Current account balance (current US$)
FootNote,TKM,BN.CAB.XOKA.CD,2005 (YR2005),"Source: United Nations Conference on Trade and Development, Balance of Payments Online database.",Turkmenistan,Current account balance (current US$)
FootNote,TKM,BN.CAB.XOKA.CD,2013 (YR2013),"Source: United Nations Conference on Trade and Development, Balance of Payments Online database.",Turkmenistan,Current account balance (current US$)
FootNote,TKM,BN.CAB.XOKA.CD,2012 (YR2012),"Source: United Nations Conference on Trade and Development, Balance of Payments Online database.",Turkmenistan,Current account balance (current US$)
FootNote,TKM,BN.CAB.XOKA.CD,2002 (YR2002),"Source: United Nations Conference on Trade and Development, Balance of Payments Online database.",Turkmenistan,Current account balance (current US$)
FootNote,TKM,BN.CAB.XOKA.CD,2003 (YR2003),"Source: United Nations Conference on Trade and Development, Balance of Payments Online database.",Turkmenistan,Current account balance (current US$)
FootNote,TKM,BX.KLT.DINV.CD.DT,1998 (YR1998),"Source: United Nations Conference on Trade and Development, Foreign Direct Investment Online database.",Turkmenistan,"Foreign direct investment, net inflows in reporting economy (DRS, current US$)"
FootNote,TKM,BN.CAB.XOKA.CD,2000 (YR2000),"Source: United Nations Conference on Trade and Development, Balance of Payments Online database.",Turkmenistan,Current account balance (current US$)
FootNote,TKM,BX.KLT.DINV.CD.DT,1995 (YR1995),"Source: United Nations Conference on Trade and Development, Foreign Direct Investment Online database.",Turkmenistan,"Foreign direct investment, net inflows in reporting economy (DRS, current US$)"
FootNote,TKM,BX.KLT.DINV.CD.DT,2000 (YR2000),"Source: United Nations Conference on Trade and Development, Foreign Direct Investment Online database.",Turkmenistan,"Foreign direct investment, net inflows in reporting economy (DRS, current US$)"
FootNote,TKM,BX.KLT.DINV.CD.DT,1994 (YR1994),"Source: United Nations Conference on Trade and Development, Foreign Direct Investment Online database.",Turkmenistan,"Foreign direct investment, net inflows in reporting economy (DRS, current US$)"
FootNote,TKM,BX.KLT.DINV.CD.DT,1993 (YR1993),"Source: United Nations Conference on Trade and Development, Foreign Direct Investment Online database.",Turkmenistan,"Foreign direct investment, net inflows in reporting economy (DRS, current US$)"
FootNote,TKM,BX.KLT.DINV.CD.DT,1999 (YR1999),"Source: United Nations Conference on Trade and Development, Foreign Direct Investment Online database.",Turkmenistan,"Foreign direct investment, net inflows in reporting economy (DRS, current US$)"
FootNote,UGA,BM.GSR.TOTL.CD,2024 (YR2024),Gap-filled with countries' balance of payments statistics.,Uganda,"Imports of goods, services and primary income (current US$)"
FootNote,UGA,FI.RES.TOTL.CD,2024 (YR2024),Gap-filled with countries' balance of payments statistics.,Uganda,"Total reserves (includes gold, current US$)"
FootNote,UGA,FI.RES.TOTL.CD,2020 (YR2020),Gap-filled with countries' balance of payments statistics.,Uganda,"Total reserves (includes gold, current US$)"
FootNote,UGA,FI.RES.TOTL.CD,2019 (YR2019),Gap-filled with countries' balance of payments statistics.,Uganda,"Total reserves (includes gold, current US$)"
FootNote,UGA,FI.RES.TOTL.CD,2023 (YR2023),Gap-filled with countries' balance of payments statistics.,Uganda,"Total reserves (includes gold, current US$)"
FootNote,UGA,FI.RES.TOTL.CD,2021 (YR2021),Gap-filled with countries' balance of payments statistics.,Uganda,"Total reserves (includes gold, current US$)"
FootNote,UGA,FI.RES.TOTL.CD,2022 (YR2022),Gap-filled with countries' balance of payments statistics.,Uganda,"Total reserves (includes gold, current US$)"
FootNote,UGA,DT.DOD.PVLX.EX.ZS,2009 (YR2009),Data are from debt sustainability analyses for low-income countries. Present value estimates for these countries are for public and publicly guaranteed debt only.,Uganda,"Present value of external debt (% of exports of goods, services and income)"
FootNote,UGA,DT.DOD.PVLX.GN.ZS,2009 (YR2009),Data are from debt sustainability analyses for low-income countries. Present value estimates for these countries are for public and publicly guaranteed debt only.,Uganda,Present value of external debt (% of GNI)
FootNote,UGA,DT.DOD.DECT.CD,2006 (YR2006),Data include the effects of MDRI.,Uganda,"External debt stocks, total (DOD, current US$)"
FootNote,UGA,DT.DFR.DPPG.CD,2006 (YR2006),Data include the effects of MDRI.,Uganda,Debt forgiveness or reduction (current US$)
FootNote,UGA,BX.KLT.DINV.CD.DT,1985 (YR1985),"Source: United Nations Conference on Trade and Development, Foreign Direct Investment Online database.",Uganda,"Foreign direct investment, net inflows in reporting economy (DRS, current US$)"
FootNote,UGA,BX.KLT.DINV.CD.DT,1988 (YR1988),"Source: United Nations Conference on Trade and Development, Foreign Direct Investment Online database.",Uganda,"Foreign direct investment, net inflows in reporting economy (DRS, current US$)"
FootNote,UGA,BX.KLT.DINV.CD.DT,1989 (YR1989),"Source: United Nations Conference on Trade and Development, Foreign Direct Investment Online database.",Uganda,"Foreign direct investment, net inflows in reporting economy (DRS, current US$)"
FootNote,UGA,BX.KLT.DINV.CD.DT,1990 (YR1990),"Source: United Nations Conference on Trade and Development, Foreign Direct Investment Online database.",Uganda,"Foreign direct investment, net inflows in reporting economy (DRS, current US$)"
FootNote,UGA,BX.KLT.DINV.CD.DT,1974 (YR1974),"Source: United Nations Conference on Trade and Development, Foreign Direct Investment Online database.",Uganda,"Foreign direct investment, net inflows in reporting economy (DRS, current US$)"
FootNote,UGA,BX.KLT.DINV.CD.DT,1982 (YR1982),"Source: United Nations Conference on Trade and Development, Foreign Direct Investment Online database.",Uganda,"Foreign direct investment, net inflows in reporting economy (DRS, current US$)"
FootNote,UGA,BX.KLT.DINV.CD.DT,1978 (YR1978),"Source: United Nations Conference on Trade and Development, Foreign Direct Investment Online database.",Uganda,"Foreign direct investment, net inflows in reporting economy (DRS, current US$)"
FootNote,UGA,BX.KLT.DINV.CD.DT,1979 (YR1979),"Source: United Nations Conference on Trade and Development, Foreign Direct Investment Online database.",Uganda,"Foreign direct investment, net inflows in reporting economy (DRS, current US$)"
FootNote,UGA,BX.KLT.DINV.CD.DT,1973 (YR1973),"Source: United Nations Conference on Trade and Development, Foreign Direct Investment Online database.",Uganda,"Foreign direct investment, net inflows in reporting economy (DRS, current US$)"
FootNote,UGA,BX.KLT.DINV.CD.DT,1972 (YR1972),"Source: United Nations Conference on Trade and Development, Foreign Direct Investment Online database.",Uganda,"Foreign direct investment, net inflows in reporting economy (DRS, current US$)"
FootNote,UGA,BX.KLT.DINV.CD.DT,1971 (YR1971),"Source: United Nations Conference on Trade and Development, Foreign Direct Investment Online database.",Uganda,"Foreign direct investment, net inflows in reporting economy (DRS, current US$)"
FootNote,UGA,BX.KLT.DINV.CD.DT,1980 (YR1980),"Source: United Nations Conference on Trade and Development, Foreign Direct Investment Online database.",Uganda,"Foreign direct investment, net inflows in reporting economy (DRS, current US$)"
FootNote,UGA,BX.KLT.DINV.CD.DT,1975 (YR1975),"Source: United Nations Conference on Trade and Development, Foreign Direct Investment Online database.",Uganda,"Foreign direct investment, net inflows in reporting economy (DRS, current US$)"
FootNote,UGA,BX.KLT.DINV.CD.DT,1977 (YR1977),"Source: United Nations Conference on Trade and Development, Foreign Direct Investment Online database.",Uganda,"Foreign direct investment, net inflows in reporting economy (DRS, current US$)"
FootNote,UGA,BX.KLT.DINV.CD.DT,1976 (YR1976),"Source: United Nations Conference on Trade and Development, Foreign Direct Investment Online database.",Uganda,"Foreign direct investment, net inflows in reporting economy (DRS, current US$)"
FootNote,UGA,BX.KLT.DINV.CD.DT,1970 (YR1970),"Source: United Nations Conference on Trade and Development, Foreign Direct Investment Online database.",Uganda,"Foreign direct investment, net inflows in reporting economy (DRS, current US$)"
FootNote,UKR,SP.POP.TOTL,2019 (YR2019),Estimated by World Bank staff.,Ukraine,"Population, total"
FootNote,UKR,SP.POP.TOTL,2018 (YR2018),Estimated by World Bank staff.,Ukraine,"Population, total"
FootNote,UKR,SP.POP.TOTL,2017 (YR2017),Estimated by World Bank staff.,Ukraine,"Population, total"
FootNote,UKR,NY.GNP.MKTP.CD,2015 (YR2015),"Based on data from official statistics of Ukraine and Russian Federation; by relying on these data, the World Bank does not intend to make any judgment on the legal or other status of the territories concerned or to prejudice the final determination of the parties' claims.",Ukraine,GNI (current US$)
FootNote,UKR,NY.GNP.MKTP.CD,2014 (YR2014),"Based on data from official statistics of Ukraine and Russian Federation; by relying on these data, the World Bank does not intend to make any judgment on the legal or other status of the territories concerned or to prejudice the final determination of the parties' claims.",Ukraine,GNI (current US$)
FootNote,UKR,SP.POP.TOTL,2014 (YR2014),Estimated by World Bank staff.,Ukraine,"Population, total"
FootNote,UKR,SP.POP.TOTL,2015 (YR2015),Estimated by World Bank staff.,Ukraine,"Population, total"
FootNote,UKR,SP.POP.TOTL,2016 (YR2016),Estimated by World Bank staff.,Ukraine,"Population, total"
FootNote,UKR,SP.POP.TOTL,2010 (YR2010),Preliminary.,Ukraine,"Population, total"
FootNote,UKR,SP.POP.TOTL,2013 (YR2013),Preliminary.,Ukraine,"Population, total"
FootNote,UKR,SP.POP.TOTL,2011 (YR2011),Preliminary.,Ukraine,"Population, total"
FootNote,UKR,SP.POP.TOTL,2012 (YR2012),Preliminary.,Ukraine,"Population, total"
FootNote,UKR,BX.KLT.DINV.CD.DT,1992 (YR1992),"Source: United Nations Conference on Trade and Development, Foreign Direct Investment Online database.",Ukraine,"Foreign direct investment, net inflows in reporting economy (DRS, current US$)"
FootNote,UKR,BX.KLT.DINV.CD.DT,1993 (YR1993),"Source: United Nations Conference on Trade and Development, Foreign Direct Investment Online database.",Ukraine,"Foreign direct investment, net inflows in reporting economy (DRS, current US$)"
FootNote,UZB,SP.POP.TOTL,2019 (YR2019),Preliminary.,Uzbekistan,"Population, total"
FootNote,UZB,BN.CAB.XOKA.CD,2002 (YR2002),"Source: United Nations Conference on Trade and Development, Balance of Payments Online database.",Uzbekistan,Current account balance (current US$)
FootNote,UZB,BN.CAB.XOKA.CD,2004 (YR2004),"Source: United Nations Conference on Trade and Development, Balance of Payments Online database.",Uzbekistan,Current account balance (current US$)
FootNote,UZB,BN.CAB.XOKA.CD,2001 (YR2001),"Source: United Nations Conference on Trade and Development, Balance of Payments Online database.",Uzbekistan,Current account balance (current US$)
FootNote,UZB,BN.CAB.XOKA.CD,2003 (YR2003),"Source: United Nations Conference on Trade and Development, Balance of Payments Online database.",Uzbekistan,Current account balance (current US$)
FootNote,UZB,BX.KLT.DINV.CD.DT,2004 (YR2004),"Source: United Nations Conference on Trade and Development, Foreign Direct Investment Online database.",Uzbekistan,"Foreign direct investment, net inflows in reporting economy (DRS, current US$)"
FootNote,UZB,BX.KLT.DINV.CD.DT,2002 (YR2002),"Source: United Nations Conference on Trade and Development, Foreign Direct Investment Online database.",Uzbekistan,"Foreign direct investment, net inflows in reporting economy (DRS, current US$)"
FootNote,UZB,BX.KLT.DINV.CD.DT,2001 (YR2001),"Source: United Nations Conference on Trade and Development, Foreign Direct Investment Online database.",Uzbekistan,"Foreign direct investment, net inflows in reporting economy (DRS, current US$)"
FootNote,UZB,BX.KLT.DINV.CD.DT,2003 (YR2003),"Source: United Nations Conference on Trade and Development, Foreign Direct Investment Online database.",Uzbekistan,"Foreign direct investment, net inflows in reporting economy (DRS, current US$)"
FootNote,UZB,BX.KLT.DINV.CD.DT,1995 (YR1995),"Source: United Nations Conference on Trade and Development, Foreign Direct Investment Online database.",Uzbekistan,"Foreign direct investment, net inflows in reporting economy (DRS, current US$)"
FootNote,UZB,BX.KLT.DINV.CD.DT,1994 (YR1994),"Source: United Nations Conference on Trade and Development, Foreign Direct Investment Online database.",Uzbekistan,"Foreign direct investment, net inflows in reporting economy (DRS, current US$)"
FootNote,UZB,BX.KLT.DINV.CD.DT,1999 (YR1999),"Source: United Nations Conference on Trade and Development, Foreign Direct Investment Online database.",Uzbekistan,"Foreign direct investment, net inflows in reporting economy (DRS, current US$)"
FootNote,UZB,BX.KLT.DINV.CD.DT,1998 (YR1998),"Source: United Nations Conference on Trade and Development, Foreign Direct Investment Online database.",Uzbekistan,"Foreign direct investment, net inflows in reporting economy (DRS, current US$)"
FootNote,UZB,BX.KLT.DINV.CD.DT,1992 (YR1992),"Source: United Nations Conference on Trade and Development, Foreign Direct Investment Online database.",Uzbekistan,"Foreign direct investment, net inflows in reporting economy (DRS, current US$)"
FootNote,UZB,BX.KLT.DINV.CD.DT,1996 (YR1996),"Source: United Nations Conference on Trade and Development, Foreign Direct Investment Online database.",Uzbekistan,"Foreign direct investment, net inflows in reporting economy (DRS, current US$)"
FootNote,UZB,BX.KLT.DINV.CD.DT,1997 (YR1997),"Source: United Nations Conference on Trade and Development, Foreign Direct Investment Online database.",Uzbekistan,"Foreign direct investment, net inflows in reporting economy (DRS, current US$)"
FootNote,UZB,BX.KLT.DINV.CD.DT,1993 (YR1993),"Source: United Nations Conference on Trade and Development, Foreign Direct Investment Online database.",Uzbekistan,"Foreign direct investment, net inflows in reporting economy (DRS, current US$)"
FootNote,UZB,BN.CAB.XOKA.CD,2000 (YR2000),"Source: United Nations Conference on Trade and Development, Balance of Payments Online database.",Uzbekistan,Current account balance (current US$)
FootNote,UZB,BX.KLT.DINV.CD.DT,2000 (YR2000),"Source: United Nations Conference on Trade and Development, Foreign Direct Investment Online database.",Uzbekistan,"Foreign direct investment, net inflows in reporting economy (DRS, current US$)"
FootNote,VUT,BX.KLT.DINV.CD.DT,2023 (YR2023),"Source: United Nations Conference on Trade and Development, Foreign Direct Investment Online database.",Vanuatu,"Foreign direct investment, net inflows in reporting economy (DRS, current US$)"
FootNote,VUT,BX.KLT.DINV.CD.DT,2024 (YR2024),"Source: United Nations Conference on Trade and Development, Foreign Direct Investment Online database.",Vanuatu,"Foreign direct investment, net inflows in reporting economy (DRS, current US$)"
FootNote,VUT,BX.TRF.PWKR.CD.DT,2023 (YR2023),"Source: United Nations Conference on Trade and Development, Balance of Payments Online database.",Vanuatu,"Personal transfers and compensation of employees, received (current US$)"
FootNote,VUT,BM.GSR.TOTL.CD,2024 (YR2024),Gap-filled with countries' balance of payments statistics.,Vanuatu,"Imports of goods, services and primary income (current US$)"
FootNote,VUT,BX.KLT.DREM.CD.DT,2023 (YR2023),Gap-filled with countries' balance of payments statistics.,Vanuatu,Primary income on FDI (current US$)
FootNote,VUT,BX.TRF.PWKR.CD.DT,2024 (YR2024),"Data on Personal Transfers and Compensation of Employees are prepared by World Bank staff based on IMF's Balance of Payments statistics and data releases from central banks, national statistical agencies, and World Bank country desks.",Vanuatu,"Personal transfers and compensation of employees, received (current US$)"
FootNote,VUT,BN.CAB.XOKA.CD,2023 (YR2023),Gap-filled with countries' balance of payments statistics.,Vanuatu,Current account balance (current US$)
FootNote,VUT,BN.CAB.XOKA.CD,2024 (YR2024),Gap-filled with countries' balance of payments statistics.,Vanuatu,Current account balance (current US$)
FootNote,VUT,BM.GSR.TOTL.CD,2023 (YR2023),Gap-filled with countries' balance of payments statistics.,Vanuatu,"Imports of goods, services and primary income (current US$)"
FootNote,VUT,BX.GSR.TOTL.CD,2023 (YR2023),Gap-filled with countries' balance of payments statistics.,Vanuatu,"Exports of goods, services and primary income (current US$)"
FootNote,VUT,BX.GSR.TOTL.CD,2024 (YR2024),Gap-filled with countries' balance of payments statistics.,Vanuatu,"Exports of goods, services and primary income (current US$)"
FootNote,VUT,BX.KLT.DINV.CD.DT,1979 (YR1979),"Source: United Nations Conference on Trade and Development, Foreign Direct Investment Online database.",Vanuatu,"Foreign direct investment, net inflows in reporting economy (DRS, current US$)"
FootNote,VUT,BX.KLT.DINV.CD.DT,1972 (YR1972),"Source: United Nations Conference on Trade and Development, Foreign Direct Investment Online database.",Vanuatu,"Foreign direct investment, net inflows in reporting economy (DRS, current US$)"
FootNote,VUT,BX.KLT.DINV.CD.DT,1976 (YR1976),"Source: United Nations Conference on Trade and Development, Foreign Direct Investment Online database.",Vanuatu,"Foreign direct investment, net inflows in reporting economy (DRS, current US$)"
FootNote,VUT,BX.KLT.DINV.CD.DT,1981 (YR1981),"Source: United Nations Conference on Trade and Development, Foreign Direct Investment Online database.",Vanuatu,"Foreign direct investment, net inflows in reporting economy (DRS, current US$)"
FootNote,VUT,BX.KLT.DINV.CD.DT,1974 (YR1974),"Source: United Nations Conference on Trade and Development, Foreign Direct Investment Online database.",Vanuatu,"Foreign direct investment, net inflows in reporting economy (DRS, current US$)"
FootNote,VUT,BX.KLT.DINV.CD.DT,1975 (YR1975),"Source: United Nations Conference on Trade and Development, Foreign Direct Investment Online database.",Vanuatu,"Foreign direct investment, net inflows in reporting economy (DRS, current US$)"
FootNote,VUT,BX.KLT.DINV.CD.DT,1971 (YR1971),"Source: United Nations Conference on Trade and Development, Foreign Direct Investment Online database.",Vanuatu,"Foreign direct investment, net inflows in reporting economy (DRS, current US$)"
FootNote,VUT,BX.KLT.DINV.CD.DT,1973 (YR1973),"Source: United Nations Conference on Trade and Development, Foreign Direct Investment Online database.",Vanuatu,"Foreign direct investment, net inflows in reporting economy (DRS, current US$)"
FootNote,VUT,BX.KLT.DINV.CD.DT,1978 (YR1978),"Source: United Nations Conference on Trade and Development, Foreign Direct Investment Online database.",Vanuatu,"Foreign direct investment, net inflows in reporting economy (DRS, current US$)"
FootNote,VUT,BX.KLT.DINV.CD.DT,1980 (YR1980),"Source: United Nations Conference on Trade and Development, Foreign Direct Investment Online database.",Vanuatu,"Foreign direct investment, net inflows in reporting economy (DRS, current US$)"
FootNote,VUT,BX.KLT.DINV.CD.DT,1977 (YR1977),"Source: United Nations Conference on Trade and Development, Foreign Direct Investment Online database.",Vanuatu,"Foreign direct investment, net inflows in reporting economy (DRS, current US$)"
FootNote,VNM,BX.TRF.PWKR.CD.DT,2020 (YR2020),"Source: United Nations Conference on Trade and Development, Balance of Payments Online database.",Viet Nam,"Personal transfers and compensation of employees, received (current US$)"
FootNote,VNM,BX.TRF.PWKR.CD.DT,2021 (YR2021),"Source: United Nations Conference on Trade and Development, Balance of Payments Online database.",Viet Nam,"Personal transfers and compensation of employees, received (current US$)"
FootNote,VNM,BX.TRF.PWKR.CD.DT,2024 (YR2024),"Data on Personal Transfers and Compensation of Employees are prepared by World Bank staff based on IMF's Balance of Payments statistics and data releases from central banks, national statistical agencies, and World Bank country desks.",Viet Nam,"Personal transfers and compensation of employees, received (current US$)"
FootNote,VNM,BX.TRF.PWKR.CD.DT,2019 (YR2019),"Source: United Nations Conference on Trade and Development, Balance of Payments Online database.",Viet Nam,"Personal transfers and compensation of employees, received (current US$)"
FootNote,VNM,BX.TRF.PWKR.CD.DT,2017 (YR2017),"Source: United Nations Conference on Trade and Development, Balance of Payments Online database.",Viet Nam,"Personal transfers and compensation of employees, received (current US$)"
FootNote,VNM,BX.TRF.PWKR.CD.DT,2018 (YR2018),"Source: United Nations Conference on Trade and Development, Balance of Payments Online database.",Viet Nam,"Personal transfers and compensation of employees, received (current US$)"
FootNote,VNM,BX.TRF.PWKR.CD.DT,2022 (YR2022),"Source: United Nations Conference on Trade and Development, Balance of Payments Online database.",Viet Nam,"Personal transfers and compensation of employees, received (current US$)"
FootNote,VNM,BX.TRF.PWKR.CD.DT,2023 (YR2023),"Source: United Nations Conference on Trade and Development, Balance of Payments Online database.",Viet Nam,"Personal transfers and compensation of employees, received (current US$)"
FootNote,VNM,BX.KLT.DINV.CD.DT,2005 (YR2005),"Source: United Nations Conference on Trade and Development, Foreign Direct Investment Online database.",Viet Nam,"Foreign direct investment, net inflows in reporting economy (DRS, current US$)"
FootNote,VNM,BX.KLT.DINV.CD.DT,2004 (YR2004),"Source: United Nations Conference on Trade and Development, Foreign Direct Investment Online database.",Viet Nam,"Foreign direct investment, net inflows in reporting economy (DRS, current US$)"
FootNote,VNM,BX.TRF.PWKR.CD.DT,2011 (YR2011),"Source: United Nations Conference on Trade and Development, Balance of Payments Online database.",Viet Nam,"Personal transfers and compensation of employees, received (current US$)"
FootNote,VNM,BX.TRF.PWKR.CD.DT,2009 (YR2009),"Source: United Nations Conference on Trade and Development, Balance of Payments Online database.",Viet Nam,"Personal transfers and compensation of employees, received (current US$)"
FootNote,VNM,BX.TRF.PWKR.CD.DT,2008 (YR2008),"Source: United Nations Conference on Trade and Development, Balance of Payments Online database.",Viet Nam,"Personal transfers and compensation of employees, received (current US$)"
FootNote,VNM,BX.TRF.PWKR.CD.DT,2013 (YR2013),"Source: United Nations Conference on Trade and Development, Balance of Payments Online database.",Viet Nam,"Personal transfers and compensation of employees, received (current US$)"
FootNote,VNM,BX.TRF.PWKR.CD.DT,2014 (YR2014),"Source: United Nations Conference on Trade and Development, Balance of Payments Online database.",Viet Nam,"Personal transfers and compensation of employees, received (current US$)"
FootNote,VNM,BX.TRF.PWKR.CD.DT,2012 (YR2012),"Source: United Nations Conference on Trade and Development, Balance of Payments Online database.",Viet Nam,"Personal transfers and compensation of employees, received (current US$)"
FootNote,VNM,BX.TRF.PWKR.CD.DT,2010 (YR2010),"Source: United Nations Conference on Trade and Development, Balance of Payments Online database.",Viet Nam,"Personal transfers and compensation of employees, received (current US$)"
FootNote,VNM,BX.TRF.PWKR.CD.DT,2007 (YR2007),"Source: United Nations Conference on Trade and Development, Balance of Payments Online database.",Viet Nam,"Personal transfers and compensation of employees, received (current US$)"
FootNote,VNM,BX.TRF.PWKR.CD.DT,2015 (YR2015),"Source: United Nations Conference on Trade and Development, Balance of Payments Online database.",Viet Nam,"Personal transfers and compensation of employees, received (current US$)"
FootNote,VNM,BX.TRF.PWKR.CD.DT,2016 (YR2016),"Source: United Nations Conference on Trade and Development, Balance of Payments Online database.",Viet Nam,"Personal transfers and compensation of employees, received (current US$)"
FootNote,VNM,BX.KLT.DINV.CD.DT,2003 (YR2003),"Source: United Nations Conference on Trade and Development, Foreign Direct Investment Online database.",Viet Nam,"Foreign direct investment, net inflows in reporting economy (DRS, current US$)"
FootNote,VNM,BX.KLT.DINV.CD.DT,2001 (YR2001),"Source: United Nations Conference on Trade and Development, Foreign Direct Investment Online database.",Viet Nam,"Foreign direct investment, net inflows in reporting economy (DRS, current US$)"
FootNote,VNM,BX.KLT.DINV.CD.DT,2002 (YR2002),"Source: United Nations Conference on Trade and Development, Foreign Direct Investment Online database.",Viet Nam,"Foreign direct investment, net inflows in reporting economy (DRS, current US$)"
FootNote,VNM,BX.KLT.DINV.CD.DT,2000 (YR2000),"Source: United Nations Conference on Trade and Development, Foreign Direct Investment Online database.",Viet Nam,"Foreign direct investment, net inflows in reporting economy (DRS, current US$)"
FootNote,VNM,BX.KLT.DINV.CD.DT,1991 (YR1991),"Source: United Nations Conference on Trade and Development, Foreign Direct Investment Online database.",Viet Nam,"Foreign direct investment, net inflows in reporting economy (DRS, current US$)"
FootNote,VNM,BX.KLT.DINV.CD.DT,1992 (YR1992),"Source: United Nations Conference on Trade and Development, Foreign Direct Investment Online database.",Viet Nam,"Foreign direct investment, net inflows in reporting economy (DRS, current US$)"
FootNote,VNM,BX.KLT.DINV.CD.DT,1994 (YR1994),"Source: United Nations Conference on Trade and Development, Foreign Direct Investment Online database.",Viet Nam,"Foreign direct investment, net inflows in reporting economy (DRS, current US$)"
FootNote,VNM,BX.KLT.DINV.CD.DT,1995 (YR1995),"Source: United Nations Conference on Trade and Development, Foreign Direct Investment Online database.",Viet Nam,"Foreign direct investment, net inflows in reporting economy (DRS, current US$)"
FootNote,VNM,BX.KLT.DINV.CD.DT,1990 (YR1990),"Source: United Nations Conference on Trade and Development, Foreign Direct Investment Online database.",Viet Nam,"Foreign direct investment, net inflows in reporting economy (DRS, current US$)"
FootNote,VNM,BX.KLT.DINV.CD.DT,1993 (YR1993),"Source: United Nations Conference on Trade and Development, Foreign Direct Investment Online database.",Viet Nam,"Foreign direct investment, net inflows in reporting economy (DRS, current US$)"
FootNote,VNM,BX.KLT.DINV.CD.DT,1988 (YR1988),"Source: United Nations Conference on Trade and Development, Foreign Direct Investment Online database.",Viet Nam,"Foreign direct investment, net inflows in reporting economy (DRS, current US$)"
FootNote,VNM,BX.KLT.DINV.CD.DT,1986 (YR1986),"Source: United Nations Conference on Trade and Development, Foreign Direct Investment Online database.",Viet Nam,"Foreign direct investment, net inflows in reporting economy (DRS, current US$)"
FootNote,VNM,BX.KLT.DINV.CD.DT,1987 (YR1987),"Source: United Nations Conference on Trade and Development, Foreign Direct Investment Online database.",Viet Nam,"Foreign direct investment, net inflows in reporting economy (DRS, current US$)"
FootNote,VNM,BX.KLT.DINV.CD.DT,1989 (YR1989),"Source: United Nations Conference on Trade and Development, Foreign Direct Investment Online database.",Viet Nam,"Foreign direct investment, net inflows in reporting economy (DRS, current US$)"
FootNote,VNM,BX.KLT.DINV.CD.DT,1985 (YR1985),"Source: United Nations Conference on Trade and Development, Foreign Direct Investment Online database.",Viet Nam,"Foreign direct investment, net inflows in reporting economy (DRS, current US$)"
FootNote,VNM,BX.KLT.DINV.CD.DT,1983 (YR1983),"Source: United Nations Conference on Trade and Development, Foreign Direct Investment Online database.",Viet Nam,"Foreign direct investment, net inflows in reporting economy (DRS, current US$)"
FootNote,VNM,BX.KLT.DINV.CD.DT,1975 (YR1975),"Source: United Nations Conference on Trade and Development, Foreign Direct Investment Online database.",Viet Nam,"Foreign direct investment, net inflows in reporting economy (DRS, current US$)"
FootNote,VNM,BX.KLT.DINV.CD.DT,1971 (YR1971),"Source: United Nations Conference on Trade and Development, Foreign Direct Investment Online database.",Viet Nam,"Foreign direct investment, net inflows in reporting economy (DRS, current US$)"
FootNote,VNM,BX.KLT.DINV.CD.DT,1980 (YR1980),"Source: United Nations Conference on Trade and Development, Foreign Direct Investment Online database.",Viet Nam,"Foreign direct investment, net inflows in reporting economy (DRS, current US$)"
FootNote,VNM,BX.KLT.DINV.CD.DT,1976 (YR1976),"Source: United Nations Conference on Trade and Development, Foreign Direct Investment Online database.",Viet Nam,"Foreign direct investment, net inflows in reporting economy (DRS, current US$)"
FootNote,VNM,BX.KLT.DINV.CD.DT,1978 (YR1978),"Source: United Nations Conference on Trade and Development, Foreign Direct Investment Online database.",Viet Nam,"Foreign direct investment, net inflows in reporting economy (DRS, current US$)"
FootNote,VNM,BX.KLT.DINV.CD.DT,1970 (YR1970),"Source: United Nations Conference on Trade and Development, Foreign Direct Investment Online database.",Viet Nam,"Foreign direct investment, net inflows in reporting economy (DRS, current US$)"
FootNote,VNM,BX.KLT.DINV.CD.DT,1981 (YR1981),"Source: United Nations Conference on Trade and Development, Foreign Direct Investment Online database.",Viet Nam,"Foreign direct investment, net inflows in reporting economy (DRS, current US$)"
FootNote,VNM,BX.KLT.DINV.CD.DT,1984 (YR1984),"Source: United Nations Conference on Trade and Development, Foreign Direct Investment Online database.",Viet Nam,"Foreign direct investment, net inflows in reporting economy (DRS, current US$)"
FootNote,VNM,BX.KLT.DINV.CD.DT,1973 (YR1973),"Source: United Nations Conference on Trade and Development, Foreign Direct Investment Online database.",Viet Nam,"Foreign direct investment, net inflows in reporting economy (DRS, current US$)"
FootNote,VNM,BX.KLT.DINV.CD.DT,1972 (YR1972),"Source: United Nations Conference on Trade and Development, Foreign Direct Investment Online database.",Viet Nam,"Foreign direct investment, net inflows in reporting economy (DRS, current US$)"
FootNote,VNM,BX.KLT.DINV.CD.DT,1982 (YR1982),"Source: United Nations Conference on Trade and Development, Foreign Direct Investment Online database.",Viet Nam,"Foreign direct investment, net inflows in reporting economy (DRS, current US$)"
FootNote,VNM,BX.KLT.DINV.CD.DT,1979 (YR1979),"Source: United Nations Conference on Trade and Development, Foreign Direct Investment Online database.",Viet Nam,"Foreign direct investment, net inflows in reporting economy (DRS, current US$)"
FootNote,VNM,BX.KLT.DINV.CD.DT,1974 (YR1974),"Source: United Nations Conference on Trade and Development, Foreign Direct Investment Online database.",Viet Nam,"Foreign direct investment, net inflows in reporting economy (DRS, current US$)"
FootNote,VNM,BX.KLT.DINV.CD.DT,1977 (YR1977),"Source: United Nations Conference on Trade and Development, Foreign Direct Investment Online database.",Viet Nam,"Foreign direct investment, net inflows in reporting economy (DRS, current US$)"
FootNote,YEM,BX.KLT.DINV.CD.DT,2017 (YR2017),"Source: United Nations Conference on Trade and Development, Foreign Direct Investment Online database.","Yemen, Rep.","Foreign direct investment, net inflows in reporting economy (DRS, current US$)"
FootNote,YEM,BX.KLT.DINV.CD.DT,2018 (YR2018),"Source: United Nations Conference on Trade and Development, Foreign Direct Investment Online database.","Yemen, Rep.","Foreign direct investment, net inflows in reporting economy (DRS, current US$)"
FootNote,YEM,BX.TRF.PWKR.CD.DT,2021 (YR2021),"Source: United Nations Conference on Trade and Development, Balance of Payments Online database.","Yemen, Rep.","Personal transfers and compensation of employees, received (current US$)"
FootNote,YEM,BX.TRF.PWKR.CD.DT,2017 (YR2017),"Source: United Nations Conference on Trade and Development, Balance of Payments Online database.","Yemen, Rep.","Personal transfers and compensation of employees, received (current US$)"
FootNote,YEM,BX.TRF.PWKR.CD.DT,2023 (YR2023),"Source: United Nations Conference on Trade and Development, Balance of Payments Online database.","Yemen, Rep.","Personal transfers and compensation of employees, received (current US$)"
FootNote,YEM,BX.KLT.DINV.CD.DT,2019 (YR2019),"Source: United Nations Conference on Trade and Development, Foreign Direct Investment Online database.","Yemen, Rep.","Foreign direct investment, net inflows in reporting economy (DRS, current US$)"
FootNote,YEM,BX.KLT.DINV.CD.DT,2024 (YR2024),"Source: United Nations Conference on Trade and Development, Foreign Direct Investment Online database.","Yemen, Rep.","Foreign direct investment, net inflows in reporting economy (DRS, current US$)"
FootNote,YEM,BX.TRF.PWKR.CD.DT,2022 (YR2022),"Source: United Nations Conference on Trade and Development, Balance of Payments Online database.","Yemen, Rep.","Personal transfers and compensation of employees, received (current US$)"
FootNote,YEM,BX.TRF.PWKR.CD.DT,2019 (YR2019),"Source: United Nations Conference on Trade and Development, Balance of Payments Online database.","Yemen, Rep.","Personal transfers and compensation of employees, received (current US$)"
FootNote,YEM,BX.TRF.PWKR.CD.DT,2018 (YR2018),"Source: United Nations Conference on Trade and Development, Balance of Payments Online database.","Yemen, Rep.","Personal transfers and compensation of employees, received (current US$)"
FootNote,YEM,BX.TRF.PWKR.CD.DT,2020 (YR2020),"Source: United Nations Conference on Trade and Development, Balance of Payments Online database.","Yemen, Rep.","Personal transfers and compensation of employees, received (current US$)"
FootNote,YEM,BX.TRF.PWKR.CD.DT,2024 (YR2024),"Data on Personal Transfers and Compensation of Employees are prepared by World Bank staff based on IMF's Balance of Payments statistics and data releases from central banks, national statistical agencies, and World Bank country desks.","Yemen, Rep.","Personal transfers and compensation of employees, received (current US$)"
FootNote,YEM,BN.CAB.XOKA.CD,2002 (YR2002),"Source: United Nations Conference on Trade and Development, Balance of Payments Online database.","Yemen, Rep.",Current account balance (current US$)
FootNote,YEM,BN.CAB.XOKA.CD,2001 (YR2001),"Source: United Nations Conference on Trade and Development, Balance of Payments Online database.","Yemen, Rep.",Current account balance (current US$)
FootNote,YEM,BN.CAB.XOKA.CD,2003 (YR2003),"Source: United Nations Conference on Trade and Development, Balance of Payments Online database.","Yemen, Rep.",Current account balance (current US$)
FootNote,YEM,BN.CAB.XOKA.CD,2004 (YR2004),"Source: United Nations Conference on Trade and Development, Balance of Payments Online database.","Yemen, Rep.",Current account balance (current US$)
FootNote,YEM,BM.GSR.TOTL.CD,2004 (YR2004),"Source: United Nations Conference on Trade and Development, Balance of Payments Online database.","Yemen, Rep.","Imports of goods, services and primary income (current US$)"
FootNote,YEM,BM.GSR.TOTL.CD,2003 (YR2003),"Source: United Nations Conference on Trade and Development, Balance of Payments Online database.","Yemen, Rep.","Imports of goods, services and primary income (current US$)"
FootNote,YEM,BM.GSR.TOTL.CD,2001 (YR2001),"Source: United Nations Conference on Trade and Development, Balance of Payments Online database.","Yemen, Rep.","Imports of goods, services and primary income (current US$)"
FootNote,YEM,BX.GSR.TOTL.CD,2002 (YR2002),"Source: United Nations Conference on Trade and Development, Balance of Payments Online database.","Yemen, Rep.","Exports of goods, services and primary income (current US$)"
FootNote,YEM,BX.GSR.TOTL.CD,2001 (YR2001),"Source: United Nations Conference on Trade and Development, Balance of Payments Online database.","Yemen, Rep.","Exports of goods, services and primary income (current US$)"
FootNote,YEM,BX.GSR.TOTL.CD,2004 (YR2004),"Source: United Nations Conference on Trade and Development, Balance of Payments Online database.","Yemen, Rep.","Exports of goods, services and primary income (current US$)"
FootNote,YEM,BX.GSR.TOTL.CD,2003 (YR2003),"Source: United Nations Conference on Trade and Development, Balance of Payments Online database.","Yemen, Rep.","Exports of goods, services and primary income (current US$)"
FootNote,YEM,BX.KLT.DINV.CD.DT,2002 (YR2002),"Source: United Nations Conference on Trade and Development, Foreign Direct Investment Online database.","Yemen, Rep.","Foreign direct investment, net inflows in reporting economy (DRS, current US$)"
FootNote,YEM,BX.KLT.DINV.CD.DT,2001 (YR2001),"Source: United Nations Conference on Trade and Development, Foreign Direct Investment Online database.","Yemen, Rep.","Foreign direct investment, net inflows in reporting economy (DRS, current US$)"
FootNote,YEM,BX.TRF.PWKR.CD.DT,2003 (YR2003),"Source: United Nations Conference on Trade and Development, Balance of Payments Online database.","Yemen, Rep.","Personal transfers and compensation of employees, received (current US$)"
FootNote,YEM,BX.TRF.PWKR.CD.DT,2002 (YR2002),"Source: United Nations Conference on Trade and Development, Balance of Payments Online database.","Yemen, Rep.","Personal transfers and compensation of employees, received (current US$)"
FootNote,YEM,BM.GSR.TOTL.CD,2002 (YR2002),"Source: United Nations Conference on Trade and Development, Balance of Payments Online database.","Yemen, Rep.","Imports of goods, services and primary income (current US$)"
FootNote,YEM,BX.KLT.DREM.CD.DT,2002 (YR2002),"Source: United Nations Conference on Trade and Development, Balance of Payments Online database.","Yemen, Rep.",Primary income on FDI (current US$)
FootNote,YEM,BX.KLT.DREM.CD.DT,2004 (YR2004),"Source: United Nations Conference on Trade and Development, Balance of Payments Online database.","Yemen, Rep.",Primary income on FDI (current US$)
FootNote,YEM,BX.KLT.DREM.CD.DT,2001 (YR2001),"Source: United Nations Conference on Trade and Development, Balance of Payments Online database.","Yemen, Rep.",Primary income on FDI (current US$)
FootNote,YEM,BX.KLT.DREM.CD.DT,2003 (YR2003),"Source: United Nations Conference on Trade and Development, Balance of Payments Online database.","Yemen, Rep.",Primary income on FDI (current US$)
FootNote,YEM,BX.TRF.PWKR.CD.DT,2001 (YR2001),"Source: United Nations Conference on Trade and Development, Balance of Payments Online database.","Yemen, Rep.","Personal transfers and compensation of employees, received (current US$)"
FootNote,YEM,BX.TRF.PWKR.CD.DT,2004 (YR2004),"Source: United Nations Conference on Trade and Development, Balance of Payments Online database.","Yemen, Rep.","Personal transfers and compensation of employees, received (current US$)"
FootNote,YEM,BX.KLT.DINV.CD.DT,2003 (YR2003),"Source: United Nations Conference on Trade and Development, Foreign Direct Investment Online database.","Yemen, Rep.","Foreign direct investment, net inflows in reporting economy (DRS, current US$)"
FootNote,YEM,BX.KLT.DINV.CD.DT,2004 (YR2004),"Source: United Nations Conference on Trade and Development, Foreign Direct Investment Online database.","Yemen, Rep.","Foreign direct investment, net inflows in reporting economy (DRS, current US$)"
FootNote,YEM,BX.KLT.DINV.CD.DT,2005 (YR2005),"Source: United Nations Conference on Trade and Development, Foreign Direct Investment Online database.","Yemen, Rep.","Foreign direct investment, net inflows in reporting economy (DRS, current US$)"
FootNote,YEM,BX.GSR.TOTL.CD,2000 (YR2000),"Source: United Nations Conference on Trade and Development, Balance of Payments Online database.","Yemen, Rep.","Exports of goods, services and primary income (current US$)"
FootNote,YEM,BM.GSR.TOTL.CD,2000 (YR2000),"Source: United Nations Conference on Trade and Development, Balance of Payments Online database.","Yemen, Rep.","Imports of goods, services and primary income (current US$)"
FootNote,YEM,BX.KLT.DREM.CD.DT,2000 (YR2000),"Source: United Nations Conference on Trade and Development, Balance of Payments Online database.","Yemen, Rep.",Primary income on FDI (current US$)
FootNote,YEM,BX.TRF.PWKR.CD.DT,2000 (YR2000),"Source: United Nations Conference on Trade and Development, Balance of Payments Online database.","Yemen, Rep.","Personal transfers and compensation of employees, received (current US$)"
FootNote,YEM,BX.KLT.DINV.CD.DT,2000 (YR2000),"Source: United Nations Conference on Trade and Development, Foreign Direct Investment Online database.","Yemen, Rep.","Foreign direct investment, net inflows in reporting economy (DRS, current US$)"
FootNote,YEM,BN.CAB.XOKA.CD,2000 (YR2000),"Source: United Nations Conference on Trade and Development, Balance of Payments Online database.","Yemen, Rep.",Current account balance (current US$)
FootNote,YEM,BX.KLT.DINV.CD.DT,1988 (YR1988),"Data are for People's Democratic Republic of Yemen. Source: United Nations Conference on Trade and Development, Foreign Direct Investment Online database.","Yemen, Rep.","Foreign direct investment, net inflows in reporting economy (DRS, current US$)"
FootNote,YEM,BX.KLT.DINV.CD.DT,1987 (YR1987),"Data are for People's Democratic Republic of Yemen. Source: United Nations Conference on Trade and Development, Foreign Direct Investment Online database.","Yemen, Rep.","Foreign direct investment, net inflows in reporting economy (DRS, current US$)"
FootNote,YEM,BX.KLT.DINV.CD.DT,1985 (YR1985),"Data are for People's Democratic Republic of Yemen. Source: United Nations Conference on Trade and Development, Foreign Direct Investment Online database.","Yemen, Rep.","Foreign direct investment, net inflows in reporting economy (DRS, current US$)"
FootNote,YEM,BX.KLT.DINV.CD.DT,1989 (YR1989),"Data are for People's Democratic Republic of Yemen. Source: United Nations Conference on Trade and Development, Foreign Direct Investment Online database.","Yemen, Rep.","Foreign direct investment, net inflows in reporting economy (DRS, current US$)"
FootNote,YEM,BX.KLT.DINV.CD.DT,1986 (YR1986),"Data are for People's Democratic Republic of Yemen. Source: United Nations Conference on Trade and Development, Foreign Direct Investment Online database.","Yemen, Rep.","Foreign direct investment, net inflows in reporting economy (DRS, current US$)"
FootNote,YEM,BX.KLT.DINV.CD.DT,1975 (YR1975),"Data are for People's Democratic Republic of Yemen. Source: United Nations Conference on Trade and Development, Foreign Direct Investment Online database.","Yemen, Rep.","Foreign direct investment, net inflows in reporting economy (DRS, current US$)"
FootNote,YEM,BX.KLT.DINV.CD.DT,1976 (YR1976),"Data are for People's Democratic Republic of Yemen. Source: United Nations Conference on Trade and Development, Foreign Direct Investment Online database.","Yemen, Rep.","Foreign direct investment, net inflows in reporting economy (DRS, current US$)"
FootNote,YEM,BX.KLT.DINV.CD.DT,1971 (YR1971),"Data are for People's Democratic Republic of Yemen. Source: United Nations Conference on Trade and Development, Foreign Direct Investment Online database.","Yemen, Rep.","Foreign direct investment, net inflows in reporting economy (DRS, current US$)"
FootNote,YEM,BX.KLT.DINV.CD.DT,1977 (YR1977),"Data are for People's Democratic Republic of Yemen. Source: United Nations Conference on Trade and Development, Foreign Direct Investment Online database.","Yemen, Rep.","Foreign direct investment, net inflows in reporting economy (DRS, current US$)"
FootNote,YEM,BX.KLT.DINV.CD.DT,1974 (YR1974),"Data are for People's Democratic Republic of Yemen. Source: United Nations Conference on Trade and Development, Foreign Direct Investment Online database.","Yemen, Rep.","Foreign direct investment, net inflows in reporting economy (DRS, current US$)"
FootNote,YEM,BX.KLT.DINV.CD.DT,1970 (YR1970),"Data are for People's Democratic Republic of Yemen. Source: United Nations Conference on Trade and Development, Foreign Direct Investment Online database.","Yemen, Rep.","Foreign direct investment, net inflows in reporting economy (DRS, current US$)"
FootNote,YEM,BX.KLT.DINV.CD.DT,1972 (YR1972),"Data are for People's Democratic Republic of Yemen. Source: United Nations Conference on Trade and Development, Foreign Direct Investment Online database.","Yemen, Rep.","Foreign direct investment, net inflows in reporting economy (DRS, current US$)"
FootNote,YEM,BX.KLT.DINV.CD.DT,1981 (YR1981),"Data are for People's Democratic Republic of Yemen. Source: United Nations Conference on Trade and Development, Foreign Direct Investment Online database.","Yemen, Rep.","Foreign direct investment, net inflows in reporting economy (DRS, current US$)"
FootNote,YEM,BX.KLT.DINV.CD.DT,1973 (YR1973),"Data are for People's Democratic Republic of Yemen. Source: United Nations Conference on Trade and Development, Foreign Direct Investment Online database.","Yemen, Rep.","Foreign direct investment, net inflows in reporting economy (DRS, current US$)"
FootNote,YEM,BX.KLT.DINV.CD.DT,1980 (YR1980),"Data are for People's Democratic Republic of Yemen. Source: United Nations Conference on Trade and Development, Foreign Direct Investment Online database.","Yemen, Rep.","Foreign direct investment, net inflows in reporting economy (DRS, current US$)"
FootNote,YEM,BX.KLT.DINV.CD.DT,1978 (YR1978),"Data are for People's Democratic Republic of Yemen. Source: United Nations Conference on Trade and Development, Foreign Direct Investment Online database.","Yemen, Rep.","Foreign direct investment, net inflows in reporting economy (DRS, current US$)"
FootNote,YEM,BX.KLT.DINV.CD.DT,1982 (YR1982),"Data are for People's Democratic Republic of Yemen. Source: United Nations Conference on Trade and Development, Foreign Direct Investment Online database.","Yemen, Rep.","Foreign direct investment, net inflows in reporting economy (DRS, current US$)"
FootNote,YEM,BX.KLT.DINV.CD.DT,1983 (YR1983),"Data are for People's Democratic Republic of Yemen. Source: United Nations Conference on Trade and Development, Foreign Direct Investment Online database.","Yemen, Rep.","Foreign direct investment, net inflows in reporting economy (DRS, current US$)"
FootNote,YEM,BX.KLT.DINV.CD.DT,1984 (YR1984),"Data are for People's Democratic Republic of Yemen. Source: United Nations Conference on Trade and Development, Foreign Direct Investment Online database.","Yemen, Rep.","Foreign direct investment, net inflows in reporting economy (DRS, current US$)"
FootNote,YEM,BX.KLT.DINV.CD.DT,1979 (YR1979),"Data are for People's Democratic Republic of Yemen. Source: United Nations Conference on Trade and Development, Foreign Direct Investment Online database.","Yemen, Rep.","Foreign direct investment, net inflows in reporting economy (DRS, current US$)"
FootNote,ZMB,BX.KLT.DREM.CD.DT,2024 (YR2024),Gap-filled with countries' balance of payments statistics.,Zambia,Primary income on FDI (current US$)
FootNote,ZMB,BX.TRF.PWKR.CD.DT,2024 (YR2024),Gap-filled with countries' balance of payments statistics.,Zambia,"Personal transfers and compensation of employees, received (current US$)"
FootNote,ZMB,BX.KLT.DINV.CD.DT,2024 (YR2024),"Source: United Nations Conference on Trade and Development, Foreign Direct Investment Online database.",Zambia,"Foreign direct investment, net inflows in reporting economy (DRS, current US$)"
FootNote,ZMB,BN.CAB.XOKA.CD,2024 (YR2024),Gap-filled with countries' balance of payments statistics.,Zambia,Current account balance (current US$)
FootNote,ZMB,BM.GSR.TOTL.CD,2024 (YR2024),Gap-filled with countries' balance of payments statistics.,Zambia,"Imports of goods, services and primary income (current US$)"
FootNote,ZMB,BX.GSR.TOTL.CD,2024 (YR2024),Gap-filled with countries' balance of payments statistics.,Zambia,"Exports of goods, services and primary income (current US$)"
FootNote,ZMB,BX.PEF.TOTL.CD.DT,2024 (YR2024),Gap-filled with countries' balance of payments statistics.,Zambia,"Portfolio investment, equity (DRS, current US$)"
FootNote,ZMB,DT.DOD.DECT.CD,2006 (YR2006),Data include the effects of MDRI.,Zambia,"External debt stocks, total (DOD, current US$)"
FootNote,ZMB,DT.DFR.DPPG.CD,2006 (YR2006),Data include the effects of MDRI.,Zambia,Debt forgiveness or reduction (current US$)
FootNote,ZMB,DT.DOD.PVLX.GN.ZS,2009 (YR2009),Data are from debt sustainability analyses for low-income countries. Present value estimates for these countries are for public and publicly guaranteed debt only.,Zambia,Present value of external debt (% of GNI)
FootNote,ZMB,DT.DOD.PVLX.EX.ZS,2009 (YR2009),Data are from debt sustainability analyses for low-income countries. Present value estimates for these countries are for public and publicly guaranteed debt only.,Zambia,"Present value of external debt (% of exports of goods, services and income)"
FootNote,ZMB,BX.KLT.DINV.CD.DT,1996 (YR1996),"Source: United Nations Conference on Trade and Development, Foreign Direct Investment Online database.",Zambia,"Foreign direct investment, net inflows in reporting economy (DRS, current US$)"
FootNote,ZMB,BX.KLT.DINV.CD.DT,1993 (YR1993),"Source: United Nations Conference on Trade and Development, Foreign Direct Investment Online database.",Zambia,"Foreign direct investment, net inflows in reporting economy (DRS, current US$)"
FootNote,ZMB,BX.KLT.DINV.CD.DT,1995 (YR1995),"Source: United Nations Conference on Trade and Development, Foreign Direct Investment Online database.",Zambia,"Foreign direct investment, net inflows in reporting economy (DRS, current US$)"
FootNote,ZMB,BX.KLT.DINV.CD.DT,1994 (YR1994),"Source: United Nations Conference on Trade and Development, Foreign Direct Investment Online database.",Zambia,"Foreign direct investment, net inflows in reporting economy (DRS, current US$)"
FootNote,ZMB,BX.KLT.DINV.CD.DT,1992 (YR1992),"Source: United Nations Conference on Trade and Development, Foreign Direct Investment Online database.",Zambia,"Foreign direct investment, net inflows in reporting economy (DRS, current US$)"
FootNote,ZMB,BX.KLT.DINV.CD.DT,1972 (YR1972),"Source: United Nations Conference on Trade and Development, Foreign Direct Investment Online database.",Zambia,"Foreign direct investment, net inflows in reporting economy (DRS, current US$)"
FootNote,ZMB,BX.KLT.DINV.CD.DT,1976 (YR1976),"Source: United Nations Conference on Trade and Development, Foreign Direct Investment Online database.",Zambia,"Foreign direct investment, net inflows in reporting economy (DRS, current US$)"
FootNote,ZMB,BX.KLT.DINV.CD.DT,1977 (YR1977),"Source: United Nations Conference on Trade and Development, Foreign Direct Investment Online database.",Zambia,"Foreign direct investment, net inflows in reporting economy (DRS, current US$)"
FootNote,ZMB,BX.KLT.DINV.CD.DT,1975 (YR1975),"Source: United Nations Conference on Trade and Development, Foreign Direct Investment Online database.",Zambia,"Foreign direct investment, net inflows in reporting economy (DRS, current US$)"
FootNote,ZMB,BX.KLT.DINV.CD.DT,1971 (YR1971),"Source: United Nations Conference on Trade and Development, Foreign Direct Investment Online database.",Zambia,"Foreign direct investment, net inflows in reporting economy (DRS, current US$)"
FootNote,ZMB,BX.KLT.DINV.CD.DT,1973 (YR1973),"Source: United Nations Conference on Trade and Development, Foreign Direct Investment Online database.",Zambia,"Foreign direct investment, net inflows in reporting economy (DRS, current US$)"
FootNote,ZMB,BX.KLT.DINV.CD.DT,1974 (YR1974),"Source: United Nations Conference on Trade and Development, Foreign Direct Investment Online database.",Zambia,"Foreign direct investment, net inflows in reporting economy (DRS, current US$)"
FootNote,ZMB,BX.KLT.DINV.CD.DT,1970 (YR1970),"Source: United Nations Conference on Trade and Development, Foreign Direct Investment Online database.",Zambia,"Foreign direct investment, net inflows in reporting economy (DRS, current US$)"
FootNote,ZWE,BX.KLT.DINV.CD.DT,2024 (YR2024),"Source: United Nations Conference on Trade and Development, Foreign Direct Investment Online database.",Zimbabwe,"Foreign direct investment, net inflows in reporting economy (DRS, current US$)"
FootNote,ZWE,BX.TRF.PWKR.CD.DT,2024 (YR2024),"Data on Personal Transfers and Compensation of Employees are prepared by World Bank staff based on IMF's Balance of Payments statistics and data releases from central banks, national statistical agencies, and World Bank country desks.",Zimbabwe,"Personal transfers and compensation of employees, received (current US$)"
FootNote,ZWE,BN.CAB.XOKA.CD,2006 (YR2006),"Source: United Nations Conference on Trade and Development, Balance of Payments Online database.",Zimbabwe,Current account balance (current US$)
FootNote,ZWE,BN.CAB.XOKA.CD,2007 (YR2007),"Source: United Nations Conference on Trade and Development, Balance of Payments Online database.",Zimbabwe,Current account balance (current US$)
FootNote,ZWE,BN.CAB.XOKA.CD,2002 (YR2002),"Source: United Nations Conference on Trade and Development, Balance of Payments Online database.",Zimbabwe,Current account balance (current US$)
FootNote,ZWE,BN.CAB.XOKA.CD,2005 (YR2005),"Source: United Nations Conference on Trade and Development, Balance of Payments Online database.",Zimbabwe,Current account balance (current US$)
FootNote,ZWE,BN.CAB.XOKA.CD,2001 (YR2001),"Source: United Nations Conference on Trade and Development, Balance of Payments Online database.",Zimbabwe,Current account balance (current US$)
FootNote,ZWE,BN.CAB.XOKA.CD,2004 (YR2004),"Source: United Nations Conference on Trade and Development, Balance of Payments Online database.",Zimbabwe,Current account balance (current US$)
FootNote,ZWE,BN.CAB.XOKA.CD,2003 (YR2003),"Source: United Nations Conference on Trade and Development, Balance of Payments Online database.",Zimbabwe,Current account balance (current US$)
FootNote,ZWE,BN.CAB.XOKA.CD,2008 (YR2008),"Source: United Nations Conference on Trade and Development, Balance of Payments Online database.",Zimbabwe,Current account balance (current US$)
FootNote,ZWE,BX.KLT.DINV.CD.DT,2002 (YR2002),"Source: United Nations Conference on Trade and Development, Foreign Direct Investment Online database.",Zimbabwe,"Foreign direct investment, net inflows in reporting economy (DRS, current US$)"
FootNote,ZWE,BX.KLT.DINV.CD.DT,2006 (YR2006),"Source: United Nations Conference on Trade and Development, Foreign Direct Investment Online database.",Zimbabwe,"Foreign direct investment, net inflows in reporting economy (DRS, current US$)"
FootNote,ZWE,BX.KLT.DINV.CD.DT,2008 (YR2008),"Source: United Nations Conference on Trade and Development, Foreign Direct Investment Online database.",Zimbabwe,"Foreign direct investment, net inflows in reporting economy (DRS, current US$)"
FootNote,ZWE,BX.KLT.DINV.CD.DT,2003 (YR2003),"Source: United Nations Conference on Trade and Development, Foreign Direct Investment Online database.",Zimbabwe,"Foreign direct investment, net inflows in reporting economy (DRS, current US$)"
FootNote,ZWE,BX.KLT.DINV.CD.DT,2005 (YR2005),"Source: United Nations Conference on Trade and Development, Foreign Direct Investment Online database.",Zimbabwe,"Foreign direct investment, net inflows in reporting economy (DRS, current US$)"
FootNote,ZWE,BX.KLT.DINV.CD.DT,2001 (YR2001),"Source: United Nations Conference on Trade and Development, Foreign Direct Investment Online database.",Zimbabwe,"Foreign direct investment, net inflows in reporting economy (DRS, current US$)"
FootNote,ZWE,BX.KLT.DINV.CD.DT,2004 (YR2004),"Source: United Nations Conference on Trade and Development, Foreign Direct Investment Online database.",Zimbabwe,"Foreign direct investment, net inflows in reporting economy (DRS, current US$)"
FootNote,ZWE,BX.KLT.DINV.CD.DT,2007 (YR2007),"Source: United Nations Conference on Trade and Development, Foreign Direct Investment Online database.",Zimbabwe,"Foreign direct investment, net inflows in reporting economy (DRS, current US$)"
FootNote,ZWE,BX.KLT.DINV.CD.DT,1995 (YR1995),"Source: United Nations Conference on Trade and Development, Foreign Direct Investment Online database.",Zimbabwe,"Foreign direct investment, net inflows in reporting economy (DRS, current US$)"
FootNote,ZWE,BX.KLT.DINV.CD.DT,1997 (YR1997),"Source: United Nations Conference on Trade and Development, Foreign Direct Investment Online database.",Zimbabwe,"Foreign direct investment, net inflows in reporting economy (DRS, current US$)"
FootNote,ZWE,BN.CAB.XOKA.CD,2000 (YR2000),"Source: United Nations Conference on Trade and Development, Balance of Payments Online database.",Zimbabwe,Current account balance (current US$)
FootNote,ZWE,BX.KLT.DINV.CD.DT,2000 (YR2000),"Source: United Nations Conference on Trade and Development, Foreign Direct Investment Online database.",Zimbabwe,"Foreign direct investment, net inflows in reporting economy (DRS, current US$)"
FootNote,ZWE,BX.KLT.DINV.CD.DT,1999 (YR1999),"Source: United Nations Conference on Trade and Development, Foreign Direct Investment Online database.",Zimbabwe,"Foreign direct investment, net inflows in reporting economy (DRS, current US$)"
FootNote,ZWE,BX.KLT.DINV.CD.DT,1996 (YR1996),"Source: United Nations Conference on Trade and Development, Foreign Direct Investment Online database.",Zimbabwe,"Foreign direct investment, net inflows in reporting economy (DRS, current US$)"
FootNote,ZWE,BX.KLT.DINV.CD.DT,1998 (YR1998),"Source: United Nations Conference on Trade and Development, Foreign Direct Investment Online database.",Zimbabwe,"Foreign direct investment, net inflows in reporting economy (DRS, current US$)"
FootNote,ZWE,BX.KLT.DINV.CD.DT,1972 (YR1972),"Source: United Nations Conference on Trade and Development, Foreign Direct Investment Online database.",Zimbabwe,"Foreign direct investment, net inflows in reporting economy (DRS, current US$)"
FootNote,ZWE,BX.KLT.DINV.CD.DT,1975 (YR1975),"Source: United Nations Conference on Trade and Development, Foreign Direct Investment Online database.",Zimbabwe,"Foreign direct investment, net inflows in reporting economy (DRS, current US$)"
FootNote,ZWE,BX.KLT.DINV.CD.DT,1974 (YR1974),"Source: United Nations Conference on Trade and Development, Foreign Direct Investment Online database.",Zimbabwe,"Foreign direct investment, net inflows in reporting economy (DRS, current US$)"
FootNote,ZWE,BX.KLT.DINV.CD.DT,1970 (YR1970),"Source: United Nations Conference on Trade and Development, Foreign Direct Investment Online database.",Zimbabwe,"Foreign direct investment, net inflows in reporting economy (DRS, current US$)"
FootNote,ZWE,BX.KLT.DINV.CD.DT,1973 (YR1973),"Source: United Nations Conference on Trade and Development, Foreign Direct Investment Online database.",Zimbabwe,"Foreign direct investment, net inflows in reporting economy (DRS, current US$)"
FootNote,ZWE,BX.KLT.DINV.CD.DT,1971 (YR1971),"Source: United Nations Conference on Trade and Development, Foreign Direct Investment Online database.",Zimbabwe,"Foreign direct investment, net inflows in reporting economy (DRS, current US$)"
FootNote,ZWE,BX.KLT.DINV.CD.DT,1976 (YR1976),"Source: United Nations Conference on Trade and Development, Foreign Direct Investment Online database.",Zimbabwe,"Foreign direct investment, net inflows in reporting economy (DRS, current US$)"
